H_over_B,B_over_H,H,B,q,R_int,gamma,Su,sf_lower,sf_upper,fs_optum_avg,fs_terzaghi_resistance,fs_terzaghi_net_pressure,Nc,fs_bjerrum
1.5,0.6666666666666666,6.0,4.0,0.0,1.0,16.0,5.0,0.359,0.401,0.38,0.40736043456039805,0.333749453392349,6.31,0.3286458333333333
1.5,0.6666666666666666,6.0,4.0,0.0,1.0,16.0,10.0,0.717,0.802,0.7595000000000001,0.8147208691207961,0.7621666205600042,6.31,0.6572916666666666
1.5,0.6666666666666666,6.0,4.0,0.0,1.0,16.0,20.0,1.435,1.603,1.5190000000000001,1.6294417382415922,2.127914021482738,6.31,1.3145833333333332
1.5,0.6666666666666666,6.0,4.0,0.0,1.0,16.0,40.0,2.869,3.207,3.0380000000000003,3.2588834764831844,20.453592030388865,6.31,2.6291666666666664
1.5,0.6666666666666666,6.0,4.0,0.0,1.0,18.0,5.0,0.319,0.356,0.3375,0.36209816405368717,0.29262763701313677,6.31,0.29212962962962963
1.5,0.6666666666666666,6.0,4.0,0.0,1.0,18.0,10.0,0.637,0.712,0.6745,0.7241963281073743,0.6567819329257175,6.31,0.5842592592592593
1.5,0.6666666666666666,6.0,4.0,0.0,1.0,18.0,20.0,1.275,1.423,1.349,1.4483926562147487,1.7385047022826425,6.31,1.1685185185185185
1.5,0.6666666666666666,6.0,4.0,0.0,1.0,18.0,40.0,2.55,2.846,2.698,2.8967853124294973,9.850009304046583,6.31,2.337037037037037
1.5,0.6666666666666666,6.0,4.0,0.0,1.0,20.0,5.0,0.283,0.32,0.3015,0.3258883476483184,0.2605276044764479,6.31,0.26291666666666663
1.5,0.6666666666666666,6.0,4.0,0.0,1.0,20.0,10.0,0.568,0.641,0.6045,0.6517766952966368,0.5770001860809316,6.31,0.5258333333333333
1.5,0.6666666666666666,6.0,4.0,0.0,1.0,20.0,20.0,1.133,1.281,1.2069999999999999,1.3035533905932737,1.4695722526441257,6.31,1.0516666666666665
1.5,0.6666666666666666,6.0,4.0,0.0,1.0,20.0,40.0,2.266,2.563,2.4145000000000003,2.6071067811865474,6.487005768508881,6.31,2.103333333333333
1.5,0.6666666666666666,6.0,4.0,10.0,1.0,16.0,5.0,0.328,0.363,0.34550000000000003,0.3689302048848888,0.2987628128698026,6.31,0.2976415094339622
1.5,0.6666666666666666,6.0,4.0,10.0,1.0,16.0,10.0,0.656,0.726,0.6910000000000001,0.7378604097697776,0.6722744850573888,6.31,0.5952830188679245
1.5,0.6666666666666666,6.0,4.0,10.0,1.0,16.0,20.0,1.311,1.451,1.381,1.4757208195395553,1.7931973699995745,6.31,1.190566037735849
1.5,0.6666666666666666,6.0,4.0,10.0,1.0,16.0,40.0,2.622,2.902,2.762,2.9514416390791105,10.781576197538143,6.31,2.381132075471698
1.5,0.6666666666666666,6.0,4.0,10.0,1.0,18.0,5.0,0.292,0.325,0.3085,0.3314118789643916,0.2653794409700068,6.31,0.2673728813559322
1.5,0.6666666666666666,6.0,4.0,10.0,1.0,18.0,10.0,0.584,0.65,0.617,0.6628237579287832,0.5889233038317497,6.31,0.5347457627118644
1.5,0.6666666666666666,6.0,4.0,10.0,1.0,18.0,20.0,1.167,1.301,1.234,1.3256475158575665,1.5084634100392598,6.31,1.0694915254237287
1.5,0.6666666666666666,6.0,4.0,10.0,1.0,18.0,40.0,2.335,2.601,2.468,2.651295031715133,6.8784118877549,6.31,2.1389830508474574
1.5,0.6666666666666666,6.0,4.0,10.0,1.0,20.0,5.0,0.265,0.297,0.281,0.3008200132138324,0.23870666561174975,6.31,0.24269230769230768
1.5,0.6666666666666666,6.0,4.0,10.0,1.0,20.0,10.0,0.53,0.593,0.5615,0.6016400264276648,0.5239606441233432,6.31,0.48538461538461536
1.5,0.6666666666666666,6.0,4.0,10.0,1.0,20.0,20.0,1.06,1.186,1.123,1.2032800528553296,1.3017622770407937,6.31,0.9707692307692307
1.5,0.6666666666666666,6.0,4.0,10.0,1.0,20.0,40.0,2.119,2.373,2.2460000000000004,2.406560105710659,5.050148611676695,6.31,1.9415384615384614
1.0,1.0,6.0,6.0,0.0,1.0,16.0,5.0,0.337,0.375,0.356,0.3705319563735987,0.3204806276061713,6.01,0.3130208333333333
1.0,1.0,6.0,6.0,0.0,1.0,16.0,10.0,0.675,0.75,0.7125,0.7410639127471974,0.6963289408332591,6.01,0.6260416666666666
1.0,1.0,6.0,6.0,0.0,1.0,16.0,20.0,1.35,1.501,1.4255,1.4821278254943948,1.6835084270687568,6.01,1.2520833333333332
1.0,1.0,6.0,6.0,0.0,1.0,16.0,40.0,2.699,3.002,2.8505,2.9642556509887896,5.782185453597512,6.01,2.5041666666666664
1.0,1.0,6.0,6.0,0.0,1.0,18.0,5.0,0.297,0.334,0.3155,0.3293617389987544,0.2823769099912318,6.01,0.27824074074074073
1.0,1.0,6.0,6.0,0.0,1.0,18.0,10.0,0.591,0.668,0.6295,0.6587234779975089,0.6073012674941263,6.01,0.5564814814814815
1.0,1.0,6.0,6.0,0.0,1.0,18.0,20.0,1.183,1.335,1.259,1.3174469559950177,1.4300816386423654,6.01,1.112962962962963
1.0,1.0,6.0,6.0,0.0,1.0,18.0,40.0,2.366,2.67,2.518,2.6348939119900354,4.433084556810329,6.01,2.225925925925926
1.0,1.0,6.0,6.0,0.0,1.0,20.0,5.0,0.265,0.3,0.2825,0.29642556509887896,0.25237111028837395,6.01,0.2504166666666666
1.0,1.0,6.0,6.0,0.0,1.0,20.0,10.0,0.529,0.599,0.5640000000000001,0.5928511301977579,0.5384578683487792,6.01,0.5008333333333332
1.0,1.0,6.0,6.0,0.0,1.0,20.0,20.0,1.058,1.199,1.1285,1.1857022603955159,1.242971097221372,6.01,1.0016666666666665
1.0,1.0,6.0,6.0,0.0,1.0,20.0,40.0,2.117,2.397,2.2569999999999997,2.3714045207910317,3.5944310436466633,6.01,2.003333333333333
1.0,1.0,6.0,6.0,10.0,1.0,16.0,5.0,0.305,0.34,0.3225,0.33557611143269317,0.28808559204703793,6.01,0.2834905660377358
1.0,1.0,6.0,6.0,10.0,1.0,16.0,10.0,0.609,0.681,0.645,0.6711522228653863,0.6205238972954571,6.01,0.5669811320754716
1.0,1.0,6.0,6.0,10.0,1.0,16.0,20.0,1.218,1.361,1.2894999999999999,1.3423044457307727,1.4668845268503887,6.01,1.1339622641509433
1.0,1.0,6.0,6.0,10.0,1.0,16.0,40.0,2.436,2.722,2.5789999999999997,2.6846088914615454,4.612447447591168,6.01,2.2679245283018865
1.0,1.0,6.0,6.0,10.0,1.0,18.0,5.0,0.272,0.305,0.2885,0.30144972721919894,0.2569212507307313,6.01,0.2546610169491525
1.0,1.0,6.0,6.0,10.0,1.0,18.0,10.0,0.543,0.61,0.5765,0.6028994544383979,0.5488269987286989,6.01,0.509322033898305
1.0,1.0,6.0,6.0,10.0,1.0,18.0,20.0,1.087,1.221,1.154,1.2057989088767957,1.270680198278776,6.01,1.01864406779661
1.0,1.0,6.0,6.0,10.0,1.0,18.0,40.0,2.173,2.442,2.3075,2.4115978177535915,3.711453533088645,6.01,2.03728813559322
1.0,1.0,6.0,6.0,10.0,1.0,20.0,5.0,0.248,0.277,0.2625,0.2736235985528114,0.23184127196665674,6.01,0.23115384615384613
1.0,1.0,6.0,6.0,10.0,1.0,20.0,10.0,0.496,0.554,0.525,0.5472471971056228,0.49198213955405173,6.01,0.46230769230769225
1.0,1.0,6.0,6.0,10.0,1.0,20.0,20.0,0.991,1.108,1.0495,1.0944943942112455,1.1207706162863762,6.01,0.9246153846153845
1.0,1.0,6.0,6.0,10.0,1.0,20.0,40.0,1.982,2.215,2.0985,2.188988788422491,3.1049363276527466,6.01,1.849230769230769
0.75,1.3333333333333333,6.0,8.0,0.0,1.0,16.0,5.0,0.322,0.358,0.33999999999999997,0.352117717280199,0.3142341482093111,5.82625,0.30345052083333335
0.75,1.3333333333333333,6.0,8.0,0.0,1.0,16.0,10.0,0.645,0.716,0.6805,0.704235434560398,0.667498906784698,5.82625,0.6069010416666667
0.75,1.3333333333333333,6.0,8.0,0.0,1.0,16.0,20.0,1.273,1.431,1.3519999999999999,1.408470869120796,1.5243332411200083,5.82625,1.2138020833333334
0.75,1.3333333333333333,6.0,8.0,0.0,1.0,16.0,40.0,2.578,2.862,2.7199999999999998,2.816941738241592,4.255828042965476,5.82625,2.427604166666667
0.75,1.3333333333333333,6.0,8.0,0.0,1.0,18.0,5.0,0.283,0.319,0.301,0.31299352647128803,0.2775162224137527,5.82625,0.2697337962962963
0.75,1.3333333333333333,6.0,8.0,0.0,1.0,18.0,10.0,0.566,0.638,0.602,0.6259870529425761,0.5852552740262735,5.82625,0.5394675925925926
0.75,1.3333333333333333,6.0,8.0,0.0,1.0,18.0,20.0,1.132,1.273,1.2025,1.2519741058851521,1.313563865851435,5.82625,1.0789351851851852
0.75,1.3333333333333333,6.0,8.0,0.0,1.0,18.0,40.0,2.263,2.551,2.407,2.5039482117703042,3.477009404565285,5.82625,2.1578703703703703
0.75,1.3333333333333333,6.0,8.0,0.0,1.0,20.0,5.0,0.254,0.287,0.27049999999999996,0.28169417382415923,0.24848143157929112,5.82625,0.24276041666666667
0.75,1.3333333333333333,6.0,8.0,0.0,1.0,20.0,10.0,0.509,0.573,0.5409999999999999,0.5633883476483185,0.5210552089528958,5.82625,0.48552083333333335
0.75,1.3333333333333333,6.0,8.0,0.0,1.0,20.0,20.0,1.018,1.146,1.0819999999999999,1.126776695296637,1.1540003721618632,5.82625,0.9710416666666667
0.75,1.3333333333333333,6.0,8.0,0.0,1.0,20.0,40.0,2.036,2.293,2.1645000000000003,2.253553390593274,2.9391445052882514,5.82625,1.9420833333333334
0.75,1.3333333333333333,6.0,8.0,10.0,1.0,16.0,5.0,0.29,0.325,0.3075,0.31889906470659535,0.28302814534232623,5.82625,0.2748231132075472
0.75,1.3333333333333333,6.0,8.0,10.0,1.0,16.0,10.0,0.587,0.649,0.618,0.6377981294131907,0.5975256257396052,5.82625,0.5496462264150944
0.75,1.3333333333333333,6.0,8.0,10.0,1.0,16.0,20.0,1.17,1.299,1.2345,1.2755962588263814,1.3445489701147777,5.82625,1.0992924528301888
0.75,1.3333333333333333,6.0,8.0,10.0,1.0,16.0,40.0,2.336,2.597,2.4665,2.551192517652763,3.586394739999149,5.82625,2.1985849056603777
0.75,1.3333333333333333,6.0,8.0,10.0,1.0,18.0,5.0,0.26,0.292,0.276,0.2864686513466026,0.25289116910440146,5.82625,0.246875
0.75,1.3333333333333333,6.0,8.0,10.0,1.0,18.0,10.0,0.518,0.583,0.5505,0.5729373026932052,0.5307588819400136,5.82625,0.49375
0.75,1.3333333333333333,6.0,8.0,10.0,1.0,18.0,20.0,1.04,1.166,1.103,1.1458746053864104,1.1778466076634995,5.82625,0.9875
0.75,1.3333333333333333,6.0,8.0,10.0,1.0,18.0,40.0,2.08,2.333,2.2065,2.291749210772821,3.0169268200785195,5.82625,1.975
0.75,1.3333333333333333,6.0,8.0,10.0,1.0,20.0,5.0,0.237,0.265,0.251,0.26002539122230084,0.22855456637028335,5.82625,0.22408653846153848
0.75,1.3333333333333333,6.0,8.0,10.0,1.0,20.0,10.0,0.473,0.53,0.5015000000000001,0.5200507824446017,0.4774133312234995,5.82625,0.44817307692307695
0.75,1.3333333333333333,6.0,8.0,10.0,1.0,20.0,20.0,0.946,1.059,1.0025,1.0401015648892034,1.0479212882466864,5.82625,0.8963461538461539
0.75,1.3333333333333333,6.0,8.0,10.0,1.0,20.0,40.0,1.892,2.118,2.005,2.0802031297784067,2.6035245540815874,5.82625,1.7926923076923078
0.6,1.6666666666666667,6.0,10.0,0.0,1.0,16.0,5.0,0.31,0.347,0.3285,0.3410691738241592,0.31060178947411393,5.7052,0.2971458333333333
0.6,1.6666666666666667,6.0,10.0,0.0,1.0,16.0,10.0,0.621,0.694,0.6575,0.6821383476483184,0.6513190111911197,5.7052,0.5942916666666666
0.6,1.6666666666666667,6.0,10.0,0.0,1.0,16.0,20.0,1.241,1.388,1.3145,1.3642766952966368,1.442500465202329,5.7052,1.188583333333333
0.6,1.6666666666666667,6.0,10.0,0.0,1.0,16.0,40.0,2.477,2.776,2.6265,2.7285533905932735,3.6739306316103146,5.7052,2.377166666666666
0.6,1.6666666666666667,6.0,10.0,0.0,1.0,18.0,5.0,0.278,0.31,0.29400000000000004,0.3031725989548082,0.2746793113157221,5.7052,0.2641296296296296
0.6,1.6666666666666667,6.0,10.0,0.0,1.0,18.0,10.0,0.556,0.62,0.5880000000000001,0.6063451979096164,0.5727795926787093,5.7052,0.5282592592592592
0.6,1.6666666666666667,6.0,10.0,0.0,1.0,18.0,20.0,1.112,1.24,1.1760000000000002,1.2126903958192328,1.2523421372473975,5.7052,1.0565185185185184
0.6,1.6666666666666667,6.0,10.0,0.0,1.0,18.0,40.0,2.224,2.481,2.3525,2.4253807916384655,3.0786317173996935,5.7052,2.113037037037037
0.6,1.6666666666666667,6.0,10.0,0.0,1.0,20.0,5.0,0.248,0.279,0.2635,0.27285533905932735,0.24620464883763732,5.7052,0.23771666666666663
0.6,1.6666666666666667,6.0,10.0,0.0,1.0,20.0,10.0,0.501,0.555,0.528,0.5457106781186547,0.5111432885491065,5.7052,0.47543333333333326
0.6,1.6666666666666667,6.0,10.0,0.0,1.0,20.0,20.0,1.002,1.111,1.0565,1.0914213562373094,1.1064798861484122,5.7052,0.9508666666666665
0.6,1.6666666666666667,6.0,10.0,0.0,1.0,20.0,40.0,1.986,2.233,2.1095,2.182842712474619,2.6493490801106265,5.7052,1.901733333333333
0.6,1.6666666666666667,6.0,10.0,10.0,1.0,16.0,5.0,0.283,0.316,0.2995,0.30889283667093664,0.28007802278328575,5.7052,0.2691132075471698
0.6,1.6666666666666667,6.0,10.0,10.0,1.0,16.0,10.0,0.565,0.631,0.598,0.6177856733418733,0.584527144243246,5.7052,0.5382264150943395
0.6,1.6666666666666667,6.0,10.0,10.0,1.0,16.0,20.0,1.13,1.263,1.1965,1.2355713466837466,1.2804753519662397,5.7052,1.076452830188679
0.6,1.6666666666666667,6.0,10.0,10.0,1.0,16.0,40.0,2.26,2.526,2.393,2.471142693367493,3.1640793944174512,5.7052,2.152905660377358
0.6,1.6666666666666667,6.0,10.0,10.0,1.0,18.0,5.0,0.254,0.284,0.269,0.2774800058230448,0.2505332417361498,5.7052,0.24174576271186438
0.6,1.6666666666666667,6.0,10.0,10.0,1.0,18.0,10.0,0.507,0.567,0.5369999999999999,0.5549600116460895,0.5204779842861391,5.7052,0.48349152542372875
0.6,1.6666666666666667,6.0,10.0,10.0,1.0,18.0,20.0,1.021,1.134,1.0775,1.109920023292179,1.1283839948171306,5.7052,0.9669830508474575
0.6,1.6666666666666667,6.0,10.0,10.0,1.0,18.0,40.0,2.027,2.268,2.1475,2.219840046584358,2.7123846393129956,5.7052,1.933966101694915
0.6,1.6666666666666667,6.0,10.0,10.0,1.0,20.0,5.0,0.231,0.258,0.2445,0.2518664668239945,0.22662689607765074,5.7052,0.2194307692307692
0.6,1.6666666666666667,6.0,10.0,10.0,1.0,20.0,10.0,0.459,0.515,0.487,0.503732933647989,0.4690789777948418,5.7052,0.4388615384615384
0.6,1.6666666666666667,6.0,10.0,10.0,1.0,20.0,20.0,0.915,1.031,0.973,1.007465867295978,1.0085868139493375,5.7052,0.8777230769230768
0.6,1.6666666666666667,6.0,10.0,10.0,1.0,20.0,40.0,1.842,2.062,1.952,2.014931734591956,2.3735443620336283,5.7052,1.7554461538461537
0.5,2.0,6.0,12.0,0.0,1.0,16.0,5.0,0.306,0.339,0.3225,0.33370347818679935,0.30822651342631424,5.62,0.29270833333333335
0.5,2.0,6.0,12.0,0.0,1.0,16.0,10.0,0.607,0.677,0.642,0.6674069563735987,0.6409612552123426,5.62,0.5854166666666667
0.5,2.0,6.0,12.0,0.0,1.0,16.0,20.0,1.232,1.355,1.2934999999999999,1.3348139127471974,1.3926578816665183,5.62,1.1708333333333334
0.5,2.0,6.0,12.0,0.0,1.0,16.0,40.0,2.423,2.71,2.5665,2.669627825494395,3.3670168541375136,5.62,2.341666666666667
0.5,2.0,6.0,12.0,0.0,1.0,18.0,5.0,0.272,0.301,0.2865,0.29662531394382163,0.2728200417387532,5.62,0.2601851851851852
0.5,2.0,6.0,12.0,0.0,1.0,18.0,10.0,0.538,0.603,0.5705,0.5932506278876433,0.5647538199824635,5.62,0.5203703703703704
0.5,2.0,6.0,12.0,0.0,1.0,18.0,20.0,1.082,1.206,1.1440000000000001,1.1865012557752865,1.2146025349882525,5.62,1.0407407407407407
0.5,2.0,6.0,12.0,0.0,1.0,18.0,40.0,2.16,2.411,2.2855,2.373002511550573,2.8601632772847307,5.62,2.0814814814814815
0.5,2.0,6.0,12.0,0.0,1.0,20.0,5.0,0.247,0.272,0.2595,0.2669627825494395,0.2447098325851665,5.62,0.2341666666666667
0.5,2.0,6.0,12.0,0.0,1.0,20.0,10.0,0.482,0.543,0.5125,0.533925565098879,0.5047422205767479,5.62,0.4683333333333334
0.5,2.0,6.0,12.0,0.0,1.0,20.0,20.0,0.985,1.084,1.0345,1.067851130197758,1.0769157366975584,5.62,0.9366666666666668
0.5,2.0,6.0,12.0,0.0,1.0,20.0,40.0,1.931,2.17,2.0505,2.135702260395516,2.485942194442744,5.62,1.8733333333333335
0.5,2.0,6.0,12.0,10.0,1.0,16.0,5.0,0.277,0.307,0.29200000000000004,0.3022220179804975,0.27814520571293117,5.62,0.2650943396226415
0.5,2.0,6.0,12.0,10.0,1.0,16.0,10.0,0.553,0.615,0.5840000000000001,0.604444035960995,0.5761711840940759,5.62,0.530188679245283
0.5,2.0,6.0,12.0,10.0,1.0,16.0,20.0,1.107,1.23,1.1684999999999999,1.20888807192199,1.2410477945909142,5.62,1.060377358490566
0.5,2.0,6.0,12.0,10.0,1.0,16.0,40.0,2.213,2.46,2.3365,2.41777614384398,2.9337690537007775,5.62,2.120754716981132
0.5,2.0,6.0,12.0,10.0,1.0,18.0,5.0,0.251,0.276,0.2635,0.27148757547400626,0.24898556707178113,5.62,0.238135593220339
0.5,2.0,6.0,12.0,10.0,1.0,18.0,10.0,0.502,0.552,0.527,0.5429751509480125,0.5138425014614626,5.62,0.476271186440678
0.5,2.0,6.0,12.0,10.0,1.0,18.0,20.0,1.005,1.103,1.0539999999999998,1.085950301896025,1.0976539974573978,5.62,0.952542372881356
0.5,2.0,6.0,12.0,10.0,1.0,18.0,40.0,2.009,2.206,2.1075,2.17190060379205,2.541360396557552,5.62,1.905084745762712
0.5,2.0,6.0,12.0,10.0,1.0,20.0,5.0,0.227,0.25,0.2385,0.2464271838917903,0.22535974634013814,5.62,0.21615384615384617
0.5,2.0,6.0,12.0,10.0,1.0,20.0,10.0,0.453,0.503,0.478,0.4928543677835806,0.4636825439333135,5.62,0.43230769230769234
0.5,2.0,6.0,12.0,10.0,1.0,20.0,20.0,0.906,1.005,0.9555,0.9857087355671612,0.9839642791081035,5.62,0.8646153846153847
0.5,2.0,6.0,12.0,10.0,1.0,20.0,40.0,1.813,2.01,1.9114999999999998,1.9714174711343224,2.2415412325727524,5.62,1.7292307692307693
0.42857142857142855,2.3333333333333335,6.0,14.0,0.0,1.0,16.0,5.0,0.301,0.332,0.3165,0.3284422670172566,0.3065520091267816,5.556938775510204,0.28942389455782314
0.42857142857142855,2.3333333333333335,6.0,14.0,0.0,1.0,16.0,10.0,0.603,0.663,0.633,0.6568845340345132,0.6337622866567195,5.556938775510204,0.5788477891156463
0.42857142857142855,2.3333333333333335,6.0,14.0,0.0,1.0,16.0,20.0,1.206,1.326,1.266,1.3137690680690264,1.3591140665875094,5.556938775510204,1.1576955782312925
0.42857142857142855,2.3333333333333335,6.0,14.0,0.0,1.0,16.0,40.0,2.411,2.653,2.532,2.6275381361380528,3.177419631456477,5.556938775510204,2.315391156462585
0.42857142857142855,2.3333333333333335,6.0,14.0,0.0,1.0,18.0,5.0,0.269,0.295,0.28200000000000003,0.29194868179311695,0.27150732829276414,5.556938775510204,0.2572656840513983
0.42857142857142855,2.3333333333333335,6.0,14.0,0.0,1.0,18.0,10.0,0.538,0.59,0.5640000000000001,0.5838973635862339,0.559157463003226,5.556938775510204,0.5145313681027966
0.42857142857142855,2.3333333333333335,6.0,14.0,0.0,1.0,18.0,20.0,1.076,1.18,1.1280000000000001,1.1677947271724678,1.1890089332710012,5.556938775510204,1.0290627362055933
0.42857142857142855,2.3333333333333335,6.0,14.0,0.0,1.0,18.0,40.0,2.152,2.36,2.2560000000000002,2.3355894543449356,2.7221820212141723,5.556938775510204,2.0581254724111866
0.42857142857142855,2.3333333333333335,6.0,14.0,0.0,1.0,20.0,5.0,0.242,0.266,0.254,0.2627538136138053,0.24365317178671417,5.556938775510204,0.2315391156462585
0.42857142857142855,2.3333333333333335,6.0,14.0,0.0,1.0,20.0,10.0,0.483,0.531,0.507,0.5255076272276106,0.5002673150633787,5.556938775510204,0.463078231292517
0.42857142857142855,2.3333333333333335,6.0,14.0,0.0,1.0,20.0,20.0,0.954,1.063,1.0085,1.0510152544552211,1.0567476308224852,5.556938775510204,0.926156462585034
0.42857142857142855,2.3333333333333335,6.0,14.0,0.0,1.0,20.0,40.0,1.935,2.125,2.0300000000000002,2.1020305089104423,2.3810434123311097,5.556938775510204,1.852312925170068
0.42857142857142855,2.3333333333333335,6.0,14.0,10.0,1.0,16.0,5.0,0.277,0.301,0.28900000000000003,0.2974571474873267,0.2767808746648904,5.556938775510204,0.26211975356180206
0.42857142857142855,2.3333333333333335,6.0,14.0,10.0,1.0,16.0,10.0,0.553,0.601,0.577,0.5949142949746534,0.570347428660783,5.556938775510204,0.5242395071236041
0.42857142857142855,2.3333333333333335,6.0,14.0,10.0,1.0,16.0,20.0,1.106,1.202,1.154,1.1898285899493068,1.2143398262792966,5.556938775510204,1.0484790142472082
0.42857142857142855,2.3333333333333335,6.0,14.0,10.0,1.0,16.0,40.0,2.213,2.405,2.309,2.3796571798986137,2.7887745828874646,5.556938775510204,2.0969580284944165
0.42857142857142855,2.3333333333333335,6.0,14.0,10.0,1.0,18.0,5.0,0.244,0.27,0.257,0.26720726808183587,0.24789174083329396,5.556938775510204,0.23546350743687305
0.42857142857142855,2.3333333333333335,6.0,14.0,10.0,1.0,18.0,10.0,0.487,0.54,0.5135000000000001,0.5344145361636717,0.5092055213433038,5.556938775510204,0.4709270148737461
0.42857142857142855,2.3333333333333335,6.0,14.0,10.0,1.0,18.0,20.0,0.974,1.079,1.0265,1.0688290723273435,1.0767092080986789,5.556938775510204,0.9418540297474922
0.42857142857142855,2.3333333333333335,6.0,14.0,10.0,1.0,18.0,40.0,1.949,2.159,2.054,2.137658144654687,2.4318355708024395,5.556938775510204,1.8837080594949844
0.42857142857142855,2.3333333333333335,6.0,14.0,10.0,1.0,20.0,5.0,0.223,0.245,0.23399999999999999,0.2425419817973587,0.2244632804753235,5.556938775510204,0.21372841444270016
0.42857142857142855,2.3333333333333335,6.0,14.0,10.0,1.0,20.0,10.0,0.439,0.49,0.4645,0.4850839635947174,0.45990334786591547,5.556938775510204,0.4274568288854003
0.42857142857142855,2.3333333333333335,6.0,14.0,10.0,1.0,20.0,20.0,0.88,0.98,0.9299999999999999,0.9701679271894348,0.9671001892635203,5.556938775510204,0.8549136577708006
0.42857142857142855,2.3333333333333335,6.0,14.0,10.0,1.0,20.0,40.0,1.779,1.96,1.8695,1.9403358543788696,2.155899138578375,5.556938775510204,1.7098273155416013
0.375,2.6666666666666665,6.0,16.0,0.0,1.0,16.0,5.0,0.293,0.326,0.3095,0.3244963586400995,0.30530802238191024,5.508437499999999,0.2868977864583333
0.375,2.6666666666666665,6.0,16.0,0.0,1.0,16.0,10.0,0.587,0.653,0.62,0.648992717280199,0.6284682964186222,5.508437499999999,0.5737955729166666
0.375,2.6666666666666665,6.0,16.0,0.0,1.0,16.0,20.0,1.174,1.306,1.24,1.297985434560398,1.334997813569396,5.508437499999999,1.1475911458333332
0.375,2.6666666666666665,6.0,16.0,0.0,1.0,16.0,40.0,2.347,2.612,2.4795,2.595970869120796,3.0486664822400167,5.508437499999999,2.2951822916666664
0.375,2.6666666666666665,6.0,16.0,0.0,1.0,18.0,5.0,0.264,0.29,0.277,0.28844120768008846,0.2705310535587832,5.508437499999999,0.25502025462962963
0.375,2.6666666666666665,6.0,16.0,0.0,1.0,18.0,10.0,0.528,0.58,0.554,0.5768824153601769,0.5550324448275054,5.508437499999999,0.5100405092592593
0.375,2.6666666666666665,6.0,16.0,0.0,1.0,18.0,20.0,1.056,1.161,1.1085,1.1537648307203539,1.170510548052547,5.508437499999999,1.0200810185185185
0.375,2.6666666666666665,6.0,16.0,0.0,1.0,18.0,40.0,2.113,2.321,2.217,2.3075296614407077,2.62712773170287,5.508437499999999,2.040162037037037
0.375,2.6666666666666665,6.0,16.0,0.0,1.0,20.0,5.0,0.243,0.261,0.252,0.2595970869120796,0.24286664537080385,5.508437499999999,0.22951822916666664
0.375,2.6666666666666665,6.0,16.0,0.0,1.0,20.0,10.0,0.485,0.522,0.5035000000000001,0.5191941738241592,0.49696286315858224,5.508437499999999,0.4590364583333333
0.375,2.6666666666666665,6.0,16.0,0.0,1.0,20.0,20.0,0.97,1.045,1.0074999999999998,1.0383883476483184,1.0421104179057916,5.508437499999999,0.9180729166666666
0.375,2.6666666666666665,6.0,16.0,0.0,1.0,20.0,40.0,1.942,2.089,2.0155,2.076776695296637,2.3080007443237265,5.508437499999999,1.8361458333333331
0.375,2.6666666666666665,6.0,16.0,10.0,1.0,16.0,5.0,0.269,0.296,0.2825,0.2938834946174486,0.27576637767731893,5.508437499999999,0.2598319575471698
0.375,2.6666666666666665,6.0,16.0,10.0,1.0,16.0,10.0,0.537,0.591,0.5640000000000001,0.5877669892348972,0.5660562906846525,5.508437499999999,0.5196639150943396
0.375,2.6666666666666665,6.0,16.0,10.0,1.0,16.0,20.0,1.074,1.182,1.1280000000000001,1.1755339784697945,1.1950512514792104,5.508437499999999,1.0393278301886792
0.375,2.6666666666666665,6.0,16.0,10.0,1.0,16.0,40.0,2.148,2.365,2.2565,2.351067956939589,2.6890979402295554,5.508437499999999,2.0786556603773585
0.375,2.6666666666666665,6.0,16.0,10.0,1.0,18.0,5.0,0.247,0.266,0.2565,0.2639970375377081,0.24707765742732676,5.508437499999999,0.23340836864406778
0.375,2.6666666666666665,6.0,16.0,10.0,1.0,18.0,10.0,0.493,0.531,0.512,0.5279940750754162,0.5057823382088029,5.508437499999999,0.46681673728813555
0.375,2.6666666666666665,6.0,16.0,10.0,1.0,18.0,20.0,0.987,1.063,1.025,1.0559881501508324,1.0615177638800273,5.508437499999999,0.9336334745762711
0.375,2.6666666666666665,6.0,16.0,10.0,1.0,18.0,40.0,1.976,2.125,2.0505,2.1119763003016647,2.355693215326999,5.508437499999999,1.8672669491525422
0.375,2.6666666666666665,6.0,16.0,10.0,1.0,20.0,5.0,0.224,0.241,0.23249999999999998,0.23962808022653503,0.22379559763521803,5.508437499999999,0.21186298076923074
0.375,2.6666666666666665,6.0,16.0,10.0,1.0,20.0,10.0,0.449,0.482,0.4655,0.47925616045307007,0.4571091327405667,5.508437499999999,0.4237259615384615
0.375,2.6666666666666665,6.0,16.0,10.0,1.0,20.0,20.0,0.898,0.965,0.9315,0.9585123209061401,0.954826662446999,5.508437499999999,0.847451923076923
0.375,2.6666666666666665,6.0,16.0,10.0,1.0,20.0,40.0,1.794,1.93,1.862,1.9170246418122803,2.095842576493373,5.508437499999999,1.694903846153846
0.3333333333333333,3.0,6.0,18.0,0.0,1.0,16.0,5.0,0.299,0.323,0.311,0.32142731879119957,0.3043474352536311,5.47,0.2848958333333333
0.3333333333333333,3.0,6.0,18.0,0.0,1.0,16.0,10.0,0.598,0.646,0.622,0.6428546375823991,0.6244115004309435,5.47,0.5697916666666666
0.3333333333333333,3.0,6.0,18.0,0.0,1.0,16.0,20.0,1.2,1.293,1.2465,1.2857092751647983,1.3168243665591153,5.47,1.1395833333333332
0.3333333333333333,3.0,6.0,18.0,0.0,1.0,16.0,40.0,2.391,2.586,2.4885,2.5714185503295965,2.955518698165729,5.47,2.2791666666666663
0.3333333333333333,3.0,6.0,18.0,0.0,1.0,18.0,5.0,0.267,0.287,0.277,0.2857131722588441,0.26977656918127535,5.47,0.2532407407407407
0.3333333333333333,3.0,6.0,18.0,0.0,1.0,18.0,10.0,0.535,0.574,0.5545,0.5714263445176881,0.5518659348673168,5.47,0.5064814814814814
0.3333333333333333,3.0,6.0,18.0,0.0,1.0,18.0,20.0,1.069,1.148,1.1084999999999998,1.1428526890353763,1.1565160955175084,5.47,1.0129629629629628
0.3333333333333333,3.0,6.0,18.0,0.0,1.0,18.0,40.0,2.138,2.296,2.2169999999999996,2.2857053780707526,2.5576647054956756,5.47,2.0259259259259257
0.3333333333333333,3.0,6.0,18.0,0.0,1.0,20.0,5.0,0.24,0.258,0.249,0.25714185503295967,0.24225840446093785,5.47,0.22791666666666666
0.3333333333333333,3.0,6.0,18.0,0.0,1.0,20.0,10.0,0.481,0.516,0.4985,0.5142837100659193,0.4944227603682998,5.47,0.4558333333333333
0.3333333333333333,3.0,6.0,18.0,0.0,1.0,20.0,20.0,0.961,1.033,0.9969999999999999,1.0285674201318387,1.0310032668216769,5.47,0.9116666666666666
0.3333333333333333,3.0,6.0,18.0,0.0,1.0,20.0,40.0,1.923,2.066,1.9945,2.0571348402636773,2.2542158470453155,5.47,1.8233333333333333
0.3333333333333333,3.0,6.0,18.0,10.0,1.0,16.0,5.0,0.271,0.293,0.28200000000000003,0.2911039868297656,0.2749824514505659,5.47,0.2580188679245283
0.3333333333333333,3.0,6.0,18.0,10.0,1.0,16.0,10.0,0.542,0.585,0.5635,0.5822079736595313,0.562763120681483,5.47,0.5160377358490565
0.3333333333333333,3.0,6.0,18.0,10.0,1.0,16.0,20.0,1.085,1.17,1.1275,1.1644159473190625,1.1804674929890353,5.47,1.032075471698113
0.3333333333333333,3.0,6.0,18.0,10.0,1.0,16.0,40.0,2.169,2.341,2.255,2.328831894638125,2.6163645589082134,5.47,2.064150943396226
0.3333333333333333,3.0,6.0,18.0,10.0,1.0,18.0,5.0,0.244,0.262,0.253,0.261500191558942,0.24644816868036418,5.47,0.23177966101694913
0.3333333333333333,3.0,6.0,18.0,10.0,1.0,18.0,10.0,0.487,0.524,0.5055000000000001,0.523000383117884,0.503151516925557,5.47,0.46355932203389827
0.3333333333333333,3.0,6.0,18.0,10.0,1.0,18.0,20.0,0.974,1.05,1.012,1.046000766235768,1.0499953481209803,5.47,0.9271186440677965
0.3333333333333333,3.0,6.0,18.0,10.0,1.0,18.0,40.0,1.949,2.099,2.024,2.092001532471536,2.2996895006921934,5.47,1.854237288135593
0.3333333333333333,3.0,6.0,18.0,10.0,1.0,20.0,5.0,0.223,0.239,0.23099999999999998,0.2373617123381166,0.2232790285952943,5.47,0.21038461538461536
0.3333333333333333,3.0,6.0,18.0,10.0,1.0,20.0,10.0,0.446,0.477,0.4615,0.4747234246762332,0.4549592178515997,5.47,0.42076923076923073
0.3333333333333333,3.0,6.0,18.0,10.0,1.0,20.0,20.0,0.893,0.955,0.9239999999999999,0.9494468493524664,0.9454938583386119,5.47,0.8415384615384615
0.3333333333333333,3.0,6.0,18.0,10.0,1.0,20.0,40.0,1.785,1.91,1.8475,1.8988936987049327,2.0513961253628468,5.47,1.683076923076923
0.3,3.3333333333333335,6.0,20.0,0.0,1.0,16.0,5.0,0.297,0.319,0.308,0.3189720869120796,0.30358330671350486,5.4388,0.2832708333333333
0.3,3.3333333333333335,6.0,20.0,0.0,1.0,16.0,10.0,0.595,0.638,0.6165,0.6379441738241592,0.6212035789482279,5.4388,0.5665416666666666
0.3,3.3333333333333335,6.0,20.0,0.0,1.0,16.0,20.0,1.191,1.277,1.234,1.2758883476483185,1.3026380223822394,5.4388,1.1330833333333332
0.3,3.3333333333333335,6.0,20.0,0.0,1.0,16.0,40.0,2.383,2.554,2.4684999999999997,2.551776695296637,2.885000930404658,5.4388,2.2661666666666664
0.3,3.3333333333333335,6.0,20.0,0.0,1.0,18.0,5.0,0.264,0.284,0.274,0.2835307439218485,0.2691760049565976,5.4388,0.2517962962962963
0.3,3.3333333333333335,6.0,20.0,0.0,1.0,18.0,10.0,0.529,0.567,0.548,0.567061487843697,0.5493586226314442,5.4388,0.5035925925925926
0.3,3.3333333333333335,6.0,20.0,0.0,1.0,18.0,20.0,1.057,1.135,1.096,1.134122975687394,1.1455591853574185,5.4388,1.0071851851851852
0.3,3.3333333333333335,6.0,20.0,0.0,1.0,18.0,40.0,2.101,2.27,2.1855,2.268245951374788,2.504684274494795,5.4388,2.0143703703703704
0.3,3.3333333333333335,6.0,20.0,0.0,1.0,20.0,5.0,0.238,0.256,0.247,0.2551776695296637,0.24177400088857282,5.4388,0.22661666666666666
0.3,3.3333333333333335,6.0,20.0,0.0,1.0,20.0,10.0,0.475,0.511,0.493,0.5103553390593274,0.49240929767527464,5.4388,0.4532333333333333
0.3,3.3333333333333335,6.0,20.0,0.0,1.0,20.0,20.0,0.951,1.022,0.9864999999999999,1.0207106781186548,1.022286577098213,5.4388,0.9064666666666666
0.3,3.3333333333333335,6.0,20.0,0.0,1.0,20.0,40.0,1.902,2.044,1.9729999999999999,2.0414213562373096,2.2129597722968244,5.4388,1.8129333333333333
0.3,3.3333333333333335,6.0,20.0,10.0,1.0,16.0,5.0,0.27,0.29,0.28,0.2888803805996193,0.27435851220152696,5.4388,0.25654716981132075
0.3,3.3333333333333335,6.0,20.0,10.0,1.0,16.0,10.0,0.54,0.58,0.56,0.5777607611992386,0.5601560455665715,5.4388,0.5130943396226415
0.3,3.3333333333333335,6.0,20.0,10.0,1.0,16.0,20.0,1.08,1.16,1.12,1.1555215223984772,1.169054288486492,5.4388,1.026188679245283
0.3,3.3333333333333335,6.0,20.0,10.0,1.0,16.0,40.0,2.16,2.32,2.24,2.3110430447969543,2.5609507039324795,5.4388,2.052377358490566
0.3,3.3333333333333335,6.0,20.0,10.0,1.0,18.0,5.0,0.241,0.26,0.2505,0.2595027147759292,0.2459468824161392,5.4388,0.23045762711864407
0.3,3.3333333333333335,6.0,20.0,10.0,1.0,18.0,10.0,0.482,0.519,0.5005,0.5190054295518584,0.5010664834722997,5.4388,0.46091525423728813
0.3,3.3333333333333335,6.0,20.0,10.0,1.0,18.0,20.0,0.964,1.038,1.001,1.0380108591037167,1.0409559685722782,5.4388,0.9218305084745763
0.3,3.3333333333333335,6.0,20.0,10.0,1.0,18.0,40.0,1.928,2.077,2.0025,2.0760217182074334,2.256767989634261,5.4388,1.8436610169491525
0.3,3.3333333333333335,6.0,20.0,10.0,1.0,20.0,5.0,0.219,0.236,0.22749999999999998,0.23554861802738186,0.2228674871883904,5.4388,0.20918461538461539
0.3,3.3333333333333335,6.0,20.0,10.0,1.0,20.0,10.0,0.438,0.473,0.4555,0.4710972360547637,0.4532537921553015,5.4388,0.41836923076923077
0.3,3.3333333333333335,6.0,20.0,10.0,1.0,20.0,20.0,0.875,0.946,0.9105,0.9421944721095274,0.9381579555896836,5.4388,0.8367384615384615
0.3,3.3333333333333335,6.0,20.0,10.0,1.0,20.0,40.0,1.75,1.892,1.821,1.884388944219055,2.017173627898675,5.4388,1.673476923076923
0.2727272727272727,3.6666666666666665,6.0,22.0,0.0,1.0,16.0,5.0,0.295,0.316,0.3055,0.3169632608291633,0.30296095876063706,5.41297520661157,0.28192579201101925
0.2727272727272727,3.6666666666666665,6.0,22.0,0.0,1.0,16.0,10.0,0.59,0.632,0.611,0.6339265216583266,0.6186033300892434,5.41297520661157,0.5638515840220385
0.2727272727272727,3.6666666666666665,6.0,22.0,0.0,1.0,16.0,20.0,1.181,1.264,1.2225000000000001,1.2678530433166533,1.291256379820632,5.41297520661157,1.127703168044077
0.2727272727272727,3.6666666666666665,6.0,22.0,0.0,1.0,16.0,40.0,2.361,2.527,2.444,2.5357060866333065,2.8297595897878804,5.41297520661157,2.255406336088154
0.2727272727272727,3.6666666666666665,6.0,22.0,0.0,1.0,18.0,5.0,0.261,0.282,0.27149999999999996,0.28174512073703406,0.2686866194604694,5.41297520661157,0.2506007040097949
0.2727272727272727,3.6666666666666665,6.0,22.0,0.0,1.0,18.0,10.0,0.523,0.564,0.5435,0.5634902414740681,0.5473240687117521,5.41297520661157,0.5012014080195898
0.2727272727272727,3.6666666666666665,6.0,22.0,0.0,1.0,18.0,20.0,1.045,1.124,1.0845,1.1269804829481362,1.136747675760429,5.41297520661157,1.0024028160391796
0.2727272727272727,3.6666666666666665,6.0,22.0,0.0,1.0,18.0,40.0,2.091,2.255,2.173,2.2539609658962725,2.462942021181103,5.41297520661157,2.004805632078359
0.2727272727272727,3.6666666666666665,6.0,22.0,0.0,1.0,20.0,5.0,0.237,0.254,0.2455,0.25357060866333064,0.24137910920351302,5.41297520661157,0.2255406336088154
0.2727272727272727,3.6666666666666665,6.0,22.0,0.0,1.0,20.0,10.0,0.474,0.508,0.491,0.5071412173266613,0.4907740762428116,5.41297520661157,0.4510812672176308
0.2727272727272727,3.6666666666666665,6.0,22.0,0.0,1.0,20.0,20.0,0.949,1.016,0.9824999999999999,1.0142824346533226,1.0152636171236467,5.41297520661157,0.9021625344352616
0.2727272727272727,3.6666666666666665,6.0,22.0,0.0,1.0,20.0,40.0,1.898,2.032,1.9649999999999999,2.028564869306645,2.180311457593258,5.41297520661157,1.8043250688705232
0.2727272727272727,3.6666666666666665,6.0,22.0,10.0,1.0,16.0,5.0,0.269,0.286,0.27749999999999997,0.2870610664113177,0.27385011859049957,5.41297520661157,0.25532901917979106
0.2727272727272727,3.6666666666666665,6.0,22.0,10.0,1.0,16.0,10.0,0.537,0.573,0.5549999999999999,0.5741221328226354,0.5580408829776763,5.41297520661157,0.5106580383595821
0.2727272727272727,3.6666666666666665,6.0,22.0,10.0,1.0,16.0,20.0,1.074,1.145,1.1095000000000002,1.1482442656452707,1.1598790765397216,5.41297520661157,1.0213160767191642
0.2727272727272727,3.6666666666666665,6.0,22.0,10.0,1.0,16.0,40.0,2.148,2.291,2.2195,2.2964885312905414,2.5173282808657684,5.41297520661157,2.0426321534383285
0.2727272727272727,3.6666666666666665,6.0,22.0,10.0,1.0,18.0,5.0,0.241,0.258,0.2495,0.25786841558982776,0.24553825340579208,5.41297520661157,0.22936335621235465
0.2727272727272727,3.6666666666666665,6.0,22.0,10.0,1.0,18.0,10.0,0.482,0.515,0.4985,0.5157368311796555,0.4993733568715451,5.41297520661157,0.4587267124247093
0.2727272727272727,3.6666666666666665,6.0,22.0,10.0,1.0,18.0,20.0,0.961,1.03,0.9955,1.031473662359311,1.033675067794874,5.41297520661157,0.9174534248494186
0.2727272727272727,3.6666666666666665,6.0,22.0,10.0,1.0,18.0,40.0,1.935,2.061,1.998,2.062947324718622,2.222824168137158,5.41297520661157,1.8349068496988372
0.2727272727272727,3.6666666666666665,6.0,22.0,10.0,1.0,20.0,5.0,0.219,0.233,0.226,0.23406517722768982,0.22253189820101224,5.41297520661157,0.208191354100445
0.2727272727272727,3.6666666666666665,6.0,22.0,10.0,1.0,20.0,10.0,0.437,0.466,0.4515,0.46813035445537965,0.4518679247752131,5.41297520661157,0.41638270820089
0.2727272727272727,3.6666666666666665,6.0,22.0,10.0,1.0,20.0,20.0,0.875,0.932,0.9035,0.9362607089107593,0.9322399903974833,5.41297520661157,0.83276541640178
0.2727272727272727,3.6666666666666665,6.0,22.0,10.0,1.0,20.0,40.0,1.749,1.877,1.8130000000000002,1.8725214178215186,1.990011266173209,5.41297520661157,1.66553083280356
0.25,4.0,6.0,24.0,0.0,1.0,16.0,5.0,0.294,0.313,0.3035,0.3152892390933997,0.30244428130844514,5.391249999999999,0.2807942708333333
0.25,4.0,6.0,24.0,0.0,1.0,16.0,10.0,0.588,0.628,0.608,0.6305784781867994,0.6164530268526285,5.391249999999999,0.5615885416666666
0.25,4.0,6.0,24.0,0.0,1.0,16.0,20.0,1.176,1.257,1.2165,1.2611569563735987,1.2819225104246852,5.391249999999999,1.1231770833333332
0.25,4.0,6.0,24.0,0.0,1.0,16.0,40.0,2.352,2.514,2.433,2.5223139127471974,2.7853157633330365,5.391249999999999,2.2463541666666664
0.25,4.0,6.0,24.0,0.0,1.0,18.0,5.0,0.262,0.278,0.27,0.2802571014163553,0.2682801554908651,5.391249999999999,0.2495949074074074
0.25,4.0,6.0,24.0,0.0,1.0,18.0,10.0,0.523,0.557,0.54,0.5605142028327106,0.5456400834775064,5.391249999999999,0.4991898148148148
0.25,4.0,6.0,24.0,0.0,1.0,18.0,20.0,1.046,1.113,1.0795,1.1210284056654212,1.129507639964927,5.391249999999999,0.9983796296296296
0.25,4.0,6.0,24.0,0.0,1.0,18.0,40.0,2.093,2.226,2.1595,2.2420568113308423,2.429205069976505,5.391249999999999,1.9967592592592591
0.25,4.0,6.0,24.0,0.0,1.0,20.0,5.0,0.232,0.25,0.241,0.2522313912747197,0.24105101684633237,5.391249999999999,0.22463541666666664
0.25,4.0,6.0,24.0,0.0,1.0,20.0,10.0,0.469,0.501,0.485,0.5044627825494394,0.489419665170333,5.391249999999999,0.4492708333333333
0.25,4.0,6.0,24.0,0.0,1.0,20.0,20.0,0.937,1.001,0.969,1.0089255650988789,1.0094844411534958,5.391249999999999,0.8985416666666666
0.25,4.0,6.0,24.0,0.0,1.0,20.0,40.0,1.877,2.003,1.94,2.0178511301977577,2.1538314733951167,5.391249999999999,1.7970833333333331
0.25,4.0,6.0,24.0,10.0,1.0,16.0,5.0,0.265,0.283,0.274,0.2855449712543997,0.2734278942977236,5.391249999999999,0.2543042452830188
0.25,4.0,6.0,24.0,10.0,1.0,16.0,10.0,0.531,0.567,0.5489999999999999,0.5710899425087994,0.5562904114258623,5.391249999999999,0.5086084905660376
0.25,4.0,6.0,24.0,10.0,1.0,16.0,20.0,1.062,1.133,1.0975000000000001,1.1421798850175988,1.1523423681881517,5.391249999999999,1.0172169811320753
0.25,4.0,6.0,24.0,10.0,1.0,16.0,40.0,2.123,2.267,2.1950000000000003,2.2843597700351976,2.4820955891818284,5.391249999999999,2.0344339622641505
0.25,4.0,6.0,24.0,10.0,1.0,18.0,5.0,0.237,0.254,0.2455,0.2565064996014099,0.24519876503161916,5.391249999999999,0.22844279661016947
0.25,4.0,6.0,24.0,10.0,1.0,18.0,10.0,0.475,0.509,0.492,0.5130129992028198,0.49797113414356226,5.391249999999999,0.45688559322033895
0.25,4.0,6.0,24.0,10.0,1.0,18.0,20.0,0.95,1.018,0.984,1.0260259984056397,1.0276850029229252,5.391249999999999,0.9137711864406779
0.25,4.0,6.0,24.0,10.0,1.0,18.0,40.0,1.899,2.036,1.9675,2.0520519968112794,2.1953079949147956,5.391249999999999,1.8275423728813558
0.25,4.0,6.0,24.0,10.0,1.0,20.0,5.0,0.217,0.231,0.224,0.23282897656127977,0.22225301176457432,5.391249999999999,0.2073557692307692
0.25,4.0,6.0,24.0,10.0,1.0,20.0,10.0,0.434,0.462,0.448,0.46565795312255953,0.4507194926802763,5.391249999999999,0.4147115384615384
0.25,4.0,6.0,24.0,10.0,1.0,20.0,20.0,0.867,0.925,0.896,0.9313159062451191,0.927365087866627,5.391249999999999,0.8294230769230768
0.25,4.0,6.0,24.0,10.0,1.0,20.0,40.0,1.735,1.849,1.792,1.8626318124902381,1.967928558216207,5.391249999999999,1.6588461538461536
0.23076923076923078,4.333333333333333,6.0,26.0,0.0,1.0,16.0,5.0,0.289,0.311,0.3,0.31387275916313817,0.3020084671905332,5.372721893491124,0.27982926528599605
0.23076923076923078,4.333333333333333,6.0,26.0,0.0,1.0,16.0,10.0,0.577,0.622,0.5994999999999999,0.6277455183262763,0.6146451815329612,5.372721893491124,0.5596585305719921
0.23076923076923078,4.333333333333333,6.0,26.0,0.0,1.0,16.0,20.0,1.155,1.245,1.2000000000000002,1.2554910366525527,1.2741293771842268,5.372721893491124,1.1193170611439842
0.23076923076923078,4.333333333333333,6.0,26.0,0.0,1.0,16.0,40.0,2.309,2.49,2.3995,2.5109820733051054,2.748785559444381,5.372721893491124,2.2386341222879684
0.23076923076923078,4.333333333333333,6.0,26.0,0.0,1.0,18.0,5.0,0.255,0.277,0.266,0.2789980081450117,0.26793718375133757,5.372721893491124,0.24873712469866316
0.23076923076923078,4.333333333333333,6.0,26.0,0.0,1.0,18.0,10.0,0.511,0.554,0.5325,0.5579960162900234,0.5442232456177638,5.372721893491124,0.4974742493973263
0.23076923076923078,4.333333333333333,6.0,26.0,0.0,1.0,18.0,20.0,1.022,1.109,1.0655000000000001,1.1159920325800468,1.1234531032161732,5.372721893491124,0.9949484987946526
0.23076923076923078,4.333333333333333,6.0,26.0,0.0,1.0,18.0,40.0,2.043,2.217,2.13,2.2319840651600935,2.4013720438180406,5.372721893491124,1.9898969975893053
0.23076923076923078,4.333333333333333,6.0,26.0,0.0,1.0,20.0,5.0,0.23,0.249,0.2395,0.2510982073305105,0.24077409607828884,5.372721893491124,0.22386341222879685
0.23076923076923078,4.333333333333333,6.0,26.0,0.0,1.0,20.0,10.0,0.461,0.497,0.479,0.502196414661021,0.48827945040363263,5.372721893491124,0.4477268244575937
0.23076923076923078,4.333333333333333,6.0,26.0,0.0,1.0,20.0,20.0,0.921,0.995,0.958,1.004392829322042,1.0046455118555127,5.372721893491124,0.8954536489151874
0.23076923076923078,4.333333333333333,6.0,26.0,0.0,1.0,20.0,40.0,1.842,1.989,1.9155000000000002,2.008785658644084,2.1319226047342243,5.372721893491124,1.7909072978303748
0.23076923076923078,4.333333333333333,6.0,26.0,10.0,1.0,16.0,5.0,0.262,0.282,0.272,0.28426212150623836,0.2730716431926991,5.372721893491124,0.25343027799486434
0.23076923076923078,4.333333333333333,6.0,26.0,10.0,1.0,16.0,10.0,0.524,0.564,0.544,0.5685242430124767,0.5548177979950039,5.372721893491124,0.5068605559897287
0.23076923076923078,4.333333333333333,6.0,26.0,10.0,1.0,16.0,20.0,1.039,1.127,1.083,1.1370484860249535,1.1460412362562753,5.372721893491124,1.0137211119794574
0.23076923076923078,4.333333333333333,6.0,26.0,10.0,1.0,16.0,40.0,2.093,2.254,2.1734999999999998,2.274096972049907,2.4530446118275235,5.372721893491124,2.0274422239589147
0.23076923076923078,4.333333333333333,6.0,26.0,10.0,1.0,18.0,5.0,0.237,0.254,0.2455,0.2553541091496717,0.24491223802416812,5.372721893491124,0.22765770735131882
0.23076923076923078,4.333333333333333,6.0,26.0,10.0,1.0,18.0,10.0,0.473,0.508,0.4905,0.5107082182993434,0.4967907741284407,5.372721893491124,0.45531541470263764
0.23076923076923078,4.333333333333333,6.0,26.0,10.0,1.0,18.0,20.0,0.933,1.015,0.974,1.0214164365986869,1.0226704464901368,5.372721893491124,0.9106308294052753
0.23076923076923078,4.333333333333333,6.0,26.0,10.0,1.0,18.0,40.0,1.872,2.031,1.9515000000000002,2.0428328731973737,2.172551657261135,5.372721893491124,1.8212616588105506
0.23076923076923078,4.333333333333333,6.0,26.0,10.0,1.0,20.0,5.0,0.216,0.23,0.223,0.23178296061277895,0.22201757633914818,5.372721893491124,0.2066431497496586
0.23076923076923078,4.333333333333333,6.0,26.0,10.0,1.0,20.0,10.0,0.432,0.46,0.446,0.4635659212255579,0.4497522921527358,5.372721893491124,0.4132862994993172
0.23076923076923078,4.333333333333333,6.0,26.0,10.0,1.0,20.0,20.0,0.864,0.921,0.8925000000000001,0.9271318424511158,0.9232798167595268,5.372721893491124,0.8265725989986344
0.23076923076923078,4.333333333333333,6.0,26.0,10.0,1.0,20.0,40.0,1.728,1.842,1.7850000000000001,1.8542636849022316,1.949622424173191,5.372721893491124,1.653145197997269
0.21428571428571427,4.666666666666667,6.0,28.0,0.0,1.0,16.0,5.0,0.289,0.31,0.2995,0.31265863350862827,0.3016359106670094,5.35673469387755,0.27899659863945575
0.21428571428571427,4.666666666666667,6.0,28.0,0.0,1.0,16.0,10.0,0.578,0.619,0.5985,0.6253172670172565,0.6131040182535632,5.35673469387755,0.5579931972789115
0.21428571428571427,4.666666666666667,6.0,28.0,0.0,1.0,16.0,20.0,1.157,1.239,1.198,1.250634534034513,1.267524573313439,5.35673469387755,1.115986394557823
0.21428571428571427,4.666666666666667,6.0,28.0,0.0,1.0,16.0,40.0,2.313,2.477,2.395,2.501269068069026,2.718228133175019,5.35673469387755,2.231972789115646
0.21428571428571427,4.666666666666667,6.0,28.0,0.0,1.0,18.0,5.0,0.256,0.275,0.2655,0.27791878534100295,0.26764390516438463,5.35673469387755,0.2479969765684051
0.21428571428571427,4.666666666666667,6.0,28.0,0.0,1.0,18.0,10.0,0.512,0.55,0.531,0.5558375706820059,0.5430146565855283,5.35673469387755,0.4959939531368102
0.21428571428571427,4.666666666666667,6.0,28.0,0.0,1.0,18.0,20.0,1.023,1.101,1.0619999999999998,1.1116751413640118,1.118314926006452,5.35673469387755,0.9919879062736204
0.21428571428571427,4.666666666666667,6.0,28.0,0.0,1.0,18.0,40.0,2.047,2.201,2.124,2.2233502827280236,2.3780178665420024,5.35673469387755,1.9839758125472409
0.21428571428571427,4.666666666666667,6.0,28.0,0.0,1.0,20.0,5.0,0.23,0.247,0.2385,0.25012690680690264,0.2405372413298616,5.35673469387755,0.22319727891156457
0.21428571428571427,4.666666666666667,6.0,28.0,0.0,1.0,20.0,10.0,0.463,0.494,0.47850000000000004,0.5002538136138053,0.48730634357342834,5.35673469387755,0.44639455782312915
0.21428571428571427,4.666666666666667,6.0,28.0,0.0,1.0,20.0,20.0,0.92,0.988,0.954,1.0005076272276106,1.0005346301267575,5.35673469387755,0.8927891156462583
0.21428571428571427,4.666666666666667,6.0,28.0,0.0,1.0,20.0,40.0,1.854,1.976,1.915,2.001015254455221,2.1134952616449705,5.35673469387755,1.7855782312925166
0.21428571428571427,4.666666666666667,6.0,28.0,10.0,1.0,16.0,5.0,0.263,0.28,0.2715,0.2831625360078143,0.27276702314863477,5.35673469387755,0.25267616480554483
0.21428571428571427,4.666666666666667,6.0,28.0,10.0,1.0,16.0,10.0,0.527,0.561,0.544,0.5663250720156286,0.5535617493297808,5.35673469387755,0.5053523296110897
0.21428571428571427,4.666666666666667,6.0,28.0,10.0,1.0,16.0,20.0,1.054,1.122,1.088,1.1326501440312573,1.140694857321566,5.35673469387755,1.0107046592221793
0.21428571428571427,4.666666666666667,6.0,28.0,10.0,1.0,16.0,40.0,2.107,2.243,2.175,2.2653002880625146,2.428679652558593,5.35673469387755,2.0214093184443587
0.21428571428571427,4.666666666666667,6.0,28.0,10.0,1.0,18.0,5.0,0.236,0.251,0.2435,0.2543663459053247,0.24466717589361017,5.35673469387755,0.22698028363887923
0.21428571428571427,4.666666666666667,6.0,28.0,10.0,1.0,18.0,10.0,0.472,0.502,0.487,0.5087326918106494,0.4957834816665879,5.35673469387755,0.45396056727775846
0.21428571428571427,4.666666666666667,6.0,28.0,10.0,1.0,18.0,20.0,0.945,1.004,0.9744999999999999,1.0174653836212988,1.0184110426866075,5.35673469387755,0.9079211345555169
0.21428571428571427,4.666666666666667,6.0,28.0,10.0,1.0,18.0,40.0,1.889,2.007,1.948,2.0349307672425976,2.1534184161973577,5.35673469387755,1.8158422691110339
0.21428571428571427,4.666666666666667,6.0,28.0,10.0,1.0,20.0,5.0,0.214,0.228,0.221,0.23088637551406396,0.221816171189421,5.35673469387755,0.20602825745682884
0.21428571428571427,4.666666666666667,6.0,28.0,10.0,1.0,20.0,10.0,0.428,0.457,0.4425,0.4617727510281279,0.448926560950647,5.35673469387755,0.4120565149136577
0.21428571428571427,4.666666666666667,6.0,28.0,10.0,1.0,20.0,20.0,0.855,0.914,0.8845000000000001,0.9235455020562559,0.9198066957318309,5.35673469387755,0.8241130298273154
0.21428571428571427,4.666666666666667,6.0,28.0,10.0,1.0,20.0,40.0,1.711,1.827,1.7690000000000001,1.8470910041125117,1.9342003785270405,5.35673469387755,1.6482260596546308
0.2,5.0,6.0,30.0,0.0,1.0,16.0,5.0,0.285,0.306,0.2955,0.31160639127471973,0.30131377105791546,5.3427999999999995,0.2782708333333333
0.2,5.0,6.0,30.0,0.0,1.0,16.0,10.0,0.569,0.613,0.591,0.6232127825494395,0.6117745814629162,5.3427999999999995,0.5565416666666666
0.2,5.0,6.0,30.0,0.0,1.0,16.0,20.0,1.138,1.226,1.182,1.246425565098879,1.2618555514418697,5.3427999999999995,1.1130833333333332
0.2,5.0,6.0,30.0,0.0,1.0,16.0,40.0,2.276,2.451,2.3635,2.492851130197758,2.692289341743896,5.3427999999999995,2.2261666666666664
0.2,5.0,6.0,30.0,0.0,1.0,18.0,5.0,0.254,0.273,0.2635,0.276983458910862,0.26739024923063226,5.3427999999999995,0.24735185185185185
0.2,5.0,6.0,30.0,0.0,1.0,18.0,10.0,0.511,0.546,0.5285,0.553966917821724,0.5419715465091397,5.3427999999999995,0.4947037037037037
0.2,5.0,6.0,30.0,0.0,1.0,18.0,20.0,1.024,1.092,1.058,1.107933835643448,1.1138997063653828,5.3427999999999995,0.9894074074074074
0.2,5.0,6.0,30.0,0.0,1.0,18.0,40.0,2.047,2.184,2.1155,2.215867671286896,2.3581419502226533,5.3427999999999995,1.9788148148148148
0.2,5.0,6.0,30.0,0.0,1.0,20.0,5.0,0.229,0.245,0.237,0.2492851130197758,0.24033234383439597,5.3427999999999995,0.22261666666666666
0.2,5.0,6.0,30.0,0.0,1.0,20.0,10.0,0.457,0.49,0.47350000000000003,0.4985702260395516,0.48646611632229936,5.3427999999999995,0.4452333333333333
0.2,5.0,6.0,30.0,0.0,1.0,20.0,20.0,0.914,0.981,0.9475,0.9971404520791032,0.9969989827701929,5.3427999999999995,0.8904666666666666
0.2,5.0,6.0,30.0,0.0,1.0,20.0,40.0,1.829,1.961,1.895,1.9942809041582064,2.0977806570745887,5.3427999999999995,1.7809333333333333
0.2,5.0,6.0,30.0,10.0,1.0,16.0,5.0,0.26,0.278,0.269,0.2822095619091802,0.27250356832184736,5.3427999999999995,0.25201886792452827
0.2,5.0,6.0,30.0,10.0,1.0,16.0,10.0,0.517,0.555,0.536,0.5644191238183603,0.5524777650615009,5.3427999999999995,0.5040377358490565
0.2,5.0,6.0,30.0,10.0,1.0,16.0,20.0,1.032,1.11,1.0710000000000002,1.1288382476367207,1.1361015159266452,5.3427999999999995,1.008075471698113
0.2,5.0,6.0,30.0,10.0,1.0,16.0,40.0,2.079,2.221,2.1500000000000004,2.2576764952734414,2.4079515248261187,5.3427999999999995,2.016150943396226
0.2,5.0,6.0,30.0,10.0,1.0,18.0,5.0,0.232,0.25,0.241,0.25351028442689066,0.2444551850687856,5.3427999999999995,0.22638983050847455
0.2,5.0,6.0,30.0,10.0,1.0,18.0,10.0,0.467,0.5,0.48350000000000004,0.5070205688537813,0.49491379319564044,5.3427999999999995,0.4527796610169491
0.2,5.0,6.0,30.0,10.0,1.0,18.0,20.0,0.927,1.001,0.964,1.0140411377075627,1.0147481560928686,5.3427999999999995,0.9055593220338982
0.2,5.0,6.0,30.0,10.0,1.0,18.0,40.0,1.868,2.001,1.9344999999999999,2.0280822754151253,2.137106809058316,5.3427999999999995,1.8111186440677964
0.2,5.0,6.0,30.0,10.0,1.0,20.0,5.0,0.212,0.227,0.2195,0.23010933509517767,0.22164191540582515,5.3427999999999995,0.20549230769230767
0.2,5.0,6.0,30.0,10.0,1.0,20.0,10.0,0.421,0.454,0.4375,0.46021867019035534,0.4482133759241376,5.3427999999999995,0.41098461538461534
0.2,5.0,6.0,30.0,10.0,1.0,20.0,20.0,0.842,0.909,0.8755,0.9204373403807107,0.9168177249491423,5.3427999999999995,0.8219692307692307
0.2,5.0,6.0,30.0,10.0,1.0,20.0,40.0,1.697,1.817,1.7570000000000001,1.8408746807614214,1.9210306187555763,5.3427999999999995,1.6439384615384613
2.0,0.5,8.0,4.0,0.0,1.0,16.0,5.0,0.273,0.314,0.2935,0.33314168456039805,0.25031209004426175,6.5200000000000005,0.2546875
2.0,0.5,8.0,4.0,0.0,1.0,16.0,10.0,0.543,0.628,0.5855,0.6662833691207961,0.5716249654200031,6.5200000000000005,0.509375
2.0,0.5,8.0,4.0,0.0,1.0,16.0,20.0,1.09,1.257,1.1735,1.3325667382415922,1.5959355161120536,6.5200000000000005,1.01875
2.0,0.5,8.0,4.0,0.0,1.0,16.0,40.0,2.181,2.513,2.347,2.6651334764831844,15.340194022791648,6.5200000000000005,2.0375
2.0,0.5,8.0,4.0,0.0,1.0,18.0,5.0,0.244,0.28,0.262,0.29612594183146496,0.21947072775985255,6.5200000000000005,0.2263888888888889
2.0,0.5,8.0,4.0,0.0,1.0,18.0,10.0,0.492,0.561,0.5265,0.5922518836629299,0.49258644969428816,6.5200000000000005,0.4527777777777778
2.0,0.5,8.0,4.0,0.0,1.0,18.0,20.0,0.984,1.121,1.0525,1.1845037673258598,1.303878526711982,6.5200000000000005,0.9055555555555556
2.0,0.5,8.0,4.0,0.0,1.0,18.0,40.0,1.955,2.242,2.0985,2.3690075346517196,7.387506978034938,6.5200000000000005,1.8111111111111111
2.0,0.5,8.0,4.0,0.0,1.0,20.0,5.0,0.223,0.252,0.2375,0.26651334764831847,0.19539570335733591,6.5200000000000005,0.20375000000000001
2.0,0.5,8.0,4.0,0.0,1.0,20.0,10.0,0.446,0.503,0.47450000000000003,0.5330266952966369,0.43275013956069874,6.5200000000000005,0.40750000000000003
2.0,0.5,8.0,4.0,0.0,1.0,20.0,20.0,0.893,1.006,0.9495,1.0660533905932739,1.1021791894830943,6.5200000000000005,0.8150000000000001
2.0,0.5,8.0,4.0,0.0,1.0,20.0,40.0,1.785,2.012,1.8984999999999999,2.1321067811865477,4.8652543263816606,6.5200000000000005,1.6300000000000001
2.0,0.5,8.0,4.0,10.0,1.0,16.0,5.0,0.254,0.291,0.27249999999999996,0.3090009827806591,0.2301024657862626,6.5200000000000005,0.23623188405797102
2.0,0.5,8.0,4.0,10.0,1.0,16.0,10.0,0.514,0.583,0.5485,0.6180019655613181,0.5195244168551485,6.5200000000000005,0.47246376811594204
2.0,0.5,8.0,4.0,10.0,1.0,16.0,20.0,1.027,1.166,1.0964999999999998,1.2360039311226363,1.3999503814959173,6.5200000000000005,0.9449275362318841
2.0,0.5,8.0,4.0,10.0,1.0,16.0,40.0,2.071,2.331,2.201,2.4720078622452726,9.170284333389697,6.5200000000000005,1.8898550724637682
2.0,0.5,8.0,4.0,10.0,1.0,18.0,5.0,0.227,0.261,0.244,0.2768969845696815,0.2037783154140301,6.5200000000000005,0.2116883116883117
2.0,0.5,8.0,4.0,10.0,1.0,18.0,10.0,0.453,0.523,0.488,0.553793969139363,0.45340388641583734,6.5200000000000005,0.4233766233766234
2.0,0.5,8.0,4.0,10.0,1.0,18.0,20.0,0.906,1.046,0.976,1.107587938278726,1.1700533166514582,6.5200000000000005,0.8467532467532468
2.0,0.5,8.0,4.0,10.0,1.0,18.0,40.0,1.812,2.092,1.952,2.215175876557452,5.579631309791614,6.5200000000000005,1.6935064935064936
2.0,0.5,8.0,4.0,10.0,1.0,20.0,5.0,0.213,0.238,0.22549999999999998,0.25083609190429973,0.18285891516642272,6.5200000000000005,0.19176470588235295
2.0,0.5,8.0,4.0,10.0,1.0,20.0,10.0,0.426,0.475,0.4505,0.5016721838085995,0.40221364630268075,6.5200000000000005,0.3835294117647059
2.0,0.5,8.0,4.0,10.0,1.0,20.0,20.0,0.851,0.95,0.9005,1.003344367617199,1.0050122118451874,6.5200000000000005,0.7670588235294118
2.0,0.5,8.0,4.0,10.0,1.0,20.0,40.0,1.702,1.9,1.801,2.006688735234398,4.009643191160575,6.5200000000000005,1.5341176470588236
1.3333333333333333,0.75,8.0,6.0,0.0,1.0,16.0,5.0,0.261,0.295,0.278,0.2963132063735987,0.24036047070462846,6.219999999999999,0.24296874999999996
1.3333333333333333,0.75,8.0,6.0,0.0,1.0,16.0,10.0,0.522,0.589,0.5555,0.5926264127471974,0.5222467056249444,6.219999999999999,0.4859374999999999
1.3333333333333333,0.75,8.0,6.0,0.0,1.0,16.0,20.0,1.044,1.179,1.1115,1.1852528254943948,1.2626313203015676,6.219999999999999,0.9718749999999998
1.3333333333333333,0.75,8.0,6.0,0.0,1.0,16.0,40.0,2.087,2.358,2.2225,2.3705056509887896,4.336639090198133,6.219999999999999,1.9437499999999996
1.3333333333333333,0.75,8.0,6.0,0.0,1.0,18.0,5.0,0.232,0.262,0.247,0.26338951677653216,0.21178268249342386,6.219999999999999,0.21597222222222218
1.3333333333333333,0.75,8.0,6.0,0.0,1.0,18.0,10.0,0.464,0.523,0.49350000000000005,0.5267790335530643,0.45547595062059476,6.219999999999999,0.43194444444444435
1.3333333333333333,0.75,8.0,6.0,0.0,1.0,18.0,20.0,0.928,1.048,0.988,1.0535580671061286,1.072561228981774,6.219999999999999,0.8638888888888887
1.3333333333333333,0.75,8.0,6.0,0.0,1.0,18.0,40.0,1.856,2.096,1.976,2.1071161342122573,3.3248134176077473,6.219999999999999,1.7277777777777774
1.3333333333333333,0.75,8.0,6.0,0.0,1.0,20.0,5.0,0.208,0.235,0.22149999999999997,0.23705056509887895,0.18927833271628045,6.219999999999999,0.19437499999999996
1.3333333333333333,0.75,8.0,6.0,0.0,1.0,20.0,10.0,0.416,0.472,0.44399999999999995,0.4741011301977579,0.40384340126158436,6.219999999999999,0.38874999999999993
1.3333333333333333,0.75,8.0,6.0,0.0,1.0,20.0,20.0,0.831,0.941,0.8859999999999999,0.9482022603955158,0.9322283229160289,6.219999999999999,0.7774999999999999
1.3333333333333333,0.75,8.0,6.0,0.0,1.0,20.0,40.0,1.663,1.883,1.7730000000000001,1.8964045207910316,2.6958232827349975,6.219999999999999,1.5549999999999997
1.3333333333333333,0.75,8.0,6.0,10.0,1.0,16.0,5.0,0.245,0.274,0.2595,0.274841234897251,0.22166583736815632,6.219999999999999,0.22536231884057967
1.3333333333333333,0.75,8.0,6.0,10.0,1.0,16.0,10.0,0.49,0.548,0.519,0.549682469794502,0.4784134032119193,6.219999999999999,0.45072463768115933
1.3333333333333333,0.75,8.0,6.0,10.0,1.0,16.0,20.0,0.981,1.095,1.038,1.099364939589004,1.1367303277921756,6.219999999999999,0.9014492753623187
1.3333333333333333,0.75,8.0,6.0,10.0,1.0,16.0,40.0,1.961,2.191,2.076,2.198729879178008,3.6436115367076405,6.219999999999999,1.8028985507246373
1.3333333333333333,0.75,8.0,6.0,10.0,1.0,18.0,5.0,0.215,0.246,0.23049999999999998,0.24628630140143268,0.19713373145566296,6.219999999999999,0.2019480519480519
1.3333333333333333,0.75,8.0,6.0,10.0,1.0,18.0,10.0,0.44,0.492,0.46599999999999997,0.49257260280286536,0.4217728960951655,6.219999999999999,0.4038961038961038
1.3333333333333333,0.75,8.0,6.0,10.0,1.0,18.0,20.0,0.87,0.985,0.9275,0.9851452056057307,0.9803277599456145,6.219999999999999,0.8077922077922076
1.3333333333333333,0.75,8.0,6.0,10.0,1.0,18.0,40.0,1.741,1.97,1.8555000000000001,1.9702904112114614,2.90167606978447,6.219999999999999,1.6155844155844152
1.3333333333333333,0.75,8.0,6.0,10.0,1.0,20.0,5.0,0.193,0.222,0.20750000000000002,0.22310641421070962,0.17749057150658692,6.219999999999999,0.1829411764705882
1.3333333333333333,0.75,8.0,6.0,10.0,1.0,20.0,10.0,0.385,0.444,0.4145,0.44621282842141924,0.37712425366536384,6.219999999999999,0.3658823529411764
1.3333333333333333,0.75,8.0,6.0,10.0,1.0,20.0,20.0,0.771,0.888,0.8295,0.8924256568428385,0.8617585243288632,6.219999999999999,0.7317647058823528
1.3333333333333333,0.75,8.0,6.0,10.0,1.0,20.0,40.0,1.542,1.776,1.659,1.784851313685677,2.41077803861231,6.219999999999999,1.4635294117647055
1.0,1.0,8.0,8.0,0.0,1.0,16.0,5.0,0.254,0.281,0.2675,0.277898967280199,0.23567561115698335,6.01,0.23476562499999998
1.0,1.0,8.0,8.0,0.0,1.0,16.0,10.0,0.508,0.563,0.5355,0.555797934560398,0.5006241800885235,6.01,0.46953124999999996
1.0,1.0,8.0,8.0,0.0,1.0,16.0,20.0,1.015,1.125,1.0699999999999998,1.111595869120796,1.1432499308400061,6.01,0.9390624999999999
1.0,1.0,8.0,8.0,0.0,1.0,16.0,40.0,2.031,2.251,2.141,2.223191738241592,3.1918710322241073,6.01,1.8781249999999998
1.0,1.0,8.0,8.0,0.0,1.0,18.0,5.0,0.228,0.25,0.239,0.2470213042490658,0.20813716681031452,6.01,0.20868055555555554
1.0,1.0,8.0,8.0,0.0,1.0,18.0,10.0,0.455,0.499,0.477,0.4940426084981316,0.4389414555197051,6.01,0.41736111111111107
1.0,1.0,8.0,8.0,0.0,1.0,18.0,20.0,0.911,0.999,0.9550000000000001,0.9880852169962632,0.9851728993885763,6.01,0.8347222222222221
1.0,1.0,8.0,8.0,0.0,1.0,18.0,40.0,1.821,1.997,1.909,1.9761704339925263,2.607757053423964,6.01,1.6694444444444443
1.0,1.0,8.0,8.0,0.0,1.0,20.0,5.0,0.201,0.226,0.21350000000000002,0.22231917382415922,0.18636107368446833,6.01,0.1878125
1.0,1.0,8.0,8.0,0.0,1.0,20.0,10.0,0.401,0.452,0.4265,0.44463834764831844,0.39079140671467183,6.01,0.375625
1.0,1.0,8.0,8.0,0.0,1.0,20.0,20.0,0.803,0.904,0.8535,0.8892766952966369,0.8655002791213975,6.01,0.75125
1.0,1.0,8.0,8.0,0.0,1.0,20.0,40.0,1.605,1.808,1.7065000000000001,1.7785533905932738,2.2043583789661887,6.01,1.5025
1.0,1.0,8.0,8.0,10.0,1.0,16.0,5.0,0.238,0.261,0.2495,0.2577613609555469,0.21767534129926114,6.01,0.21775362318840577
1.0,1.0,8.0,8.0,10.0,1.0,16.0,10.0,0.475,0.522,0.4985,0.5155227219110938,0.4602049315725252,6.01,0.43550724637681154
1.0,1.0,8.0,8.0,10.0,1.0,16.0,20.0,0.951,1.043,0.9969999999999999,1.0310454438221877,1.039048833710297,6.01,0.8710144927536231
1.0,1.0,8.0,8.0,10.0,1.0,16.0,40.0,1.901,2.087,1.9940000000000002,2.0620908876443753,2.7999007629918347,6.01,1.7420289855072462
1.0,1.0,8.0,8.0,10.0,1.0,18.0,5.0,0.213,0.233,0.223,0.2309809598173083,0.19397132733196004,6.01,0.1951298701298701
1.0,1.0,8.0,8.0,10.0,1.0,18.0,10.0,0.426,0.467,0.4465,0.4619619196346166,0.4075566308280602,6.01,0.3902597402597402
1.0,1.0,8.0,8.0,10.0,1.0,18.0,20.0,0.852,0.934,0.893,0.9239238392692332,0.9068077728316747,6.01,0.7805194805194804
1.0,1.0,8.0,8.0,10.0,1.0,18.0,40.0,1.705,1.868,1.7865000000000002,1.8478476785384663,2.3401066333029164,6.01,1.5610389610389608
1.0,1.0,8.0,8.0,10.0,1.0,20.0,5.0,0.193,0.212,0.2025,0.20924157536391455,0.17492289194586363,6.01,0.17676470588235293
1.0,1.0,8.0,8.0,10.0,1.0,20.0,10.0,0.385,0.423,0.404,0.4184831507278291,0.36571783033284544,6.01,0.35352941176470587
1.0,1.0,8.0,8.0,10.0,1.0,20.0,20.0,0.771,0.847,0.8089999999999999,0.8369663014556582,0.8044272926053615,6.01,0.7070588235294117
1.0,1.0,8.0,8.0,10.0,1.0,20.0,40.0,1.541,1.693,1.617,1.6739326029113164,2.010024423690375,6.01,1.4141176470588235
0.8,1.25,8.0,10.0,0.0,1.0,16.0,5.0,0.245,0.272,0.2585,0.26685042382415924,0.23295134210558543,5.8648,0.22909374999999998
0.8,1.25,8.0,10.0,0.0,1.0,16.0,10.0,0.491,0.543,0.517,0.5337008476483185,0.4884892583933398,5.8648,0.45818749999999997
0.8,1.25,8.0,10.0,0.0,1.0,16.0,20.0,0.981,1.083,1.032,1.067401695296637,1.0818753489017467,5.8648,0.9163749999999999
0.8,1.25,8.0,10.0,0.0,1.0,16.0,40.0,1.962,2.167,2.0645,2.134803390593274,2.7554479737077355,5.8648,1.8327499999999999
0.8,1.25,8.0,10.0,0.0,1.0,18.0,5.0,0.218,0.242,0.22999999999999998,0.23720037673258598,0.20600948348679157,5.8648,0.20363888888888887
0.8,1.25,8.0,10.0,0.0,1.0,18.0,10.0,0.437,0.484,0.4605,0.47440075346517196,0.42958469450903203,5.8648,0.40727777777777774
0.8,1.25,8.0,10.0,0.0,1.0,18.0,20.0,0.871,0.967,0.919,0.9488015069303439,0.9392566029355481,5.8648,0.8145555555555555
0.8,1.25,8.0,10.0,0.0,1.0,18.0,40.0,1.748,1.934,1.841,1.8976030138606879,2.30897378804977,5.8648,1.629111111111111
0.8,1.25,8.0,10.0,0.0,1.0,20.0,5.0,0.195,0.216,0.20550000000000002,0.2134803390593274,0.18465348662822795,5.8648,0.183275
0.8,1.25,8.0,10.0,0.0,1.0,20.0,10.0,0.388,0.433,0.4105,0.4269606781186548,0.38335746641182994,5.8648,0.36655
0.8,1.25,8.0,10.0,0.0,1.0,20.0,20.0,0.779,0.866,0.8225,0.8539213562373096,0.8298599146113093,5.8648,0.7331
0.8,1.25,8.0,10.0,0.0,1.0,20.0,40.0,1.569,1.731,1.65,1.7078427124746192,1.9870118100829697,5.8648,1.4662
0.8,1.25,8.0,10.0,10.0,1.0,16.0,5.0,0.228,0.251,0.2395,0.24751343659052452,0.21534927130814918,5.8648,0.2124927536231884
0.8,1.25,8.0,10.0,10.0,1.0,16.0,10.0,0.456,0.503,0.47950000000000004,0.49502687318104904,0.4499302909939803,5.8648,0.4249855072463768
0.8,1.25,8.0,10.0,10.0,1.0,16.0,20.0,0.912,1.006,0.9590000000000001,0.9900537463620981,0.9881030400263612,5.8648,0.8499710144927536
0.8,1.25,8.0,10.0,10.0,1.0,16.0,40.0,1.824,2.011,1.9175,1.9801074927241962,2.45834914986315,5.8648,1.6999420289855072
0.8,1.25,8.0,10.0,10.0,1.0,18.0,5.0,0.204,0.226,0.215,0.22179775486683365,0.19212212236575463,5.8648,0.1904155844155844
0.8,1.25,8.0,10.0,10.0,1.0,18.0,10.0,0.405,0.451,0.42800000000000005,0.4435955097336673,0.39947775921833695,5.8648,0.3808311688311688
0.8,1.25,8.0,10.0,10.0,1.0,18.0,20.0,0.809,0.902,0.8555,0.8871910194673346,0.8677609695642358,5.8648,0.7616623376623376
0.8,1.25,8.0,10.0,10.0,1.0,18.0,40.0,1.619,1.804,1.7115,1.7743820389346692,2.0966449211313503,5.8648,1.5233246753246752
0.8,1.25,8.0,10.0,10.0,1.0,20.0,5.0,0.179,0.204,0.1915,0.20092267205583755,0.17341763704137914,5.8648,0.17249411764705883
0.8,1.25,8.0,10.0,10.0,1.0,20.0,10.0,0.359,0.408,0.38349999999999995,0.4018453441116751,0.3591992695830019,5.8648,0.34498823529411765
0.8,1.25,8.0,10.0,10.0,1.0,20.0,20.0,0.717,0.815,0.766,0.8036906882233502,0.7735495821392323,5.8648,0.6899764705882353
0.8,1.25,8.0,10.0,10.0,1.0,20.0,40.0,1.435,1.63,1.5325,1.6073813764467004,1.8277261340337443,5.8648,1.3799529411764706
0.6666666666666666,1.5,8.0,12.0,0.0,1.0,16.0,5.0,0.234,0.264,0.249,0.25948472818679935,0.23116988506973568,5.76,0.22499999999999998
0.6666666666666666,1.5,8.0,12.0,0.0,1.0,16.0,10.0,0.469,0.528,0.4985,0.5189694563735987,0.4807209414092569,5.76,0.44999999999999996
0.6666666666666666,1.5,8.0,12.0,0.0,1.0,16.0,20.0,0.938,1.056,0.997,1.0379389127471974,1.0444934112498887,5.76,0.8999999999999999
0.6666666666666666,1.5,8.0,12.0,0.0,1.0,16.0,40.0,1.875,2.112,1.9935,2.075877825494395,2.525262640603135,5.76,1.7999999999999998
0.6666666666666666,1.5,8.0,12.0,0.0,1.0,18.0,5.0,0.211,0.235,0.22299999999999998,0.23065309172159942,0.20461503130406491,5.76,0.19999999999999998
0.6666666666666666,1.5,8.0,12.0,0.0,1.0,18.0,10.0,0.421,0.47,0.4455,0.46130618344319885,0.4235653649868477,5.76,0.39999999999999997
0.6666666666666666,1.5,8.0,12.0,0.0,1.0,18.0,20.0,0.845,0.94,0.8925,0.9226123668863977,0.9109519012411895,5.76,0.7999999999999999
0.6666666666666666,1.5,8.0,12.0,0.0,1.0,18.0,40.0,1.691,1.881,1.786,1.8452247337727954,2.145122457963548,5.76,1.5999999999999999
0.6666666666666666,1.5,8.0,12.0,0.0,1.0,20.0,5.0,0.19,0.212,0.201,0.2075877825494395,0.18353237443887488,5.76,0.18
0.6666666666666666,1.5,8.0,12.0,0.0,1.0,20.0,10.0,0.379,0.424,0.40149999999999997,0.415175565098879,0.3785566654325609,5.76,0.36
0.6666666666666666,1.5,8.0,12.0,0.0,1.0,20.0,20.0,0.758,0.848,0.8029999999999999,0.830351130197758,0.8076868025231687,5.76,0.72
0.6666666666666666,1.5,8.0,12.0,0.0,1.0,20.0,40.0,1.517,1.696,1.6065,1.660702260395516,1.8644566458320577,5.76,1.44
0.6666666666666666,1.5,8.0,12.0,10.0,1.0,16.0,5.0,0.221,0.245,0.23299999999999998,0.24068148701384287,0.2138259807228498,5.76,0.20869565217391303
0.6666666666666666,1.5,8.0,12.0,10.0,1.0,16.0,10.0,0.443,0.49,0.4665,0.48136297402768574,0.44333167473631263,5.76,0.41739130434782606
0.6666666666666666,1.5,8.0,12.0,10.0,1.0,16.0,20.0,0.885,0.981,0.933,0.9627259480553715,0.9568268064238385,5.76,0.8347826086956521
0.6666666666666666,1.5,8.0,12.0,10.0,1.0,16.0,40.0,1.771,1.962,1.8664999999999998,1.925451896110743,2.2734606555843513,5.76,1.6695652173913043
0.6666666666666666,1.5,8.0,12.0,10.0,1.0,18.0,5.0,0.197,0.22,0.20850000000000002,0.21567561823318387,0.19090878334597455,5.76,0.187012987012987
0.6666666666666666,1.5,8.0,12.0,10.0,1.0,18.0,10.0,0.393,0.439,0.41600000000000004,0.43135123646636775,0.3942674629113259,5.76,0.374025974025974
0.6666666666666666,1.5,8.0,12.0,10.0,1.0,18.0,20.0,0.787,0.879,0.833,0.8627024729327355,0.843545792190331,5.76,0.748051948051948
0.6666666666666666,1.5,8.0,12.0,10.0,1.0,18.0,40.0,1.573,1.758,1.6655,1.725404945865471,1.960655519891229,5.76,1.496103896103896
0.6666666666666666,1.5,8.0,12.0,10.0,1.0,20.0,5.0,0.178,0.199,0.1885,0.1953767365171195,0.1724284440008811,5.76,0.16941176470588235
0.6666666666666666,1.5,8.0,12.0,10.0,1.0,20.0,10.0,0.357,0.398,0.3775,0.390753473034239,0.35498114301317385,5.76,0.3388235294117647
0.6666666666666666,1.5,8.0,12.0,10.0,1.0,20.0,20.0,0.713,0.796,0.7545,0.781506946068478,0.7542485073307277,5.76,0.6776470588235294
0.6666666666666666,1.5,8.0,12.0,10.0,1.0,20.0,40.0,1.427,1.592,1.5095,1.563013892136956,1.7235170486577265,5.76,1.3552941176470588
0.5714285714285714,1.75,8.0,14.0,0.0,1.0,16.0,5.0,0.234,0.259,0.2465,0.2542235170172566,0.22991400684508617,5.681224489795918,0.22192283163265303
0.5714285714285714,1.75,8.0,14.0,0.0,1.0,16.0,10.0,0.468,0.518,0.493,0.5084470340345132,0.47532171499253967,5.681224489795918,0.44384566326530606
0.5714285714285714,1.75,8.0,14.0,0.0,1.0,16.0,20.0,0.936,1.036,0.986,1.0168940680690264,1.019335549940632,5.681224489795918,0.8876913265306121
0.5714285714285714,1.75,8.0,14.0,0.0,1.0,16.0,40.0,1.872,2.072,1.972,2.0337881361380528,2.383064723592358,5.681224489795918,1.7753826530612242
0.5714285714285714,1.75,8.0,14.0,0.0,1.0,18.0,5.0,0.209,0.231,0.22,0.22597645957089474,0.2036304962195731,5.681224489795918,0.1972647392290249
0.5714285714285714,1.75,8.0,14.0,0.0,1.0,18.0,10.0,0.417,0.461,0.439,0.4519529191417895,0.4193680972524194,5.681224489795918,0.3945294784580498
0.5714285714285714,1.75,8.0,14.0,0.0,1.0,18.0,20.0,0.835,0.922,0.8785000000000001,0.903905838283579,0.891756699953251,5.681224489795918,0.7890589569160996
0.5714285714285714,1.75,8.0,14.0,0.0,1.0,18.0,40.0,1.67,1.845,1.7574999999999998,1.807811676567158,2.04163651591063,5.681224489795918,1.5781179138321992
0.5714285714285714,1.75,8.0,14.0,0.0,1.0,20.0,5.0,0.186,0.207,0.1965,0.20337881361380528,0.18273987884003562,5.681224489795918,0.17753826530612243
0.5714285714285714,1.75,8.0,14.0,0.0,1.0,20.0,10.0,0.373,0.415,0.394,0.40675762722761055,0.375200486297534,5.681224489795918,0.35507653061224487
0.5714285714285714,1.75,8.0,14.0,0.0,1.0,20.0,20.0,0.745,0.83,0.7875,0.8135152544552211,0.7925607231168641,5.681224489795918,0.7101530612244897
0.5714285714285714,1.75,8.0,14.0,0.0,1.0,20.0,40.0,1.491,1.66,1.5755,1.6270305089104422,1.7857825592483325,5.681224489795918,1.4203061224489795
0.5714285714285714,1.75,8.0,14.0,10.0,1.0,16.0,5.0,0.216,0.24,0.22799999999999998,0.23580152303049887,0.21275104371492076,5.681224489795918,0.2058414670215912
0.5714285714285714,1.75,8.0,14.0,10.0,1.0,16.0,10.0,0.432,0.48,0.45599999999999996,0.47160304606099773,0.4387356481978444,5.681224489795918,0.4116829340431824
0.5714285714285714,1.75,8.0,14.0,10.0,1.0,16.0,20.0,0.864,0.959,0.9115,0.9432060921219955,0.9356720593138942,5.681224489795918,0.8233658680863648
0.5714285714285714,1.75,8.0,14.0,10.0,1.0,16.0,40.0,1.729,1.919,1.824,1.886412184243991,2.1575561312441818,5.681224489795918,1.6467317361727296
0.5714285714285714,1.75,8.0,14.0,10.0,1.0,18.0,5.0,0.194,0.215,0.20450000000000002,0.21130266349486262,0.19005145348930033,5.681224489795918,0.18445534057778953
0.5714285714285714,1.75,8.0,14.0,10.0,1.0,18.0,10.0,0.391,0.43,0.4105,0.42260532698972525,0.39062826689770036,5.681224489795918,0.36891068115557907
0.5714285714285714,1.75,8.0,14.0,10.0,1.0,18.0,20.0,0.782,0.86,0.821,0.8452106539794505,0.8270604949010849,5.681224489795918,0.7378213623111581
0.5714285714285714,1.75,8.0,14.0,10.0,1.0,18.0,40.0,1.566,1.719,1.6425,1.690421307958901,1.8738424311517619,5.681224489795918,1.4756427246223163
0.5714285714285714,1.75,8.0,14.0,10.0,1.0,20.0,5.0,0.176,0.195,0.1855,0.1914153539894638,0.17172875864754375,5.681224489795918,0.16709483793517405
0.5714285714285714,1.75,8.0,14.0,10.0,1.0,20.0,10.0,0.354,0.389,0.3715,0.3828307079789276,0.352028344861968,5.681224489795918,0.3341896758703481
0.5714285714285714,1.75,8.0,14.0,10.0,1.0,20.0,20.0,0.704,0.779,0.7415,0.7656614159578552,0.7410413980060561,5.681224489795918,0.6683793517406962
0.5714285714285714,1.75,8.0,14.0,10.0,1.0,20.0,40.0,1.404,1.557,1.4805,1.5313228319157104,1.6560726612115126,5.681224489795918,1.3367587034813924
0.5,2.0,8.0,16.0,0.0,1.0,16.0,5.0,0.23,0.254,0.242,0.2502776086400995,0.2289810167864327,5.62,0.21953125
0.5,2.0,8.0,16.0,0.0,1.0,16.0,10.0,0.46,0.508,0.484,0.500555217280199,0.4713512223139667,5.62,0.4390625
0.5,2.0,8.0,16.0,0.0,1.0,16.0,20.0,0.919,1.016,0.9675,1.001110434560398,1.001248360177047,5.62,0.878125
0.5,2.0,8.0,16.0,0.0,1.0,16.0,40.0,1.839,2.032,1.9355,2.002220869120796,2.2864998616800123,5.62,1.75625
0.5,2.0,8.0,16.0,0.0,1.0,18.0,5.0,0.207,0.226,0.2165,0.22246898545786623,0.20289829016908742,5.62,0.1951388888888889
0.5,2.0,8.0,16.0,0.0,1.0,18.0,10.0,0.411,0.452,0.4315,0.44493797091573245,0.41627433362062904,5.62,0.3902777777777778
0.5,2.0,8.0,16.0,0.0,1.0,18.0,20.0,0.819,0.903,0.861,0.8898759418314649,0.8778829110394102,5.62,0.7805555555555556
0.5,2.0,8.0,16.0,0.0,1.0,18.0,40.0,1.66,1.807,1.7334999999999998,1.7797518836629298,1.9703457987771527,5.62,1.5611111111111111
0.5,2.0,8.0,16.0,0.0,1.0,20.0,5.0,0.183,0.203,0.193,0.2002220869120796,0.1821499840281029,5.62,0.175625
0.5,2.0,8.0,16.0,0.0,1.0,20.0,10.0,0.367,0.406,0.3865,0.4004441738241592,0.37272214736893666,5.62,0.35125
0.5,2.0,8.0,16.0,0.0,1.0,20.0,20.0,0.733,0.813,0.7729999999999999,0.8008883476483184,0.7815828134293437,5.62,0.7025
0.5,2.0,8.0,16.0,0.0,1.0,20.0,40.0,1.466,1.625,1.5455,1.6017766952966368,1.731000558242795,5.62,1.405
0.5,2.0,8.0,16.0,10.0,1.0,16.0,5.0,0.216,0.236,0.22599999999999998,0.23214155004299086,0.21195190690797272,5.62,0.2036231884057971
0.5,2.0,8.0,16.0,10.0,1.0,16.0,10.0,0.432,0.472,0.45199999999999996,0.4642831000859817,0.4353506825985223,5.62,0.4072463768115942
0.5,2.0,8.0,16.0,10.0,1.0,16.0,20.0,0.864,0.943,0.9035,0.9285662001719635,0.9204098631450504,5.62,0.8144927536231884
0.5,2.0,8.0,16.0,10.0,1.0,16.0,40.0,1.728,1.886,1.807,1.857132400343927,2.078097667420594,5.62,1.6289855072463768
0.5,2.0,8.0,16.0,10.0,1.0,18.0,5.0,0.192,0.211,0.2015,0.20802294744112168,0.18941349236691135,5.62,0.18246753246753247
0.5,2.0,8.0,16.0,10.0,1.0,18.0,10.0,0.385,0.422,0.40349999999999997,0.41604589488224336,0.3879426546639201,5.62,0.36493506493506495
0.5,2.0,8.0,16.0,10.0,1.0,18.0,20.0,0.769,0.844,0.8065,0.8320917897644867,0.8151132616561204,5.62,0.7298701298701299
0.5,2.0,8.0,16.0,10.0,1.0,18.0,40.0,1.538,1.688,1.613,1.6641835795289734,1.8136155456633494,5.62,1.4597402597402598
0.5,2.0,8.0,16.0,10.0,1.0,20.0,5.0,0.174,0.191,0.1825,0.18844431709372197,0.17120770978170777,5.62,0.16529411764705884
0.5,2.0,8.0,16.0,10.0,1.0,20.0,10.0,0.348,0.382,0.365,0.37688863418744395,0.34984578389172727,5.62,0.3305882352941177
0.5,2.0,8.0,16.0,10.0,1.0,20.0,20.0,0.696,0.765,0.7304999999999999,0.7537772683748879,0.7314356606656909,5.62,0.6611764705882354
0.5,2.0,8.0,16.0,10.0,1.0,20.0,40.0,1.392,1.529,1.4605,1.5075545367497758,1.608854585210723,5.62,1.3223529411764707
0.4444444444444444,2.25,8.0,18.0,0.0,1.0,16.0,5.0,0.229,0.25,0.2395,0.24720856879119957,0.22826057644022335,5.571111111111111,0.21762152777777777
0.4444444444444444,2.25,8.0,18.0,0.0,1.0,16.0,10.0,0.457,0.5,0.47850000000000004,0.49441713758239914,0.46830862532320766,5.571111111111111,0.43524305555555554
0.4444444444444444,2.25,8.0,18.0,0.0,1.0,16.0,20.0,0.913,1.0,0.9565,0.9888342751647983,0.9876182749193365,5.571111111111111,0.8704861111111111
0.4444444444444444,2.25,8.0,18.0,0.0,1.0,16.0,40.0,1.825,1.999,1.912,1.9776685503295965,2.2166390236242965,5.571111111111111,1.7409722222222221
0.4444444444444444,2.25,8.0,18.0,0.0,1.0,18.0,5.0,0.205,0.223,0.214,0.21974095003662183,0.2023324268859565,5.571111111111111,0.19344135802469134
0.4444444444444444,2.25,8.0,18.0,0.0,1.0,18.0,10.0,0.41,0.445,0.4275,0.43948190007324367,0.41389945115048765,5.571111111111111,0.3868827160493827
0.4444444444444444,2.25,8.0,18.0,0.0,1.0,18.0,20.0,0.821,0.888,0.8545,0.8789638001464873,0.8673870716381314,5.571111111111111,0.7737654320987654
0.4444444444444444,2.25,8.0,18.0,0.0,1.0,18.0,40.0,1.642,1.782,1.712,1.7579276002929747,1.9182485291217568,5.571111111111111,1.5475308641975307
0.4444444444444444,2.25,8.0,18.0,0.0,1.0,20.0,5.0,0.186,0.2,0.193,0.19776685503295965,0.1816938033457034,5.571111111111111,0.1740972222222222
0.4444444444444444,2.25,8.0,18.0,0.0,1.0,20.0,10.0,0.371,0.4,0.3855,0.3955337100659193,0.37081707027622485,5.571111111111111,0.3481944444444444
0.4444444444444444,2.25,8.0,18.0,0.0,1.0,20.0,20.0,0.742,0.8,0.771,0.7910674201318386,0.7732524501162575,5.571111111111111,0.6963888888888888
0.4444444444444444,2.25,8.0,18.0,0.0,1.0,20.0,40.0,1.484,1.6,1.542,1.5821348402636772,1.6906618852839868,5.571111111111111,1.3927777777777777
0.4444444444444444,2.25,8.0,18.0,10.0,1.0,16.0,5.0,0.211,0.232,0.2215,0.22929490438604017,0.211334494497844,5.571111111111111,0.20185185185185184
0.4444444444444444,2.25,8.0,18.0,10.0,1.0,16.0,10.0,0.422,0.464,0.443,0.45858980877208033,0.4327538270999555,5.571111111111111,0.4037037037037037
0.4444444444444444,2.25,8.0,18.0,10.0,1.0,16.0,20.0,0.841,0.928,0.8845000000000001,0.9171796175441607,0.908879179533303,5.571111111111111,0.8074074074074074
0.4444444444444444,2.25,8.0,18.0,10.0,1.0,16.0,40.0,1.69,1.855,1.7725,1.8343592350883213,2.0202302032222414,5.571111111111111,1.6148148148148147
0.4444444444444444,2.25,8.0,18.0,10.0,1.0,18.0,5.0,0.189,0.208,0.1985,0.20547205717710093,0.18892025375272836,5.571111111111111,0.18088023088023086
0.4444444444444444,2.25,8.0,18.0,10.0,1.0,18.0,10.0,0.368,0.416,0.392,0.41094411435420186,0.385879239658387,5.571111111111111,0.3617604617604617
0.4444444444444444,2.25,8.0,18.0,10.0,1.0,18.0,20.0,0.757,0.831,0.794,0.8218882287084037,0.8060569507532683,5.571111111111111,0.7235209235209235
0.4444444444444444,2.25,8.0,18.0,10.0,1.0,18.0,40.0,1.514,1.663,1.5885,1.6437764574168074,1.7693837171532802,5.571111111111111,1.447041847041847
0.4444444444444444,2.25,8.0,18.0,10.0,1.0,20.0,5.0,0.173,0.189,0.181,0.18613351061925615,0.17080463038971583,5.571111111111111,0.16385620915032678
0.4444444444444444,2.25,8.0,18.0,10.0,1.0,20.0,10.0,0.345,0.377,0.361,0.3722670212385123,0.34816685729558794,5.571111111111111,0.32771241830065356
0.4444444444444444,2.25,8.0,18.0,10.0,1.0,20.0,20.0,0.691,0.754,0.7224999999999999,0.7445340424770246,0.7241349809714289,5.571111111111111,0.6554248366013071
0.4444444444444444,2.25,8.0,18.0,10.0,1.0,20.0,40.0,1.381,1.508,1.4445000000000001,1.4890680849540492,1.5739505598106016,5.571111111111111,1.3108496732026143
0.4,2.5,8.0,20.0,0.0,1.0,16.0,5.0,0.224,0.246,0.235,0.24475333691207962,0.22768748003512862,5.531199999999999,0.21606249999999996
0.4,2.5,8.0,20.0,0.0,1.0,16.0,10.0,0.449,0.492,0.47050000000000003,0.48950667382415924,0.46590268421117087,5.531199999999999,0.4321249999999999
0.4,2.5,8.0,20.0,0.0,1.0,16.0,20.0,0.898,0.985,0.9415,0.9790133476483185,0.9769785167866796,5.531199999999999,0.8642499999999999
0.4,2.5,8.0,20.0,0.0,1.0,16.0,40.0,1.796,1.969,1.8825,1.958026695296637,2.1637506978034935,5.531199999999999,1.7284999999999997
0.4,2.5,8.0,20.0,0.0,1.0,18.0,5.0,0.201,0.219,0.21000000000000002,0.21755852169962633,0.2018820037174482,5.531199999999999,0.19205555555555553
0.4,2.5,8.0,20.0,0.0,1.0,18.0,10.0,0.401,0.438,0.4195,0.43511704339925267,0.41201896697358315,5.531199999999999,0.38411111111111107
0.4,2.5,8.0,20.0,0.0,1.0,18.0,20.0,0.802,0.876,0.839,0.8702340867985053,0.8591693890180641,5.531199999999999,0.7682222222222221
0.4,2.5,8.0,20.0,0.0,1.0,18.0,40.0,1.604,1.752,1.678,1.7404681735970107,1.8785132058710963,5.531199999999999,1.5364444444444443
0.4,2.5,8.0,20.0,0.0,1.0,20.0,5.0,0.176,0.197,0.1865,0.1958026695296637,0.18133050066642958,5.531199999999999,0.17284999999999998
0.4,2.5,8.0,20.0,0.0,1.0,20.0,10.0,0.352,0.395,0.3735,0.3916053390593274,0.3693069732564559,5.531199999999999,0.34569999999999995
0.4,2.5,8.0,20.0,0.0,1.0,20.0,20.0,0.705,0.79,0.7475,0.7832106781186547,0.7667149328236599,5.531199999999999,0.6913999999999999
0.4,2.5,8.0,20.0,0.0,1.0,20.0,40.0,1.408,1.58,1.494,1.5664213562373095,1.6597198292226185,5.531199999999999,1.3827999999999998
0.4,2.5,8.0,20.0,10.0,1.0,16.0,5.0,0.206,0.229,0.2175,0.22701758786047965,0.2108431484059291,5.531199999999999,0.20040579710144923
0.4,2.5,8.0,20.0,10.0,1.0,16.0,10.0,0.411,0.457,0.434,0.4540351757209593,0.43069854261629836,5.531199999999999,0.40081159420289847
0.4,2.5,8.0,20.0,10.0,1.0,16.0,20.0,0.823,0.914,0.8685,0.9080703514419186,0.8998605819879606,5.531199999999999,0.8016231884057969
0.4,2.5,8.0,20.0,10.0,1.0,16.0,40.0,1.646,1.829,1.7374999999999998,1.8161407028838372,1.9762060800527224,5.531199999999999,1.6032463768115939
0.4,2.5,8.0,20.0,10.0,1.0,18.0,5.0,0.185,0.205,0.195,0.20343134496588436,0.18852750856484166,5.531199999999999,0.17958441558441554
0.4,2.5,8.0,20.0,10.0,1.0,18.0,10.0,0.369,0.41,0.38949999999999996,0.4068626899317687,0.38424424473150925,5.531199999999999,0.3591688311688311
0.4,2.5,8.0,20.0,10.0,1.0,18.0,20.0,0.738,0.819,0.7785,0.8137253798635374,0.7989555184366739,5.531199999999999,0.7183376623376622
0.4,2.5,8.0,20.0,10.0,1.0,18.0,40.0,1.477,1.639,1.558,1.6274507597270749,1.7355219391284715,5.531199999999999,1.4366753246753243
0.4,2.5,8.0,20.0,10.0,1.0,20.0,5.0,0.169,0.186,0.1775,0.18428486543968348,0.17048353084089943,5.531199999999999,0.16268235294117644
0.4,2.5,8.0,20.0,10.0,1.0,20.0,10.0,0.338,0.372,0.355,0.36856973087936695,0.34683527408275827,5.531199999999999,0.3253647058823529
0.4,2.5,8.0,20.0,10.0,1.0,20.0,20.0,0.677,0.744,0.7105,0.7371394617587339,0.7183985391660038,5.531199999999999,0.6507294117647058
0.4,2.5,8.0,20.0,10.0,1.0,20.0,40.0,1.354,1.487,1.4205,1.4742789235174678,1.5470991642784646,5.531199999999999,1.3014588235294116
0.36363636363636365,2.75,8.0,22.0,0.0,1.0,16.0,5.0,0.228,0.244,0.236,0.2427445108291633,0.22722071907047778,5.4980165289256195,0.214766270661157
0.36363636363636365,2.75,8.0,22.0,0.0,1.0,16.0,10.0,0.457,0.488,0.47250000000000003,0.4854890216583266,0.4639524975669326,5.4980165289256195,0.429532541322314
0.36363636363636365,2.75,8.0,22.0,0.0,1.0,16.0,20.0,0.913,0.977,0.9450000000000001,0.9709780433166532,0.968442284865474,5.4980165289256195,0.859065082644628
0.36363636363636365,2.75,8.0,22.0,0.0,1.0,16.0,40.0,1.826,1.953,1.8895,1.9419560866333063,2.1223196923409104,5.4980165289256195,1.718130165289256
0.36363636363636365,2.75,8.0,22.0,0.0,1.0,18.0,5.0,0.203,0.218,0.21050000000000002,0.21577289851481182,0.20151496459535204,5.4980165289256195,0.19090335169880623
0.36363636363636365,2.75,8.0,22.0,0.0,1.0,18.0,10.0,0.406,0.436,0.42100000000000004,0.43154579702962365,0.41049305153381405,5.4980165289256195,0.38180670339761247
0.36363636363636365,2.75,8.0,22.0,0.0,1.0,18.0,20.0,0.813,0.872,0.8425,0.8630915940592473,0.8525607568203216,5.4980165289256195,0.7636134067952249
0.36363636363636365,2.75,8.0,22.0,0.0,1.0,18.0,40.0,1.625,1.744,1.6844999999999999,1.7261831881184946,1.8472065158858273,5.4980165289256195,1.5272268135904499
0.36363636363636365,2.75,8.0,22.0,0.0,1.0,20.0,5.0,0.181,0.195,0.188,0.19419560866333063,0.18103433190263474,5.4980165289256195,0.1718130165289256
0.36363636363636365,2.75,8.0,22.0,0.0,1.0,20.0,10.0,0.363,0.39,0.3765,0.38839121732666126,0.3680805571821087,5.4980165289256195,0.3436260330578512
0.36363636363636365,2.75,8.0,22.0,0.0,1.0,20.0,20.0,0.725,0.78,0.7525,0.7767824346533225,0.7614477128427349,5.4980165289256195,0.6872520661157024
0.36363636363636365,2.75,8.0,22.0,0.0,1.0,20.0,40.0,1.451,1.561,1.506,1.553564869306645,1.6352335931949435,5.4980165289256195,1.3745041322314049
0.36363636363636365,2.75,8.0,22.0,10.0,1.0,16.0,5.0,0.209,0.226,0.2175,0.22515432888502102,0.21044283412548742,5.4980165289256195,0.19920349742484128
0.36363636363636365,2.75,8.0,22.0,10.0,1.0,16.0,10.0,0.418,0.453,0.4355,0.45030865777004203,0.42903141079938206,5.4980165289256195,0.39840699484968256
0.36363636363636365,2.75,8.0,22.0,10.0,1.0,16.0,20.0,0.836,0.905,0.8705,0.9006173155400841,0.8926137821717202,5.4980165289256195,0.7968139896993651
0.36363636363636365,2.75,8.0,22.0,10.0,1.0,16.0,40.0,1.672,1.811,1.7414999999999998,1.8012346310801681,1.9415884870557838,5.4980165289256195,1.5936279793987302
0.36363636363636365,2.75,8.0,22.0,10.0,1.0,18.0,5.0,0.188,0.204,0.196,0.20176167133852532,0.18820738412236854,5.4980165289256195,0.1785070301599227
0.36363636363636365,2.75,8.0,22.0,10.0,1.0,18.0,10.0,0.376,0.407,0.39149999999999996,0.40352334267705064,0.38291679149449603,5.4980165289256195,0.3570140603198454
0.36363636363636365,2.75,8.0,22.0,10.0,1.0,18.0,20.0,0.752,0.814,0.7829999999999999,0.8070466853541013,0.7932376603267631,5.4980165289256195,0.7140281206396908
0.36363636363636365,2.75,8.0,22.0,10.0,1.0,18.0,40.0,1.504,1.628,1.5659999999999998,1.6140933707082026,1.7087660029566312,5.4980165289256195,1.4280562412793816
0.36363636363636365,2.75,8.0,22.0,10.0,1.0,20.0,5.0,0.172,0.184,0.178,0.18277233756548766,0.17022170962960995,5.4980165289256195,0.16170636849781234
0.36363636363636365,2.75,8.0,22.0,10.0,1.0,20.0,10.0,0.344,0.368,0.356,0.3655446751309753,0.3457533492126734,5.4980165289256195,0.3234127369956247
0.36363636363636365,2.75,8.0,22.0,10.0,1.0,20.0,20.0,0.687,0.735,0.7110000000000001,0.7310893502619507,0.7137722523972528,5.4980165289256195,0.6468254739912493
0.36363636363636365,2.75,8.0,22.0,10.0,1.0,20.0,40.0,1.377,1.471,1.424,1.4621787005239013,1.5258019033314205,5.4980165289256195,1.2936509479824987
0.3333333333333333,3.0,8.0,24.0,0.0,1.0,16.0,5.0,0.224,0.242,0.23299999999999998,0.24107048909339968,0.22683321098133385,5.47,0.21367187499999998
0.3333333333333333,3.0,8.0,24.0,0.0,1.0,16.0,10.0,0.448,0.484,0.46599999999999997,0.48214097818679935,0.46233977013947136,5.47,0.42734374999999997
0.3333333333333333,3.0,8.0,24.0,0.0,1.0,16.0,20.0,0.896,0.969,0.9325,0.9642819563735987,0.9614418828185138,5.47,0.8546874999999999
0.3333333333333333,3.0,8.0,24.0,0.0,1.0,16.0,40.0,1.791,1.938,1.8645,1.9285639127471974,2.0889868224997774,5.47,1.7093749999999999
0.3333333333333333,3.0,8.0,24.0,0.0,1.0,18.0,5.0,0.197,0.215,0.20600000000000002,0.21428487919413305,0.20121011661814883,5.47,0.18993055555555555
0.3333333333333333,3.0,8.0,24.0,0.0,1.0,18.0,10.0,0.394,0.43,0.41200000000000003,0.4285697583882661,0.40923006260812983,5.47,0.3798611111111111
0.3333333333333333,3.0,8.0,24.0,0.0,1.0,18.0,20.0,0.789,0.859,0.8240000000000001,0.8571395167765322,0.8471307299736954,5.47,0.7597222222222222
0.3333333333333333,3.0,8.0,24.0,0.0,1.0,18.0,40.0,1.578,1.718,1.6480000000000001,1.7142790335530644,1.821903802482379,5.47,1.5194444444444444
0.3333333333333333,3.0,8.0,24.0,0.0,1.0,20.0,5.0,0.18,0.194,0.187,0.19285639127471974,0.18078826263474929,5.47,0.1709375
0.3333333333333333,3.0,8.0,24.0,0.0,1.0,20.0,10.0,0.354,0.387,0.3705,0.38571278254943947,0.36706474887774976,5.47,0.341875
0.3333333333333333,3.0,8.0,24.0,0.0,1.0,20.0,20.0,0.72,0.775,0.7475,0.7714255650988789,0.7571133308651218,5.47,0.68375
0.3333333333333333,3.0,8.0,24.0,0.0,1.0,20.0,40.0,1.439,1.549,1.494,1.5428511301977579,1.6153736050463374,5.47,1.3675
0.3333333333333333,3.0,8.0,24.0,10.0,1.0,16.0,5.0,0.205,0.225,0.215,0.22360161307213883,0.21011039824632322,5.47,0.19818840579710142
0.3333333333333333,3.0,8.0,24.0,10.0,1.0,16.0,10.0,0.41,0.45,0.43,0.44720322614427765,0.4276519614456996,5.47,0.39637681159420285
0.3333333333333333,3.0,8.0,24.0,10.0,1.0,16.0,20.0,0.82,0.901,0.8605,0.8944064522885553,0.8866633494726253,5.47,0.7927536231884057
0.3333333333333333,3.0,8.0,24.0,10.0,1.0,16.0,40.0,1.64,1.801,1.7205,1.7888129045771106,1.913653612847677,5.47,1.5855072463768114
0.3333333333333333,3.0,8.0,24.0,10.0,1.0,18.0,5.0,0.185,0.202,0.1935,0.20037027664905946,0.18794144304860727,5.47,0.1775974025974026
0.3333333333333333,3.0,8.0,24.0,10.0,1.0,18.0,10.0,0.371,0.404,0.3875,0.4007405532981189,0.3818175666919491,5.47,0.3551948051948052
0.3333333333333333,3.0,8.0,24.0,10.0,1.0,18.0,20.0,0.742,0.808,0.775,0.8014811065962378,0.7885349258226518,5.47,0.7103896103896103
0.3333333333333333,3.0,8.0,24.0,10.0,1.0,18.0,40.0,1.483,1.616,1.5495,1.6029622131924757,1.687091584380662,5.47,1.4207792207792207
0.3333333333333333,3.0,8.0,24.0,10.0,1.0,20.0,5.0,0.167,0.182,0.1745,0.18151189767032447,0.17000413881143817,5.47,0.16088235294117645
0.3333333333333333,3.0,8.0,24.0,10.0,1.0,20.0,10.0,0.333,0.365,0.349,0.36302379534064894,0.3448568880017622,5.47,0.3217647058823529
0.3333333333333333,3.0,8.0,24.0,10.0,1.0,20.0,20.0,0.666,0.729,0.6975,0.7260475906812979,0.7099622860263477,5.47,0.6435294117647058
0.3333333333333333,3.0,8.0,24.0,10.0,1.0,20.0,40.0,1.333,1.458,1.3955,1.4520951813625957,1.5084970146614554,5.47,1.2870588235294116
0.3076923076923077,3.25,8.0,26.0,0.0,1.0,16.0,5.0,0.224,0.241,0.23249999999999998,0.23965400916313817,0.2265063503928999,5.446035502958579,0.2127357618343195
0.3076923076923077,3.25,8.0,26.0,0.0,1.0,16.0,10.0,0.449,0.481,0.46499999999999997,0.47930801832627634,0.4609838861497209,5.446035502958579,0.425471523668639
0.3076923076923077,3.25,8.0,26.0,0.0,1.0,16.0,20.0,0.897,0.962,0.9295,0.9586160366525527,0.9555970328881702,5.446035502958579,0.850943047337278
0.3076923076923077,3.25,8.0,26.0,0.0,1.0,16.0,40.0,1.795,1.925,1.8599999999999999,1.9172320733051054,2.0615891695832858,5.446035502958579,1.701886094674556
0.3076923076923077,3.25,8.0,26.0,0.0,1.0,18.0,5.0,0.199,0.213,0.20600000000000002,0.21302578592278948,0.20095288781350312,5.446035502958579,0.18909845496383956
0.3076923076923077,3.25,8.0,26.0,0.0,1.0,18.0,10.0,0.4,0.426,0.41300000000000003,0.42605157184557896,0.40816743421332286,5.446035502958579,0.3781969099276791
0.3076923076923077,3.25,8.0,26.0,0.0,1.0,18.0,20.0,0.8,0.852,0.8260000000000001,0.8521031436911579,0.84258982741213,5.446035502958579,0.7563938198553583
0.3076923076923077,3.25,8.0,26.0,0.0,1.0,18.0,40.0,1.589,1.705,1.647,1.7042062873823158,1.8010290328635303,5.446035502958579,1.5127876397107165
0.3076923076923077,3.25,8.0,26.0,0.0,1.0,20.0,5.0,0.179,0.191,0.185,0.19172320733051054,0.1805805720587166,5.446035502958579,0.1701886094674556
0.3076923076923077,3.25,8.0,26.0,0.0,1.0,20.0,10.0,0.359,0.383,0.371,0.3834464146610211,0.3662095878027245,5.446035502958579,0.3403772189349112
0.3076923076923077,3.25,8.0,26.0,0.0,1.0,20.0,20.0,0.717,0.765,0.741,0.7668928293220422,0.7534841338916344,5.446035502958579,0.6807544378698224
0.3076923076923077,3.25,8.0,26.0,0.0,1.0,20.0,40.0,1.434,1.531,1.4825,1.5337856586440843,1.5989419535506684,5.446035502958579,1.3615088757396447
0.3076923076923077,3.25,8.0,26.0,10.0,1.0,16.0,5.0,0.208,0.223,0.2155,0.22228777661508467,0.20982992560289124,5.446035502958579,0.1973201269187891
0.3076923076923077,3.25,8.0,26.0,10.0,1.0,16.0,10.0,0.417,0.445,0.431,0.44457555323016934,0.42649164477778256,5.446035502958579,0.3946402538375782
0.3076923076923077,3.25,8.0,26.0,10.0,1.0,16.0,20.0,0.833,0.891,0.862,0.8891511064603387,0.8816899859980841,5.446035502958579,0.7892805076751565
0.3076923076923077,3.25,8.0,26.0,10.0,1.0,16.0,40.0,1.667,1.781,1.724,1.7783022129206774,1.890636706522601,5.446035502958579,1.578561015350313
0.3076923076923077,3.25,8.0,26.0,10.0,1.0,18.0,5.0,0.186,0.2,0.193,0.1991929426810499,0.18771700230314817,5.446035502958579,0.17681933451164217
0.3076923076923077,3.25,8.0,26.0,10.0,1.0,18.0,10.0,0.372,0.4,0.386,0.3983858853620998,0.380892370759902,5.446035502958579,0.35363866902328434
0.3076923076923077,3.25,8.0,26.0,10.0,1.0,18.0,20.0,0.743,0.801,0.772,0.7967717707241996,0.7845990242187769,5.446035502958579,0.7072773380465687
0.3076923076923077,3.25,8.0,26.0,10.0,1.0,18.0,40.0,1.487,1.602,1.5445000000000002,1.5935435414483992,1.6691765980371576,5.446035502958579,1.4145546760931373
0.3076923076923077,3.25,8.0,26.0,10.0,1.0,20.0,5.0,0.169,0.181,0.175,0.1804453716051864,0.1698204743712622,5.446035502958579,0.16017751479289938
0.3076923076923077,3.25,8.0,26.0,10.0,1.0,20.0,10.0,0.338,0.362,0.35,0.3608907432103728,0.3441019668480687,5.446035502958579,0.32035502958579876
0.3076923076923077,3.25,8.0,26.0,10.0,1.0,20.0,20.0,0.675,0.723,0.6990000000000001,0.7217814864207456,0.7067700942161136,5.446035502958579,0.6407100591715975
0.3076923076923077,3.25,8.0,26.0,10.0,1.0,20.0,40.0,1.35,1.446,1.3980000000000001,1.4435629728414912,1.4941580913778099,5.446035502958579,1.281420118343195
0.2857142857142857,3.5,8.0,28.0,0.0,1.0,16.0,5.0,0.218,0.239,0.22849999999999998,0.2384398835086283,0.22622693300025706,5.425306122448979,0.21192602040816325
0.2857142857142857,3.5,8.0,28.0,0.0,1.0,16.0,10.0,0.436,0.477,0.4565,0.4768797670172566,0.45982801369017234,5.425306122448979,0.4238520408163265
0.2857142857142857,3.5,8.0,28.0,0.0,1.0,16.0,20.0,0.873,0.955,0.9139999999999999,0.9537595340345132,0.9506434299850793,5.425306122448979,0.847704081632653
0.2857142857142857,3.5,8.0,28.0,0.0,1.0,16.0,40.0,1.742,1.91,1.826,1.9075190680690264,2.038671099881264,5.425306122448979,1.695408163265306
0.2857142857142857,3.5,8.0,28.0,0.0,1.0,18.0,5.0,0.195,0.212,0.20350000000000001,0.2119465631187807,0.20073292887328847,5.425306122448979,0.18837868480725622
0.2857142857142857,3.5,8.0,28.0,0.0,1.0,18.0,10.0,0.39,0.424,0.40700000000000003,0.4238931262375614,0.4072609924391462,5.425306122448979,0.37675736961451245
0.2857142857142857,3.5,8.0,28.0,0.0,1.0,18.0,20.0,0.781,0.847,0.8140000000000001,0.8477862524751228,0.8387361945048388,5.425306122448979,0.7535147392290249
0.2857142857142857,3.5,8.0,28.0,0.0,1.0,18.0,40.0,1.562,1.694,1.6280000000000001,1.6955725049502457,1.783513399906502,5.425306122448979,1.5070294784580498
0.2857142857142857,3.5,8.0,28.0,0.0,1.0,20.0,5.0,0.175,0.19,0.1825,0.19075190680690263,0.1804029309973962,5.425306122448979,0.1695408163265306
0.2857142857142857,3.5,8.0,28.0,0.0,1.0,20.0,10.0,0.35,0.38,0.365,0.38150381361380525,0.36547975768007124,5.425306122448979,0.3390816326530612
0.2857142857142857,3.5,8.0,28.0,0.0,1.0,20.0,20.0,0.702,0.76,0.731,0.7630076272276105,0.750400972595068,5.425306122448979,0.6781632653061224
0.2857142857142857,3.5,8.0,28.0,0.0,1.0,20.0,40.0,1.399,1.52,1.4595,1.526015254455221,1.5851214462337282,5.425306122448979,1.3563265306122447
0.2857142857142857,3.5,8.0,28.0,10.0,1.0,16.0,5.0,0.203,0.22,0.21150000000000002,0.22116163108046683,0.20959011577923753,5.425306122448979,0.19656906240757172
0.2857142857142857,3.5,8.0,28.0,10.0,1.0,16.0,10.0,0.406,0.441,0.4235,0.44232326216093365,0.4255020874298415,5.425306122448979,0.39313812481514343
0.2857142857142857,3.5,8.0,28.0,10.0,1.0,16.0,20.0,0.812,0.882,0.847,0.8846465243218673,0.8774712963956888,5.425306122448979,0.7862762496302869
0.2857142857142857,3.5,8.0,28.0,10.0,1.0,16.0,40.0,1.625,1.763,1.694,1.7692930486437346,1.8713441186277884,5.425306122448979,1.5725524992605737
0.2857142857142857,3.5,8.0,28.0,10.0,1.0,18.0,5.0,0.182,0.198,0.19,0.19818379927989885,0.1875250507425305,5.425306122448979,0.17614630267691492
0.2857142857142857,3.5,8.0,28.0,10.0,1.0,18.0,10.0,0.364,0.397,0.3805,0.3963675985597977,0.38010290697860066,5.425306122448979,0.35229260535382984
0.2857142857142857,3.5,8.0,28.0,10.0,1.0,18.0,20.0,0.729,0.794,0.7615000000000001,0.7927351971195954,0.7812565337954007,5.425306122448979,0.7045852107076597
0.2857142857142857,3.5,8.0,28.0,10.0,1.0,18.0,40.0,1.458,1.587,1.5225,1.5854703942391908,1.6541209898021698,5.425306122448979,1.4091704214153193
0.2857142857142857,3.5,8.0,28.0,10.0,1.0,20.0,5.0,0.164,0.179,0.17149999999999999,0.1795312064064966,0.16966336327207734,5.425306122448979,0.15956782713085232
0.2857142857142857,3.5,8.0,28.0,10.0,1.0,20.0,10.0,0.327,0.358,0.3425,0.3590624128129932,0.3434575172950875,5.425306122448979,0.31913565426170465
0.2857142857142857,3.5,8.0,28.0,10.0,1.0,20.0,20.0,0.652,0.715,0.6835,0.7181248256259865,0.704056689723936,5.425306122448979,0.6382713085234093
0.2857142857142857,3.5,8.0,28.0,10.0,1.0,20.0,40.0,1.305,1.431,1.3679999999999999,1.436249651251973,1.4820827960121121,5.425306122448979,1.2765426170468186
0.26666666666666666,3.75,8.0,30.0,0.0,1.0,16.0,5.0,0.221,0.237,0.22899999999999998,0.23738764127471973,0.22598532829343662,5.4072,0.21121874999999998
0.26666666666666666,3.75,8.0,30.0,0.0,1.0,16.0,10.0,0.442,0.473,0.4575,0.47477528254943946,0.45883093609718717,5.4072,0.42243749999999997
0.26666666666666666,3.75,8.0,30.0,0.0,1.0,16.0,20.0,0.885,0.947,0.9159999999999999,0.9495505650988789,0.9463916635814023,5.4072,0.8448749999999999
0.26666666666666666,3.75,8.0,30.0,0.0,1.0,16.0,40.0,1.77,1.893,1.8315000000000001,1.8991011301977578,2.019217006307922,5.4072,1.6897499999999999
0.26666666666666666,3.75,8.0,30.0,0.0,1.0,18.0,5.0,0.197,0.21,0.20350000000000001,0.21101123668863975,0.2005426869229742,5.4072,0.18774999999999997
0.26666666666666666,3.75,8.0,30.0,0.0,1.0,18.0,10.0,0.393,0.421,0.40700000000000003,0.4220224733772795,0.40647865988185483,5.4072,0.37549999999999994
0.26666666666666666,3.75,8.0,30.0,0.0,1.0,18.0,20.0,0.786,0.841,0.8135,0.844044946754559,0.835424779774037,5.4072,0.7509999999999999
0.26666666666666666,3.75,8.0,30.0,0.0,1.0,18.0,40.0,1.572,1.682,1.627,1.688089893509118,1.7686064626669897,5.4072,1.5019999999999998
0.26666666666666666,3.75,8.0,30.0,0.0,1.0,20.0,5.0,0.178,0.19,0.184,0.18991011301977578,0.180249257875797,5.4072,0.168975
0.26666666666666666,3.75,8.0,30.0,0.0,1.0,20.0,10.0,0.356,0.379,0.3675,0.37982022603955157,0.36484958724172456,5.4072,0.33795
0.26666666666666666,3.75,8.0,30.0,0.0,1.0,20.0,20.0,0.712,0.759,0.7355,0.7596404520791031,0.7477492370776446,5.4072,0.6759
0.26666666666666666,3.75,8.0,30.0,0.0,1.0,20.0,40.0,1.424,1.518,1.471,1.5192809041582063,1.573335492805941,5.4072,1.3518
0.26666666666666666,3.75,8.0,30.0,10.0,1.0,16.0,5.0,0.205,0.219,0.212,0.220185638283798,0.2093827235494713,5.4072,0.19591304347826086
0.26666666666666666,3.75,8.0,30.0,10.0,1.0,16.0,10.0,0.41,0.438,0.424,0.440371276567596,0.42464817802115046,5.4072,0.3918260869565217
0.26666666666666666,3.75,8.0,30.0,10.0,1.0,16.0,20.0,0.82,0.877,0.8485,0.880742553135192,0.8738476195156104,5.4072,0.7836521739130434
0.26666666666666666,3.75,8.0,30.0,10.0,1.0,16.0,40.0,1.64,1.753,1.6965,1.761485106270384,1.854939570902652,5.4072,1.5673043478260869
0.26666666666666666,3.75,8.0,30.0,10.0,1.0,18.0,5.0,0.184,0.197,0.1905,0.1973092083322346,0.18735900998224841,5.4072,0.17555844155844155
0.26666666666666666,3.75,8.0,30.0,10.0,1.0,18.0,10.0,0.367,0.394,0.3805,0.3946184166644692,0.37942134745319805,5.4072,0.3511168831168831
0.26666666666666666,3.75,8.0,30.0,10.0,1.0,18.0,20.0,0.735,0.788,0.7615000000000001,0.7892368333289383,0.7783826602544736,5.4072,0.7022337662337662
0.26666666666666666,3.75,8.0,30.0,10.0,1.0,18.0,40.0,1.47,1.576,1.5230000000000001,1.5784736666578767,1.6412907834264712,5.4072,1.4044675324675324
0.26666666666666666,3.75,8.0,30.0,10.0,1.0,20.0,5.0,0.165,0.178,0.17149999999999999,0.17873892990096543,0.16952743527974068,5.4072,0.15903529411764705
0.26666666666666666,3.75,8.0,30.0,10.0,1.0,20.0,10.0,0.33,0.357,0.3435,0.35747785980193086,0.34290094376827657,5.4072,0.3180705882352941
0.26666666666666666,3.75,8.0,30.0,10.0,1.0,20.0,20.0,0.661,0.713,0.687,0.7149557196038617,0.7017218693210224,5.4072,0.6361411764705882
0.26666666666666666,3.75,8.0,30.0,10.0,1.0,20.0,40.0,1.321,1.426,1.3735,1.4299114392077235,1.4717743185606864,5.4072,1.2722823529411764
2.5,0.4,10.0,4.0,0.0,1.0,16.0,5.0,0.239,0.262,0.2505,0.28861043456039803,0.2002496720354094,6.64,0.20749999999999996
2.5,0.4,10.0,4.0,0.0,1.0,16.0,10.0,0.479,0.523,0.501,0.5772208691207961,0.4572999723360025,6.64,0.4149999999999999
2.5,0.4,10.0,4.0,0.0,1.0,16.0,20.0,0.957,1.047,1.002,1.1544417382415921,1.276748412889643,6.64,0.8299999999999998
2.5,0.4,10.0,4.0,0.0,1.0,16.0,40.0,1.911,2.094,2.0025,2.3088834764831843,12.27215521823332,6.64,1.6599999999999997
2.5,0.4,10.0,4.0,0.0,1.0,18.0,5.0,0.213,0.232,0.2225,0.2565426084981316,0.17557658220788205,6.64,0.1844444444444444
2.5,0.4,10.0,4.0,0.0,1.0,18.0,10.0,0.426,0.465,0.4455,0.5130852169962632,0.3940691597554305,6.64,0.3688888888888888
2.5,0.4,10.0,4.0,0.0,1.0,18.0,20.0,0.851,0.929,0.89,1.0261704339925264,1.0431028213695854,6.64,0.7377777777777776
2.5,0.4,10.0,4.0,0.0,1.0,18.0,40.0,1.702,1.858,1.78,2.0523408679850528,5.910005582427949,6.64,1.4755555555555553
2.5,0.4,10.0,4.0,0.0,1.0,20.0,5.0,0.19,0.209,0.1995,0.23088834764831845,0.15631656268586872,6.64,0.16599999999999998
2.5,0.4,10.0,4.0,0.0,1.0,20.0,10.0,0.38,0.418,0.399,0.4617766952966369,0.34620011164855896,6.64,0.33199999999999996
2.5,0.4,10.0,4.0,0.0,1.0,20.0,20.0,0.761,0.836,0.7985,0.9235533905932738,0.8817433515864755,6.64,0.6639999999999999
2.5,0.4,10.0,4.0,0.0,1.0,20.0,40.0,1.521,1.672,1.5964999999999998,1.8471067811865476,3.892203461105329,6.64,1.3279999999999998
2.5,0.4,10.0,4.0,10.0,1.0,16.0,5.0,0.224,0.247,0.2355,0.2716333501744923,0.18710322978908317,6.64,0.19529411764705878
2.5,0.4,10.0,4.0,10.0,1.0,16.0,10.0,0.447,0.494,0.47050000000000003,0.5432667003489846,0.4233365036666062,6.64,0.39058823529411757
2.5,0.4,10.0,4.0,10.0,1.0,16.0,20.0,0.895,0.987,0.9410000000000001,1.0865334006979692,1.1481597198965123,6.64,0.7811764705882351
2.5,0.4,10.0,4.0,10.0,1.0,16.0,40.0,1.79,1.974,1.8820000000000001,2.1730668013959384,7.977985305854672,6.64,1.5623529411764703
2.5,0.4,10.0,4.0,10.0,1.0,18.0,5.0,0.201,0.221,0.21100000000000002,0.24304036594559836,0.16538773542704618,6.64,0.17473684210526313
2.5,0.4,10.0,4.0,10.0,1.0,18.0,10.0,0.403,0.441,0.42200000000000004,0.4860807318911967,0.36858692471683385,6.64,0.34947368421052627
2.5,0.4,10.0,4.0,10.0,1.0,18.0,20.0,0.807,0.883,0.845,0.9721614637823934,0.9556597204349403,6.64,0.6989473684210525
2.5,0.4,10.0,4.0,10.0,1.0,18.0,40.0,1.614,1.766,1.69,1.9443229275647869,4.693420448578048,6.64,1.397894736842105
2.5,0.4,10.0,4.0,10.0,1.0,20.0,5.0,0.183,0.199,0.191,0.21989366442696995,0.1481887201049481,6.64,0.15809523809523807
2.5,0.4,10.0,4.0,10.0,1.0,20.0,10.0,0.365,0.398,0.3815,0.4397873288539399,0.32637699711509127,6.64,0.31619047619047613
2.5,0.4,10.0,4.0,10.0,1.0,20.0,20.0,0.73,0.797,0.7635000000000001,0.8795746577078798,0.8184403402947991,6.64,0.6323809523809523
2.5,0.4,10.0,4.0,10.0,1.0,20.0,40.0,1.461,1.593,1.5270000000000001,1.7591493154157596,3.324650175191144,6.64,1.2647619047619045
1.6666666666666667,0.6,10.0,6.0,0.0,1.0,16.0,5.0,0.21,0.244,0.22699999999999998,0.2517819563735987,0.19228837656370276,6.39,0.1996875
1.6666666666666667,0.6,10.0,6.0,0.0,1.0,16.0,10.0,0.421,0.489,0.45499999999999996,0.5035639127471974,0.41779736449995547,6.39,0.399375
1.6666666666666667,0.6,10.0,6.0,0.0,1.0,16.0,20.0,0.842,0.978,0.9099999999999999,1.0071278254943947,1.0101050562412541,6.39,0.79875
1.6666666666666667,0.6,10.0,6.0,0.0,1.0,16.0,40.0,1.684,1.956,1.8199999999999998,2.0142556509887894,3.4693112721585067,6.39,1.5975
1.6666666666666667,0.6,10.0,6.0,0.0,1.0,18.0,5.0,0.192,0.217,0.20450000000000002,0.22380618344319886,0.16942614599473907,6.39,0.1775
1.6666666666666667,0.6,10.0,6.0,0.0,1.0,18.0,10.0,0.385,0.435,0.41000000000000003,0.4476123668863977,0.3643807604964758,6.39,0.355
1.6666666666666667,0.6,10.0,6.0,0.0,1.0,18.0,20.0,0.77,0.87,0.8200000000000001,0.8952247337727954,0.8580489831854192,6.39,0.71
1.6666666666666667,0.6,10.0,6.0,0.0,1.0,18.0,40.0,1.54,1.736,1.638,1.7904494675455909,2.6598507340861977,6.39,1.42
1.6666666666666667,0.6,10.0,6.0,0.0,1.0,20.0,5.0,0.172,0.196,0.184,0.20142556509887896,0.15142266617302436,6.39,0.15975
1.6666666666666667,0.6,10.0,6.0,0.0,1.0,20.0,10.0,0.344,0.391,0.3675,0.4028511301977579,0.3230747210092675,6.39,0.3195
1.6666666666666667,0.6,10.0,6.0,0.0,1.0,20.0,20.0,0.688,0.783,0.7355,0.8057022603955158,0.7457826583328231,6.39,0.639
1.6666666666666667,0.6,10.0,6.0,0.0,1.0,20.0,40.0,1.376,1.566,1.471,1.6114045207910317,2.156658626187998,6.39,1.278
1.6666666666666667,0.6,10.0,6.0,10.0,1.0,16.0,5.0,0.2,0.23,0.21500000000000002,0.23697125305750466,0.18013475560970635,6.39,0.18794117647058822
1.6666666666666667,0.6,10.0,6.0,10.0,1.0,16.0,10.0,0.4,0.46,0.43000000000000005,0.4739425061150093,0.38926509587726366,6.39,0.37588235294117645
1.6666666666666667,0.6,10.0,6.0,10.0,1.0,16.0,20.0,0.8,0.921,0.8605,0.9478850122300186,0.9278888122997079,6.39,0.7517647058823529
1.6666666666666667,0.6,10.0,6.0,10.0,1.0,16.0,40.0,1.599,1.842,1.7205,1.8957700244600373,3.0111294577048273,6.39,1.5035294117647058
1.6666666666666667,0.6,10.0,6.0,10.0,1.0,18.0,5.0,0.18,0.206,0.193,0.2120269106303989,0.15991930013771818,6.39,0.1681578947368421
1.6666666666666667,0.6,10.0,6.0,10.0,1.0,18.0,10.0,0.36,0.412,0.386,0.4240538212607978,0.3424867957433259,6.39,0.3363157894736842
1.6666666666666667,0.6,10.0,6.0,10.0,1.0,18.0,20.0,0.72,0.823,0.7715,0.8481076425215957,0.7979865655400454,6.39,0.6726315789473684
1.6666666666666667,0.6,10.0,6.0,10.0,1.0,18.0,40.0,1.441,1.647,1.544,1.6962152850431913,2.381969846192893,6.39,1.3452631578947367
1.6666666666666667,0.6,10.0,6.0,10.0,1.0,20.0,5.0,0.162,0.186,0.174,0.19183387152274187,0.14378334762940095,6.39,0.15214285714285714
1.6666666666666667,0.6,10.0,6.0,10.0,1.0,20.0,10.0,0.322,0.373,0.34750000000000003,0.38366774304548373,0.30574515426968607,6.39,0.30428571428571427
1.6666666666666667,0.6,10.0,6.0,10.0,1.0,20.0,20.0,0.653,0.745,0.6990000000000001,0.7673354860909675,0.69998966259793,6.39,0.6085714285714285
1.6666666666666667,0.6,10.0,6.0,10.0,1.0,20.0,40.0,1.321,1.49,1.4055,1.534670972181935,1.970288467442851,6.39,1.217142857142857
1.25,0.8,10.0,8.0,0.0,1.0,16.0,5.0,0.209,0.233,0.221,0.23336771728019903,0.1885404889255867,6.17125,0.1928515625
1.25,0.8,10.0,8.0,0.0,1.0,16.0,10.0,0.418,0.466,0.442,0.46673543456039807,0.4004993440708188,6.17125,0.385703125
1.25,0.8,10.0,8.0,0.0,1.0,16.0,20.0,0.837,0.932,0.8845000000000001,0.9334708691207961,0.914599944672005,6.17125,0.77140625
1.25,0.8,10.0,8.0,0.0,1.0,16.0,40.0,1.674,1.865,1.7694999999999999,1.8669417382415923,2.553496825779286,6.17125,1.5428125
1.25,0.8,10.0,8.0,0.0,1.0,18.0,5.0,0.186,0.207,0.1965,0.20743797091573246,0.16650973344825162,6.17125,0.1714236111111111
1.25,0.8,10.0,8.0,0.0,1.0,18.0,10.0,0.361,0.415,0.388,0.4148759418314649,0.3511531644157641,6.17125,0.3428472222222222
1.25,0.8,10.0,8.0,0.0,1.0,18.0,20.0,0.754,0.829,0.7915,0.8297518836629298,0.788138319510861,6.17125,0.6856944444444444
1.25,0.8,10.0,8.0,0.0,1.0,18.0,40.0,1.508,1.658,1.583,1.6595037673258597,2.086205642739171,6.17125,1.3713888888888888
1.25,0.8,10.0,8.0,0.0,1.0,20.0,5.0,0.169,0.187,0.178,0.18669417382415923,0.14908885894757468,6.17125,0.15428125
1.25,0.8,10.0,8.0,0.0,1.0,20.0,10.0,0.338,0.373,0.35550000000000004,0.37338834764831846,0.31263312537173743,6.17125,0.3085625
1.25,0.8,10.0,8.0,0.0,1.0,20.0,20.0,0.676,0.747,0.7115,0.7467766952966369,0.6924002232971179,6.17125,0.617125
1.25,0.8,10.0,8.0,0.0,1.0,20.0,40.0,1.352,1.494,1.423,1.4935533905932739,1.763486703172951,6.17125,1.23425
1.25,0.8,10.0,8.0,10.0,1.0,16.0,5.0,0.199,0.219,0.20900000000000002,0.21964020449901084,0.17684161043643787,6.17125,0.18150735294117645
1.25,0.8,10.0,8.0,10.0,1.0,16.0,10.0,0.398,0.438,0.41800000000000004,0.4392804089980217,0.37420645957816634,6.17125,0.3630147058823529
1.25,0.8,10.0,8.0,10.0,1.0,16.0,20.0,0.795,0.876,0.8355,0.8785608179960434,0.8466730073332124,6.17125,0.7260294117647058
1.25,0.8,10.0,8.0,10.0,1.0,16.0,40.0,1.591,1.752,1.6715,1.7571216359920867,2.2963194397930247,6.17125,1.4520588235294116
1.25,0.8,10.0,8.0,10.0,1.0,18.0,5.0,0.178,0.197,0.1875,0.1965201829727992,0.15731848469291806,6.17125,0.16240131578947367
1.25,0.8,10.0,8.0,10.0,1.0,18.0,10.0,0.355,0.393,0.374,0.3930403659455984,0.33077547085409237,6.17125,0.32480263157894734
1.25,0.8,10.0,8.0,10.0,1.0,18.0,20.0,0.711,0.786,0.7484999999999999,0.7860807318911968,0.7371738494336677,6.17125,0.6496052631578947
1.25,0.8,10.0,8.0,10.0,1.0,18.0,40.0,1.42,1.573,1.4965,1.5721614637823935,1.9113194408698806,6.17125,1.2992105263157894
1.25,0.8,10.0,8.0,10.0,1.0,20.0,5.0,0.159,0.177,0.16799999999999998,0.17780397507062784,0.14167744537909183,6.17125,0.1469345238095238
1.25,0.8,10.0,8.0,10.0,1.0,20.0,10.0,0.318,0.355,0.3365,0.3556079501412557,0.2963774402098962,6.17125,0.2938690476190476
1.25,0.8,10.0,8.0,10.0,1.0,20.0,20.0,0.637,0.71,0.6735,0.7112159002825114,0.6527539942301825,6.17125,0.5877380952380952
1.25,0.8,10.0,8.0,10.0,1.0,20.0,40.0,1.274,1.419,1.3465,1.4224318005650227,1.6368806805895981,6.17125,1.1754761904761903
1.0,1.0,10.0,10.0,0.0,1.0,16.0,5.0,0.206,0.225,0.2155,0.22231917382415922,0.18636107368446833,6.01,0.1878125
1.0,1.0,10.0,10.0,0.0,1.0,16.0,10.0,0.412,0.45,0.431,0.44463834764831844,0.39079140671467183,6.01,0.375625
1.0,1.0,10.0,10.0,0.0,1.0,16.0,20.0,0.824,0.9,0.862,0.8892766952966369,0.8655002791213975,6.01,0.75125
1.0,1.0,10.0,10.0,0.0,1.0,16.0,40.0,1.648,1.801,1.7245,1.7785533905932738,2.2043583789661887,6.01,1.5025
1.0,1.0,10.0,10.0,0.0,1.0,18.0,5.0,0.18,0.201,0.1905,0.19761704339925265,0.16480758678943327,6.01,0.16694444444444442
1.0,1.0,10.0,10.0,0.0,1.0,18.0,10.0,0.36,0.401,0.3805,0.3952340867985053,0.3436677556072256,6.01,0.33388888888888885
1.0,1.0,10.0,10.0,0.0,1.0,18.0,20.0,0.721,0.802,0.7615000000000001,0.7904681735970106,0.7514052823484385,6.01,0.6677777777777777
1.0,1.0,10.0,10.0,0.0,1.0,18.0,40.0,1.442,1.604,1.5230000000000001,1.5809363471940212,1.8471790304398161,6.01,1.3355555555555554
1.0,1.0,10.0,10.0,0.0,1.0,20.0,5.0,0.164,0.179,0.17149999999999999,0.17785533905932738,0.14772278930258237,6.01,0.15025
1.0,1.0,10.0,10.0,0.0,1.0,20.0,10.0,0.327,0.361,0.344,0.35571067811865476,0.30668597312946394,6.01,0.3005
1.0,1.0,10.0,10.0,0.0,1.0,20.0,20.0,0.654,0.721,0.6875,0.7114213562373095,0.6638879316890474,6.01,0.601
1.0,1.0,10.0,10.0,0.0,1.0,20.0,40.0,1.308,1.444,1.376,1.422842712474619,1.5896094480663758,6.01,1.202
1.0,1.0,10.0,10.0,10.0,1.0,16.0,5.0,0.194,0.212,0.203,0.20924157536391455,0.17492289194586363,6.01,0.17676470588235293
1.0,1.0,10.0,10.0,10.0,1.0,16.0,10.0,0.388,0.424,0.406,0.4184831507278291,0.36571783033284544,6.01,0.35352941176470587
1.0,1.0,10.0,10.0,10.0,1.0,16.0,20.0,0.776,0.847,0.8115,0.8369663014556582,0.8044272926053615,6.01,0.7070588235294117
1.0,1.0,10.0,10.0,10.0,1.0,16.0,40.0,1.552,1.694,1.623,1.6739326029113164,2.010024423690375,6.01,1.4141176470588235
1.0,1.0,10.0,10.0,10.0,1.0,18.0,5.0,0.173,0.189,0.181,0.18721614637823936,0.15579820894974108,6.01,0.15815789473684208
1.0,1.0,10.0,10.0,10.0,1.0,18.0,10.0,0.347,0.379,0.363,0.3744322927564787,0.3241253963942246,6.01,0.31631578947368416
1.0,1.0,10.0,10.0,10.0,1.0,18.0,20.0,0.694,0.757,0.7255,0.7488645855129574,0.7049407060116334,6.01,0.6326315789473683
1.0,1.0,10.0,10.0,10.0,1.0,18.0,40.0,1.387,1.514,1.4505,1.4977291710259149,1.708742482943545,6.01,1.2652631578947366
1.0,1.0,10.0,10.0,10.0,1.0,20.0,5.0,0.157,0.172,0.16449999999999998,0.1693860371993594,0.14044325613253497,6.01,0.14309523809523808
1.0,1.0,10.0,10.0,10.0,1.0,20.0,10.0,0.314,0.343,0.3285,0.3387720743987188,0.29102737427227027,6.01,0.28619047619047616
1.0,1.0,10.0,10.0,10.0,1.0,20.0,20.0,0.628,0.687,0.6575,0.6775441487974376,0.6273535085960891,6.01,0.5723809523809523
1.0,1.0,10.0,10.0,10.0,1.0,20.0,40.0,1.257,1.374,1.3155000000000001,1.3550882975948753,1.4860055669643675,6.01,1.1447619047619046
0.8333333333333334,1.2,10.0,12.0,0.0,1.0,16.0,5.0,0.196,0.219,0.20750000000000002,0.21495347818679936,0.18493590805578855,5.89,0.1840625
0.8333333333333334,1.2,10.0,12.0,0.0,1.0,16.0,10.0,0.391,0.437,0.41400000000000003,0.4299069563735987,0.3845767531274055,5.89,0.368125
0.8333333333333334,1.2,10.0,12.0,0.0,1.0,16.0,20.0,0.782,0.874,0.8280000000000001,0.8598139127471974,0.8355947289999109,5.89,0.73625
0.8333333333333334,1.2,10.0,12.0,0.0,1.0,16.0,40.0,1.564,1.748,1.6560000000000001,1.7196278254943949,2.0202101124825083,5.89,1.4725
0.8333333333333334,1.2,10.0,12.0,0.0,1.0,18.0,5.0,0.171,0.194,0.1825,0.1910697583882661,0.16369202504325192,5.89,0.1636111111111111
0.8333333333333334,1.2,10.0,12.0,0.0,1.0,18.0,10.0,0.342,0.389,0.36550000000000005,0.3821395167765322,0.33885229198947814,5.89,0.3272222222222222
0.8333333333333334,1.2,10.0,12.0,0.0,1.0,18.0,20.0,0.685,0.778,0.7315,0.7642790335530644,0.7287615209929516,5.89,0.6544444444444444
0.8333333333333334,1.2,10.0,12.0,0.0,1.0,18.0,40.0,1.369,1.556,1.4625,1.5285580671061287,1.7160979663708384,5.89,1.3088888888888888
0.8333333333333334,1.2,10.0,12.0,0.0,1.0,20.0,5.0,0.153,0.175,0.16399999999999998,0.17196278254943947,0.1468258995510999,5.89,0.14725
0.8333333333333334,1.2,10.0,12.0,0.0,1.0,20.0,10.0,0.307,0.349,0.32799999999999996,0.34392556509887895,0.3028453323460487,5.89,0.2945
0.8333333333333334,1.2,10.0,12.0,0.0,1.0,20.0,20.0,0.614,0.699,0.6565,0.6878511301977579,0.646149442018535,5.89,0.589
0.8333333333333334,1.2,10.0,12.0,0.0,1.0,20.0,40.0,1.228,1.397,1.3125,1.3757022603955158,1.4915653166656462,5.89,1.178
0.8333333333333334,1.2,10.0,12.0,10.0,1.0,16.0,5.0,0.183,0.205,0.194,0.20230915594051704,0.1736667112343213,5.89,0.17323529411764704
0.8333333333333334,1.2,10.0,12.0,10.0,1.0,16.0,10.0,0.366,0.411,0.38849999999999996,0.4046183118810341,0.3602695112194127,5.89,0.3464705882352941
0.8333333333333334,1.2,10.0,12.0,10.0,1.0,16.0,20.0,0.733,0.821,0.7769999999999999,0.8092366237620682,0.7785301917545273,5.89,0.6929411764705882
0.8333333333333334,1.2,10.0,12.0,10.0,1.0,16.0,40.0,1.465,1.642,1.5535,1.6184732475241363,1.8557776245994158,5.89,1.3858823529411763
0.8333333333333334,1.2,10.0,12.0,10.0,1.0,18.0,5.0,0.16,0.184,0.172,0.18101345531519947,0.15480091114040512,5.89,0.155
0.8333333333333334,1.2,10.0,12.0,10.0,1.0,18.0,10.0,0.321,0.369,0.345,0.36202691063039893,0.31983860027543637,5.89,0.31
0.8333333333333334,1.2,10.0,12.0,10.0,1.0,18.0,20.0,0.642,0.737,0.6895,0.7240538212607979,0.6849735914866518,5.89,0.62
0.8333333333333334,1.2,10.0,12.0,10.0,1.0,18.0,40.0,1.284,1.474,1.379,1.4481076425215957,1.5959731310800909,5.89,1.24
0.8333333333333334,1.2,10.0,12.0,10.0,1.0,20.0,5.0,0.147,0.166,0.1565,0.16377407861851379,0.1396323402648501,5.89,0.14023809523809525
0.8333333333333334,1.2,10.0,12.0,10.0,1.0,20.0,10.0,0.294,0.333,0.3135,0.32754815723702757,0.2875666952588019,5.89,0.2804761904761905
0.8333333333333334,1.2,10.0,12.0,10.0,1.0,20.0,20.0,0.589,0.666,0.6275,0.6550963144740551,0.6114903085393721,5.89,0.560952380952381
0.8333333333333334,1.2,10.0,12.0,10.0,1.0,20.0,40.0,1.178,1.331,1.2545,1.3101926289481103,1.39997932519586,5.89,1.121904761904762
0.7142857142857143,1.4,10.0,14.0,0.0,1.0,16.0,5.0,0.193,0.214,0.20350000000000001,0.20969226701725657,0.18393120547606895,5.798163265306122,0.1811926020408163
0.7142857142857143,1.4,10.0,14.0,0.0,1.0,16.0,10.0,0.386,0.429,0.4075,0.41938453403451315,0.3802573719940317,5.798163265306122,0.3623852040816326
0.7142857142857143,1.4,10.0,14.0,0.0,1.0,16.0,20.0,0.771,0.857,0.8140000000000001,0.8387690680690263,0.8154684399525056,5.798163265306122,0.7247704081632652
0.7142857142857143,1.4,10.0,14.0,0.0,1.0,16.0,40.0,1.542,1.714,1.6280000000000001,1.6775381361380526,1.9064517788738862,5.798163265306122,1.4495408163265304
0.7142857142857143,1.4,10.0,14.0,0.0,1.0,18.0,5.0,0.172,0.19,0.181,0.18639312623756138,0.16290439697565848,5.798163265306122,0.16106009070294783
0.7142857142857143,1.4,10.0,14.0,0.0,1.0,18.0,10.0,0.343,0.381,0.362,0.37278625247512276,0.3354944778019356,5.798163265306122,0.32212018140589566
0.7142857142857143,1.4,10.0,14.0,0.0,1.0,18.0,20.0,0.686,0.762,0.724,0.7455725049502455,0.7134053599626007,5.798163265306122,0.6442403628117913
0.7142857142857143,1.4,10.0,14.0,0.0,1.0,18.0,40.0,1.373,1.522,1.4475,1.491145009900491,1.6333092127285036,5.798163265306122,1.2884807256235826
0.7142857142857143,1.4,10.0,14.0,0.0,1.0,20.0,5.0,0.154,0.171,0.1625,0.16775381361380526,0.14619190307202848,5.798163265306122,0.14495408163265305
0.7142857142857143,1.4,10.0,14.0,0.0,1.0,20.0,10.0,0.308,0.342,0.325,0.3355076272276105,0.3001603890380272,5.798163265306122,0.2899081632653061
0.7142857142857143,1.4,10.0,14.0,0.0,1.0,20.0,20.0,0.617,0.683,0.65,0.671015254455221,0.6340485784934912,5.798163265306122,0.5798163265306122
0.7142857142857143,1.4,10.0,14.0,0.0,1.0,20.0,40.0,1.234,1.367,1.3005,1.342030508910442,1.4286260473986658,5.798163265306122,1.1596326530612244
0.7142857142857143,1.4,10.0,14.0,10.0,1.0,16.0,5.0,0.181,0.201,0.191,0.19735742778094736,0.17278042912134559,5.798163265306122,0.17053421368547417
0.7142857142857143,1.4,10.0,14.0,10.0,1.0,16.0,10.0,0.362,0.403,0.3825,0.39471485556189473,0.3564761962790328,5.798163265306122,0.34106842737094833
0.7142857142857143,1.4,10.0,14.0,10.0,1.0,16.0,20.0,0.724,0.805,0.7645,0.7894297111237895,0.7610301857154738,5.798163265306122,0.6821368547418967
0.7142857142857143,1.4,10.0,14.0,10.0,1.0,16.0,40.0,1.448,1.61,1.529,1.578859422247579,1.759342091991237,5.798163265306122,1.3642737094837933
0.7142857142857143,1.4,10.0,14.0,10.0,1.0,18.0,5.0,0.163,0.18,0.17149999999999999,0.17658296169874238,0.1540963370250535,5.798163265306122,0.1525832438238453
0.7142857142857143,1.4,10.0,14.0,10.0,1.0,18.0,10.0,0.325,0.361,0.34299999999999997,0.35316592339748476,0.31684537704481164,5.798163265306122,0.3051664876476906
0.7142857142857143,1.4,10.0,14.0,10.0,1.0,18.0,20.0,0.651,0.722,0.6865,0.7063318467949695,0.6713901551131414,5.798163265306122,0.6103329752953812
0.7142857142857143,1.4,10.0,14.0,10.0,1.0,18.0,40.0,1.301,1.443,1.3719999999999999,1.412663693589939,1.5241263361415667,5.798163265306122,1.2206659505907624
0.7142857142857143,1.4,10.0,14.0,10.0,1.0,20.0,5.0,0.146,0.163,0.1545,0.15976553677505262,0.13905882441244452,5.798163265306122,0.13805150631681243
0.7142857142857143,1.4,10.0,14.0,10.0,1.0,20.0,10.0,0.292,0.325,0.3085,0.31953107355010524,0.2851447472375079,5.798163265306122,0.27610301263362486
0.7142857142857143,1.4,10.0,14.0,10.0,1.0,20.0,20.0,0.584,0.651,0.6174999999999999,0.6390621471002105,0.6006418993308295,5.798163265306122,0.5522060252672497
0.7142857142857143,1.4,10.0,14.0,10.0,1.0,20.0,40.0,1.169,1.302,1.2355,1.278124294200421,1.3443879903452793,5.798163265306122,1.1044120505344994
0.625,1.6,10.0,16.0,0.0,1.0,16.0,5.0,0.191,0.21,0.2005,0.20574635864009952,0.18318481342914616,5.7259375,0.178935546875
0.625,1.6,10.0,16.0,0.0,1.0,16.0,10.0,0.378,0.419,0.39849999999999997,0.41149271728019904,0.3770809778511734,5.7259375,0.35787109375
0.625,1.6,10.0,16.0,0.0,1.0,16.0,20.0,0.758,0.838,0.798,0.8229854345603981,0.8009986881416375,5.7259375,0.7157421875
0.625,1.6,10.0,16.0,0.0,1.0,16.0,40.0,1.521,1.677,1.599,1.6459708691207962,1.82919988934401,5.7259375,1.431484375
0.625,1.6,10.0,16.0,0.0,1.0,18.0,5.0,0.17,0.186,0.178,0.1828856521245329,0.16231863213526992,5.7259375,0.15905381944444444
0.625,1.6,10.0,16.0,0.0,1.0,18.0,10.0,0.339,0.373,0.356,0.3657713042490658,0.33301946689650325,5.7259375,0.3181076388888889
0.625,1.6,10.0,16.0,0.0,1.0,18.0,20.0,0.679,0.744,0.7115,0.7315426084981316,0.7023063288315282,5.7259375,0.6362152777777778
0.625,1.6,10.0,16.0,0.0,1.0,18.0,40.0,1.358,1.49,1.424,1.4630852169962631,1.576276639021722,5.7259375,1.2724305555555555
0.625,1.6,10.0,16.0,0.0,1.0,20.0,5.0,0.151,0.168,0.1595,0.1645970869120796,0.14571998722248233,5.7259375,0.1431484375
0.625,1.6,10.0,16.0,0.0,1.0,20.0,10.0,0.302,0.335,0.3185,0.3291941738241592,0.29817771789514935,5.7259375,0.286296875
0.625,1.6,10.0,16.0,0.0,1.0,20.0,20.0,0.605,0.671,0.638,0.6583883476483184,0.6252662507434749,5.7259375,0.57259375
0.625,1.6,10.0,16.0,0.0,1.0,20.0,40.0,1.209,1.341,1.275,1.3167766952966369,1.3848004465942358,5.7259375,1.1451875
0.625,1.6,10.0,16.0,10.0,1.0,16.0,5.0,0.178,0.197,0.1875,0.19364363166127013,0.172121631349867,5.7259375,0.16840992647058822
0.625,1.6,10.0,16.0,10.0,1.0,16.0,10.0,0.355,0.395,0.375,0.38728726332254026,0.35368322087287574,5.7259375,0.33681985294117645
0.625,1.6,10.0,16.0,10.0,1.0,16.0,20.0,0.711,0.789,0.75,0.7745745266450805,0.7484129191563327,5.7259375,0.6736397058823529
0.625,1.6,10.0,16.0,10.0,1.0,16.0,40.0,1.422,1.576,1.499,1.549149053290161,1.6933460146664248,5.7259375,1.3472794117647058
0.625,1.6,10.0,16.0,10.0,1.0,18.0,5.0,0.16,0.176,0.16799999999999998,0.1732600914863996,0.1535721011218529,5.7259375,0.15068256578947367
0.625,1.6,10.0,16.0,10.0,1.0,18.0,10.0,0.319,0.353,0.33599999999999997,0.3465201829727992,0.31463696938583613,5.7259375,0.30136513157894734
0.625,1.6,10.0,16.0,10.0,1.0,18.0,20.0,0.638,0.705,0.6715,0.6930403659455984,0.6615509417081847,5.7259375,0.6027302631578947
0.625,1.6,10.0,16.0,10.0,1.0,18.0,40.0,1.277,1.411,1.3439999999999999,1.3860807318911967,1.4743476988673354,5.7259375,1.2054605263157894
0.625,1.6,10.0,16.0,10.0,1.0,20.0,5.0,0.142,0.16,0.151,0.15675913039245679,0.13863176977669625,5.7259375,0.13633184523809525
0.625,1.6,10.0,16.0,10.0,1.0,20.0,10.0,0.285,0.32,0.3025,0.31351826078491357,0.28335489075818365,5.7259375,0.2726636904761905
0.625,1.6,10.0,16.0,10.0,1.0,20.0,20.0,0.569,0.639,0.604,0.6270365215698271,0.5927548804197924,5.7259375,0.545327380952381
0.625,1.6,10.0,16.0,10.0,1.0,20.0,40.0,1.139,1.279,1.209,1.2540730431396543,1.305507988460365,5.7259375,1.090654761904762
0.5555555555555556,1.8,10.0,18.0,0.0,1.0,16.0,5.0,0.187,0.206,0.1965,0.20267731879119957,0.18260846115217869,5.667777777777777,0.17711805555555554
0.5555555555555556,1.8,10.0,18.0,0.0,1.0,16.0,10.0,0.373,0.413,0.393,0.40535463758239915,0.3746469002585661,5.667777777777777,0.3542361111111111
0.5555555555555556,1.8,10.0,18.0,0.0,1.0,16.0,20.0,0.747,0.825,0.786,0.8107092751647983,0.7900946199354693,5.667777777777777,0.7084722222222222
0.5555555555555556,1.8,10.0,18.0,0.0,1.0,16.0,40.0,1.494,1.65,1.572,1.6214185503295966,1.7733112188994373,5.667777777777777,1.4169444444444443
0.5555555555555556,1.8,10.0,18.0,0.0,1.0,18.0,5.0,0.166,0.183,0.1745,0.1801576167032885,0.1618659415087652,5.667777777777777,0.15743827160493826
0.5555555555555556,1.8,10.0,18.0,0.0,1.0,18.0,10.0,0.332,0.366,0.349,0.360315233406577,0.33111956092039013,5.667777777777777,0.3148765432098765
0.5555555555555556,1.8,10.0,18.0,0.0,1.0,18.0,20.0,0.665,0.732,0.6985,0.720630466813154,0.6939096573105051,5.667777777777777,0.629753086419753
0.5555555555555556,1.8,10.0,18.0,0.0,1.0,18.0,40.0,1.33,1.465,1.3975,1.441260933626308,1.5345988232974053,5.667777777777777,1.259506172839506
0.5555555555555556,1.8,10.0,18.0,0.0,1.0,20.0,5.0,0.15,0.165,0.1575,0.16214185503295966,0.1453550426765627,5.667777777777777,0.14169444444444446
0.5555555555555556,1.8,10.0,18.0,0.0,1.0,20.0,10.0,0.296,0.33,0.313,0.32428371006591933,0.2966536562209799,5.667777777777777,0.2833888888888889
0.5555555555555556,1.8,10.0,18.0,0.0,1.0,20.0,20.0,0.598,0.659,0.6285000000000001,0.6485674201318387,0.618601960093006,5.667777777777777,0.5667777777777778
0.5555555555555556,1.8,10.0,18.0,0.0,1.0,20.0,40.0,1.204,1.318,1.2610000000000001,1.2971348402636773,1.3525295082271893,5.667777777777777,1.1335555555555556
0.5555555555555556,1.8,10.0,18.0,10.0,1.0,16.0,5.0,0.173,0.194,0.1835,0.19075512356818783,0.1716126961163924,5.667777777777777,0.16669934640522877
0.5555555555555556,1.8,10.0,18.0,10.0,1.0,16.0,10.0,0.348,0.388,0.368,0.38151024713637566,0.351540981152819,5.667777777777777,0.33339869281045753
0.5555555555555556,1.8,10.0,18.0,10.0,1.0,16.0,20.0,0.692,0.775,0.7335,0.7630204942727513,0.7388850495495194,5.667777777777777,0.6667973856209151
0.5555555555555556,1.8,10.0,18.0,10.0,1.0,16.0,40.0,1.384,1.552,1.468,1.5260409885455026,1.6453417868981017,5.667777777777777,1.3335947712418301
0.5555555555555556,1.8,10.0,18.0,10.0,1.0,18.0,5.0,0.157,0.174,0.16549999999999998,0.17067563687679962,0.15316682158465794,5.667777777777777,0.14915204678362573
0.5555555555555556,1.8,10.0,18.0,10.0,1.0,18.0,10.0,0.315,0.347,0.33099999999999996,0.34135127375359925,0.31294048777872285,5.667777777777777,0.29830409356725146
0.5555555555555556,1.8,10.0,18.0,10.0,1.0,18.0,20.0,0.629,0.695,0.6619999999999999,0.6827025475071985,0.6540953519160772,5.667777777777777,0.5966081871345029
0.5555555555555556,1.8,10.0,18.0,10.0,1.0,18.0,40.0,1.259,1.389,1.3239999999999998,1.365405095014397,1.4378232994613123,5.667777777777777,1.1932163742690058
0.5555555555555556,1.8,10.0,18.0,10.0,1.0,20.0,5.0,0.14,0.157,0.14850000000000002,0.15442081431710444,0.1383014252821366,5.667777777777777,0.13494708994708995
0.5555555555555556,1.8,10.0,18.0,10.0,1.0,20.0,10.0,0.28,0.315,0.2975,0.3088416286342089,0.28197823943115413,5.667777777777777,0.2698941798941799
0.5555555555555556,1.8,10.0,18.0,10.0,1.0,20.0,20.0,0.56,0.628,0.5940000000000001,0.6176832572684178,0.586762284704676,5.667777777777777,0.5397883597883598
0.5555555555555556,1.8,10.0,18.0,10.0,1.0,20.0,40.0,1.119,1.26,1.1895,1.2353665145368355,1.2767885358374382,5.667777777777777,1.0795767195767196
0.5,2.0,10.0,20.0,0.0,1.0,16.0,5.0,0.187,0.203,0.195,0.2002220869120796,0.1821499840281029,5.62,0.175625
0.5,2.0,10.0,20.0,0.0,1.0,16.0,10.0,0.376,0.405,0.3905,0.4004441738241592,0.37272214736893666,5.62,0.35125
0.5,2.0,10.0,20.0,0.0,1.0,16.0,20.0,0.75,0.811,0.7805,0.8008883476483184,0.7815828134293437,5.62,0.7025
0.5,2.0,10.0,20.0,0.0,1.0,16.0,40.0,1.5,1.622,1.561,1.6017766952966368,1.731000558242795,5.62,1.405
0.5,2.0,10.0,20.0,0.0,1.0,18.0,5.0,0.168,0.18,0.174,0.17797518836629297,0.16150560297395858,5.62,0.15611111111111112
0.5,2.0,10.0,20.0,0.0,1.0,18.0,10.0,0.335,0.36,0.34750000000000003,0.35595037673258595,0.32961517357886655,5.62,0.31222222222222223
0.5,2.0,10.0,20.0,0.0,1.0,18.0,20.0,0.671,0.721,0.696,0.7119007534651719,0.6873355112144512,5.62,0.6244444444444445
0.5,2.0,10.0,20.0,0.0,1.0,18.0,40.0,1.341,1.442,1.3915,1.4238015069303438,1.502810564696877,5.62,1.248888888888889
0.5,2.0,10.0,20.0,0.0,1.0,20.0,5.0,0.149,0.162,0.1555,0.1601776695296637,0.14506440053314368,5.62,0.1405
0.5,2.0,10.0,20.0,0.0,1.0,20.0,10.0,0.299,0.325,0.312,0.3203553390593274,0.29544557860516474,5.62,0.281
0.5,2.0,10.0,20.0,0.0,1.0,20.0,20.0,0.598,0.649,0.6234999999999999,0.6407106781186548,0.6133719462589279,5.62,0.562
0.5,2.0,10.0,20.0,0.0,1.0,20.0,40.0,1.195,1.299,1.2469999999999999,1.2814213562373096,1.3277758633780947,5.62,1.124
0.5,2.0,10.0,20.0,10.0,1.0,16.0,5.0,0.177,0.191,0.184,0.18844431709372197,0.17120770978170777,5.62,0.16529411764705884
0.5,2.0,10.0,20.0,10.0,1.0,16.0,10.0,0.355,0.382,0.3685,0.37688863418744395,0.34984578389172727,5.62,0.3305882352941177
0.5,2.0,10.0,20.0,10.0,1.0,16.0,20.0,0.71,0.764,0.737,0.7537772683748879,0.7314356606656909,5.62,0.6611764705882354
0.5,2.0,10.0,20.0,10.0,1.0,16.0,40.0,1.42,1.527,1.4735,1.5075545367497758,1.608854585210723,5.62,1.3223529411764707
0.5,2.0,10.0,20.0,10.0,1.0,18.0,5.0,0.157,0.171,0.164,0.16860807318911966,0.15284413484777506,5.62,0.14789473684210527
0.5,2.0,10.0,20.0,10.0,1.0,18.0,10.0,0.315,0.341,0.328,0.3372161463782393,0.31159641789948217,5.62,0.29578947368421055
0.5,2.0,10.0,20.0,10.0,1.0,18.0,20.0,0.63,0.683,0.6565000000000001,0.6744322927564786,0.6482507927884492,5.62,0.5915789473684211
0.5,2.0,10.0,20.0,10.0,1.0,18.0,40.0,1.26,1.366,1.3130000000000002,1.3488645855129573,1.4098814120232668,5.62,1.1831578947368422
0.5,2.0,10.0,20.0,10.0,1.0,20.0,5.0,0.142,0.154,0.148,0.15255016145682257,0.13803828106195823,5.62,0.13380952380952382
0.5,2.0,10.0,20.0,10.0,1.0,20.0,10.0,0.284,0.309,0.2965,0.30510032291364514,0.28088651226506994,5.62,0.26761904761904765
0.5,2.0,10.0,20.0,10.0,1.0,20.0,20.0,0.569,0.62,0.5945,0.6102006458272903,0.5820547485445405,5.62,0.5352380952380953
0.5,2.0,10.0,20.0,10.0,1.0,20.0,40.0,1.147,1.237,1.1920000000000002,1.2204012916545806,1.2547070171921781,5.62,1.0704761904761906
0.45454545454545453,2.2,10.0,22.0,0.0,1.0,16.0,5.0,0.186,0.201,0.1935,0.1982132608291633,0.18177657525638222,5.580082644628099,0.1743775826446281
0.45454545454545453,2.2,10.0,22.0,0.0,1.0,16.0,10.0,0.373,0.401,0.387,0.3964265216583266,0.37116199805354605,5.580082644628099,0.3487551652892562
0.45454545454545453,2.2,10.0,22.0,0.0,1.0,16.0,20.0,0.746,0.802,0.774,0.7928530433166532,0.7747538278923791,5.580082644628099,0.6975103305785124
0.45454545454545453,2.2,10.0,22.0,0.0,1.0,16.0,40.0,1.491,1.605,1.548,1.5857060866333064,1.6978557538727281,5.580082644628099,1.3950206611570248
0.45454545454545453,2.2,10.0,22.0,0.0,1.0,18.0,5.0,0.166,0.178,0.172,0.17618956518147846,0.16121197167628162,5.580082644628099,0.15500229568411386
0.45454545454545453,2.2,10.0,22.0,0.0,1.0,18.0,10.0,0.332,0.356,0.344,0.3523791303629569,0.3283944412270513,5.580082644628099,0.3100045913682277
0.45454545454545453,2.2,10.0,22.0,0.0,1.0,18.0,20.0,0.662,0.712,0.687,0.7047582607259139,0.6820486054562573,5.580082644628099,0.6200091827364554
0.45454545454545453,2.2,10.0,22.0,0.0,1.0,18.0,40.0,1.323,1.425,1.374,1.4095165214518277,1.4777652127086618,5.580082644628099,1.2400183654729109
0.45454545454545453,2.2,10.0,22.0,0.0,1.0,20.0,5.0,0.149,0.161,0.155,0.15857060866333061,0.1448274655221078,5.580082644628099,0.13950206611570248
0.45454545454545453,2.2,10.0,22.0,0.0,1.0,20.0,10.0,0.298,0.322,0.31,0.31714121732666123,0.294464445745687,5.580082644628099,0.27900413223140497
0.45454545454545453,2.2,10.0,22.0,0.0,1.0,20.0,20.0,0.595,0.645,0.62,0.6342824346533225,0.609158170274188,5.580082644628099,0.5580082644628099
0.45454545454545453,2.2,10.0,22.0,0.0,1.0,20.0,40.0,1.191,1.29,1.2405,1.268564869306645,1.3081868745559548,5.580082644628099,1.1160165289256199
0.45454545454545453,2.2,10.0,22.0,10.0,1.0,16.0,5.0,0.176,0.189,0.1825,0.18655365725097722,0.1708777763205982,5.580082644628099,0.16412007778317939
0.45454545454545453,2.2,10.0,22.0,10.0,1.0,16.0,10.0,0.351,0.378,0.3645,0.37310731450195445,0.3484709170309564,5.580082644628099,0.32824015556635877
0.45454545454545453,2.2,10.0,22.0,10.0,1.0,16.0,20.0,0.702,0.756,0.729,0.7462146290039089,0.7254515173636245,5.580082644628099,0.6564803111327175
0.45454545454545453,2.2,10.0,22.0,10.0,1.0,16.0,40.0,1.404,1.513,1.4585,1.4924292580078178,1.5801836526928925,5.580082644628099,1.312960622265435
0.45454545454545453,2.2,10.0,22.0,10.0,1.0,18.0,5.0,0.157,0.169,0.163,0.16691643017192698,0.15258112799732051,5.580082644628099,0.1468442801217921
0.45454545454545453,2.2,10.0,22.0,10.0,1.0,18.0,10.0,0.314,0.337,0.3255,0.33383286034385395,0.3105052818363999,5.580082644628099,0.2936885602435842
0.45454545454545453,2.2,10.0,22.0,10.0,1.0,18.0,20.0,0.629,0.675,0.652,0.6676657206877079,0.6435460041677022,5.580082644628099,0.5873771204871684
0.45454545454545453,2.2,10.0,22.0,10.0,1.0,18.0,40.0,1.258,1.349,1.3035,1.3353314413754158,1.3878150049873708,5.580082644628099,1.1747542409743368
0.45454545454545453,2.2,10.0,22.0,10.0,1.0,20.0,5.0,0.139,0.153,0.14600000000000002,0.15101962729841012,0.13782372490231198,5.580082644628099,0.1328591105863833
0.45454545454545453,2.2,10.0,22.0,10.0,1.0,20.0,10.0,0.279,0.305,0.29200000000000004,0.30203925459682024,0.27999954890742934,5.580082644628099,0.2657182211727666
0.45454545454545453,2.2,10.0,22.0,10.0,1.0,20.0,20.0,0.558,0.61,0.5840000000000001,0.6040785091936405,0.578258945603278,5.580082644628099,0.5314364423455332
0.45454545454545453,2.2,10.0,22.0,10.0,1.0,20.0,40.0,1.115,1.221,1.1680000000000001,1.208157018387281,1.2372004952124853,5.580082644628099,1.0628728846910664
0.4166666666666667,2.4,10.0,24.0,0.0,1.0,16.0,5.0,0.184,0.199,0.1915,0.19653923909339968,0.18146656878506706,5.54625,0.1733203125
0.4166666666666667,2.4,10.0,24.0,0.0,1.0,16.0,10.0,0.368,0.397,0.3825,0.39307847818679936,0.3698718161115771,5.54625,0.346640625
0.4166666666666667,2.4,10.0,24.0,0.0,1.0,16.0,20.0,0.736,0.795,0.7655000000000001,0.7861569563735987,0.769153506254811,5.54625,0.69328125
0.4166666666666667,2.4,10.0,24.0,0.0,1.0,16.0,40.0,1.471,1.589,1.53,1.5723139127471975,1.6711894579998219,5.54625,1.3865625
0.4166666666666667,2.4,10.0,24.0,0.0,1.0,18.0,5.0,0.164,0.177,0.17049999999999998,0.17470154586079972,0.16096809329451905,5.54625,0.1540625
0.4166666666666667,2.4,10.0,24.0,0.0,1.0,18.0,10.0,0.328,0.354,0.34099999999999997,0.34940309172159945,0.32738405008650384,5.54625,0.308125
0.4166666666666667,2.4,10.0,24.0,0.0,1.0,18.0,20.0,0.656,0.708,0.6819999999999999,0.6988061834431989,0.6777045839789563,5.54625,0.61625
0.4166666666666667,2.4,10.0,24.0,0.0,1.0,18.0,40.0,1.312,1.417,1.3645,1.3976123668863978,1.457523041985903,5.54625,1.2325
0.4166666666666667,2.4,10.0,24.0,0.0,1.0,20.0,5.0,0.148,0.159,0.1535,0.15723139127471975,0.14463061010779943,5.54625,0.13865625
0.4166666666666667,2.4,10.0,24.0,0.0,1.0,20.0,10.0,0.295,0.319,0.307,0.3144627825494395,0.2936517991021998,5.54625,0.2773125
0.4166666666666667,2.4,10.0,24.0,0.0,1.0,20.0,20.0,0.591,0.637,0.614,0.628925565098879,0.6056906646920974,5.54625,0.554625
0.4166666666666667,2.4,10.0,24.0,0.0,1.0,20.0,40.0,1.181,1.275,1.228,1.257851130197758,1.29229888403707,5.54625,1.10925
0.4166666666666667,2.4,10.0,24.0,10.0,1.0,16.0,5.0,0.174,0.188,0.181,0.18497810738202322,0.17060380159320487,5.54625,0.163125
0.4166666666666667,2.4,10.0,24.0,10.0,1.0,16.0,10.0,0.348,0.375,0.3615,0.36995621476404644,0.3473334224686426,5.54625,0.32625
0.4166666666666667,2.4,10.0,24.0,10.0,1.0,16.0,20.0,0.695,0.75,0.7224999999999999,0.7399124295280929,0.7205390224388254,5.54625,0.6525
0.4166666666666667,2.4,10.0,24.0,10.0,1.0,16.0,40.0,1.39,1.501,1.4455,1.4798248590561858,1.5570603835090546,5.54625,1.305
0.4166666666666667,2.4,10.0,24.0,10.0,1.0,18.0,5.0,0.155,0.167,0.161,0.16550672765759972,0.15236264605760655,5.54625,0.14595394736842104
0.4166666666666667,2.4,10.0,24.0,10.0,1.0,18.0,10.0,0.31,0.334,0.322,0.33101345531519943,0.30960182228081023,5.54625,0.2919078947368421
0.4166666666666667,2.4,10.0,24.0,10.0,1.0,18.0,20.0,0.62,0.668,0.644,0.6620269106303989,0.6396772005508727,5.54625,0.5838157894736842
0.4166666666666667,2.4,10.0,24.0,10.0,1.0,18.0,40.0,1.239,1.336,1.2875,1.3240538212607977,1.3699471829733036,5.54625,1.1676315789473684
0.4166666666666667,2.4,10.0,24.0,10.0,1.0,20.0,5.0,0.141,0.152,0.1465,0.14974418216639976,0.13764543694168352,5.54625,0.13205357142857144
0.4166666666666667,2.4,10.0,24.0,10.0,1.0,20.0,10.0,0.281,0.304,0.2925,0.2994883643327995,0.2792646805297002,5.54625,0.2641071428571429
0.4166666666666667,2.4,10.0,24.0,10.0,1.0,20.0,20.0,0.562,0.608,0.585,0.598976728665599,0.5751333905176038,5.54625,0.5282142857142857
0.4166666666666667,2.4,10.0,24.0,10.0,1.0,20.0,40.0,1.125,1.217,1.171,1.197953457331198,1.2229806170787443,5.54625,1.0564285714285715
0.38461538461538464,2.6,10.0,26.0,0.0,1.0,16.0,5.0,0.182,0.196,0.189,0.19512275916313818,0.18120508031431992,5.517218934911242,0.17241309171597632
0.38461538461538464,2.6,10.0,26.0,0.0,1.0,16.0,10.0,0.364,0.393,0.3785,0.39024551832627635,0.36878710891977673,5.517218934911242,0.34482618343195265
0.38461538461538464,2.6,10.0,26.0,0.0,1.0,16.0,20.0,0.729,0.785,0.757,0.7804910366525527,0.7644776263105361,5.517218934911242,0.6896523668639053
0.38461538461538464,2.6,10.0,26.0,0.0,1.0,16.0,40.0,1.457,1.571,1.514,1.5609820733051054,1.6492713356666284,5.517218934911242,1.3793047337278106
0.38461538461538464,2.6,10.0,26.0,0.0,1.0,18.0,5.0,0.162,0.175,0.16849999999999998,0.17344245258945615,0.1607623102508025,5.517218934911242,0.15325608152531228
0.38461538461538464,2.6,10.0,26.0,0.0,1.0,18.0,10.0,0.325,0.349,0.33699999999999997,0.3468849051789123,0.3265339473706583,5.517218934911242,0.30651216305062456
0.38461538461538464,2.6,10.0,26.0,0.0,1.0,18.0,20.0,0.647,0.699,0.673,0.6937698103578246,0.6740718619297039,5.517218934911242,0.6130243261012491
0.38461538461538464,2.6,10.0,26.0,0.0,1.0,18.0,40.0,1.298,1.397,1.3475000000000001,1.3875396207156492,1.4408232262908243,5.517218934911242,1.2260486522024983
0.38461538461538464,2.6,10.0,26.0,0.0,1.0,20.0,5.0,0.145,0.158,0.1515,0.15609820733051052,0.1444644576469733,5.517218934911242,0.13793047337278105
0.38461538461538464,2.6,10.0,26.0,0.0,1.0,20.0,10.0,0.29,0.315,0.3025,0.31219641466102105,0.29296767024217957,5.517218934911242,0.2758609467455621
0.38461538461538464,2.6,10.0,26.0,0.0,1.0,20.0,20.0,0.581,0.63,0.6054999999999999,0.6243928293220421,0.6027873071133075,5.517218934911242,0.5517218934911242
0.38461538461538464,2.6,10.0,26.0,0.0,1.0,20.0,40.0,1.161,1.26,1.2105000000000001,1.2487856586440842,1.2791535628405346,5.517218934911242,1.1034437869822484
0.38461538461538464,2.6,10.0,26.0,10.0,1.0,16.0,5.0,0.171,0.186,0.1785,0.18364494980060064,0.17037266209723437,5.517218934911242,0.1622711451444483
0.38461538461538464,2.6,10.0,26.0,10.0,1.0,16.0,10.0,0.345,0.371,0.358,0.3672898996012013,0.3463767113783122,5.517218934911242,0.3245422902888966
0.38461538461538464,2.6,10.0,26.0,10.0,1.0,16.0,20.0,0.69,0.743,0.7164999999999999,0.7345797992024026,0.7164339651618372,5.517218934911242,0.6490845805777932
0.38461538461538464,2.6,10.0,26.0,10.0,1.0,16.0,40.0,1.371,1.486,1.4285,1.4691595984048051,1.5380166523958225,5.517218934911242,1.2981691611555863
0.38461538461538464,2.6,10.0,26.0,10.0,1.0,18.0,5.0,0.154,0.166,0.16,0.164313902453169,0.15217826483838923,5.517218934911242,0.14518997197134847
0.38461538461538464,2.6,10.0,26.0,10.0,1.0,18.0,10.0,0.309,0.332,0.3205,0.328627804906338,0.3088414528594503,5.517218934911242,0.29037994394269695
0.38461538461538464,2.6,10.0,26.0,10.0,1.0,18.0,20.0,0.618,0.665,0.6415,0.657255609812676,0.6364397457520585,5.517218934911242,0.5807598878853939
0.38461538461538464,2.6,10.0,26.0,10.0,1.0,18.0,40.0,1.236,1.33,1.283,1.314511219625352,1.3551837432567841,5.517218934911242,1.1615197757707878
0.38461538461538464,2.6,10.0,26.0,10.0,1.0,20.0,5.0,0.138,0.15,0.14400000000000002,0.148664959362391,0.1374949377817639,5.517218934911242,0.1313623555931248
0.38461538461538464,2.6,10.0,26.0,10.0,1.0,20.0,10.0,0.275,0.301,0.28800000000000003,0.297329918724782,0.2786458750098582,5.517218934911242,0.2627247111862496
0.38461538461538464,2.6,10.0,26.0,10.0,1.0,20.0,20.0,0.554,0.601,0.5775,0.594659837449564,0.5725149605058177,5.517218934911242,0.5254494223724993
0.38461538461538464,2.6,10.0,26.0,10.0,1.0,20.0,40.0,1.099,1.202,1.1505,1.189319674899128,1.2112012640582093,5.517218934911242,1.0508988447449985
0.35714285714285715,2.8,10.0,28.0,0.0,1.0,16.0,5.0,0.178,0.195,0.1865,0.19390863350862828,0.18098154640020567,5.49204081632653,0.17162627551020407
0.35714285714285715,2.8,10.0,28.0,0.0,1.0,16.0,10.0,0.355,0.39,0.3725,0.38781726701725655,0.3678624109521379,5.49204081632653,0.34325255102040814
0.35714285714285715,2.8,10.0,28.0,0.0,1.0,16.0,20.0,0.711,0.78,0.7455,0.7756345340345131,0.7605147439880634,5.49204081632653,0.6865051020408163
0.35714285714285715,2.8,10.0,28.0,0.0,1.0,16.0,40.0,1.421,1.559,1.49,1.5512690680690262,1.6309368799050112,5.49204081632653,1.3730102040816325
0.35714285714285715,2.8,10.0,28.0,0.0,1.0,18.0,5.0,0.159,0.173,0.16599999999999998,0.17236322978544735,0.1605863430986308,5.49204081632653,0.1525566893424036
0.35714285714285715,2.8,10.0,28.0,0.0,1.0,18.0,10.0,0.318,0.347,0.3325,0.3447264595708947,0.32580879395131696,5.49204081632653,0.3051133786848072
0.35714285714285715,2.8,10.0,28.0,0.0,1.0,18.0,20.0,0.636,0.694,0.665,0.6894529191417894,0.6709889556038712,5.49204081632653,0.6102267573696144
0.35714285714285715,2.8,10.0,28.0,0.0,1.0,18.0,40.0,1.271,1.388,1.3295,1.3789058382835788,1.4268107199252014,5.49204081632653,1.2204535147392288
0.35714285714285715,2.8,10.0,28.0,0.0,1.0,20.0,5.0,0.144,0.156,0.15,0.15512690680690264,0.14432234479791697,5.49204081632653,0.13730102040816325
0.35714285714285715,2.8,10.0,28.0,0.0,1.0,20.0,10.0,0.285,0.311,0.298,0.3102538136138053,0.29238380614405696,5.49204081632653,0.2746020408163265
0.35714285714285715,2.8,10.0,28.0,0.0,1.0,20.0,20.0,0.575,0.623,0.599,0.6205076272276105,0.6003207780760544,5.49204081632653,0.549204081632653
0.35714285714285715,2.8,10.0,28.0,0.0,1.0,20.0,40.0,1.151,1.254,1.2025000000000001,1.241015254455221,1.2680971569869823,5.49204081632653,1.098408163265306
0.35714285714285715,2.8,10.0,28.0,10.0,1.0,16.0,5.0,0.169,0.184,0.1765,0.18250224330223838,0.17017504044298168,5.49204081632653,0.16153061224489795
0.35714285714285715,2.8,10.0,28.0,10.0,1.0,16.0,10.0,0.338,0.368,0.353,0.36500448660447676,0.34556085824269117,5.49204081632653,0.3230612244897959
0.35714285714285715,2.8,10.0,28.0,10.0,1.0,16.0,20.0,0.677,0.736,0.7065,0.7300089732089535,0.7129523925580656,5.49204081632653,0.6461224489795918
0.35714285714285715,2.8,10.0,28.0,10.0,1.0,16.0,40.0,1.354,1.472,1.413,1.460017946417907,1.5220603714309475,5.49204081632653,1.2922448979591836
0.35714285714285715,2.8,10.0,28.0,10.0,1.0,18.0,5.0,0.151,0.164,0.1575,0.16329148084937117,0.1520205786092958,5.49204081632653,0.14452738990332975
0.35714285714285715,2.8,10.0,28.0,10.0,1.0,18.0,10.0,0.302,0.329,0.3155,0.32658296169874235,0.308192674050107,5.49204081632653,0.2890547798066595
0.35714285714285715,2.8,10.0,28.0,10.0,1.0,18.0,20.0,0.603,0.658,0.6305000000000001,0.6531659233974847,0.6336907540896233,5.49204081632653,0.578109559613319
0.35714285714285715,2.8,10.0,28.0,10.0,1.0,18.0,40.0,1.206,1.315,1.2605,1.3063318467949694,1.3427803102262827,5.49204081632653,1.156219119226638
0.35714285714285715,2.8,10.0,28.0,10.0,1.0,20.0,5.0,0.136,0.148,0.14200000000000002,0.14773991124466918,0.1373662001984034,5.49204081632653,0.1307628765792031
0.35714285714285715,2.8,10.0,28.0,10.0,1.0,20.0,10.0,0.273,0.297,0.28500000000000003,0.29547982248933835,0.27811764882488904,5.49204081632653,0.2615257531584062
0.35714285714285715,2.8,10.0,28.0,10.0,1.0,20.0,20.0,0.546,0.594,0.5700000000000001,0.5909596449786767,0.5702894944750158,5.49204081632653,0.5230515063168124
0.35714285714285715,2.8,10.0,28.0,10.0,1.0,20.0,40.0,1.092,1.188,1.1400000000000001,1.1819192899573534,1.201283798661659,5.49204081632653,1.0461030126336248
0.3333333333333333,3.0,10.0,30.0,0.0,1.0,16.0,5.0,0.181,0.193,0.187,0.19285639127471974,0.18078826263474929,5.47,0.1709375
0.3333333333333333,3.0,10.0,30.0,0.0,1.0,16.0,10.0,0.361,0.387,0.374,0.38571278254943947,0.36706474887774976,5.47,0.341875
0.3333333333333333,3.0,10.0,30.0,0.0,1.0,16.0,20.0,0.722,0.774,0.748,0.7714255650988789,0.7571133308651218,5.47,0.68375
0.3333333333333333,3.0,10.0,30.0,0.0,1.0,16.0,40.0,1.445,1.547,1.496,1.5428511301977579,1.6153736050463374,5.47,1.3675
0.3333333333333333,3.0,10.0,30.0,0.0,1.0,18.0,5.0,0.161,0.172,0.16649999999999998,0.17142790335530644,0.16043414953837934,5.47,0.15194444444444444
0.3333333333333333,3.0,10.0,30.0,0.0,1.0,18.0,10.0,0.322,0.344,0.33299999999999996,0.3428558067106129,0.32518292790548387,5.47,0.3038888888888889
0.3333333333333333,3.0,10.0,30.0,0.0,1.0,18.0,20.0,0.644,0.689,0.6665,0.6857116134212258,0.6683398238192296,5.47,0.6077777777777778
0.3333333333333333,3.0,10.0,30.0,0.0,1.0,18.0,40.0,1.287,1.378,1.3325,1.3714232268424515,1.4148851701335918,5.47,1.2155555555555555
0.3333333333333333,3.0,10.0,30.0,0.0,1.0,20.0,5.0,0.143,0.155,0.149,0.1542851130197758,0.14419940630063757,5.47,0.13674999999999998
0.3333333333333333,3.0,10.0,30.0,0.0,1.0,20.0,10.0,0.285,0.309,0.297,0.3085702260395516,0.29187966979337965,5.47,0.27349999999999997
0.3333333333333333,3.0,10.0,30.0,0.0,1.0,20.0,20.0,0.573,0.619,0.596,0.6171404520791032,0.5981993896621157,5.47,0.5469999999999999
0.3333333333333333,3.0,10.0,30.0,0.0,1.0,20.0,40.0,1.146,1.237,1.1915,1.2342809041582063,1.258668394244753,5.47,1.0939999999999999
0.3333333333333333,3.0,10.0,30.0,10.0,1.0,16.0,5.0,0.171,0.183,0.177,0.18151189767032447,0.17000413881143817,5.47,0.16088235294117645
0.3333333333333333,3.0,10.0,30.0,10.0,1.0,16.0,10.0,0.342,0.366,0.354,0.36302379534064894,0.3448568880017622,5.47,0.3217647058823529
0.3333333333333333,3.0,10.0,30.0,10.0,1.0,16.0,20.0,0.683,0.731,0.7070000000000001,0.7260475906812979,0.7099622860263477,5.47,0.6435294117647058
0.3333333333333333,3.0,10.0,30.0,10.0,1.0,16.0,40.0,1.366,1.462,1.4140000000000001,1.4520951813625957,1.5084970146614554,5.47,1.2870588235294116
0.3333333333333333,3.0,10.0,30.0,10.0,1.0,18.0,5.0,0.152,0.163,0.1575,0.16240538212607977,0.15188418130803294,5.47,0.14394736842105263
0.3333333333333333,3.0,10.0,30.0,10.0,1.0,18.0,10.0,0.304,0.326,0.315,0.32481076425215955,0.30763259991271324,5.47,0.28789473684210526
0.3333333333333333,3.0,10.0,30.0,10.0,1.0,18.0,20.0,0.609,0.652,0.6305000000000001,0.6496215285043191,0.6313274321710335,5.47,0.5757894736842105
0.3333333333333333,3.0,10.0,30.0,10.0,1.0,18.0,40.0,1.217,1.304,1.2605,1.2992430570086382,1.3322128786649918,5.47,1.151578947368421
0.3333333333333333,3.0,10.0,30.0,10.0,1.0,20.0,5.0,0.136,0.147,0.14150000000000001,0.14693820287597695,0.13725482247175128,5.47,0.13023809523809524
0.3333333333333333,3.0,10.0,30.0,10.0,1.0,20.0,10.0,0.273,0.295,0.28400000000000003,0.2938764057519539,0.2776614701075321,5.47,0.2604761904761905
0.3333333333333333,3.0,10.0,30.0,10.0,1.0,20.0,20.0,0.544,0.589,0.5665,0.5877528115039078,0.5683747052931886,5.47,0.520952380952381
0.3333333333333333,3.0,10.0,30.0,10.0,1.0,20.0,40.0,1.089,1.179,1.134,1.1755056230078156,1.192819108627198,5.47,1.041904761904762
3.0,0.3333333333333333,12.0,4.0,0.0,1.0,16.0,5.0,0.205,0.224,0.2145,0.25892293456039805,0.1668747266961745,6.669999999999999,0.17369791666666665
3.0,0.3333333333333333,12.0,4.0,0.0,1.0,16.0,10.0,0.404,0.449,0.4265,0.5178458691207961,0.3810833102800021,6.669999999999999,0.3473958333333333
3.0,0.3333333333333333,12.0,4.0,0.0,1.0,16.0,20.0,0.818,0.898,0.858,1.0356917382415922,1.063957010741369,6.669999999999999,0.6947916666666666
3.0,0.3333333333333333,12.0,4.0,0.0,1.0,16.0,40.0,1.62,1.795,1.7075,2.0713834764831844,10.226796015194433,6.669999999999999,1.3895833333333332
3.0,0.3333333333333333,12.0,4.0,0.0,1.0,18.0,5.0,0.18,0.2,0.19,0.23015371960924272,0.14631381850656838,6.669999999999999,0.15439814814814812
3.0,0.3333333333333333,12.0,4.0,0.0,1.0,18.0,10.0,0.359,0.399,0.379,0.46030743921848544,0.32839096646285876,6.669999999999999,0.30879629629629624
3.0,0.3333333333333333,12.0,4.0,0.0,1.0,18.0,20.0,0.719,0.798,0.7585,0.9206148784369709,0.8692523511413213,6.669999999999999,0.6175925925925925
3.0,0.3333333333333333,12.0,4.0,0.0,1.0,18.0,40.0,1.438,1.597,1.5175,1.8412297568739417,4.925004652023292,6.669999999999999,1.235185185185185
3.0,0.3333333333333333,12.0,4.0,0.0,1.0,20.0,5.0,0.162,0.18,0.17099999999999999,0.20713834764831845,0.13026380223822395,6.669999999999999,0.13895833333333332
3.0,0.3333333333333333,12.0,4.0,0.0,1.0,20.0,10.0,0.326,0.359,0.3425,0.4142766952966369,0.2885000930404658,6.669999999999999,0.27791666666666665
3.0,0.3333333333333333,12.0,4.0,0.0,1.0,20.0,20.0,0.652,0.719,0.6855,0.8285533905932738,0.7347861263220629,6.669999999999999,0.5558333333333333
3.0,0.3333333333333333,12.0,4.0,0.0,1.0,20.0,40.0,1.303,1.437,1.37,1.6571067811865476,3.2435028842544407,6.669999999999999,1.1116666666666666
3.0,0.3333333333333333,12.0,4.0,10.0,1.0,16.0,5.0,0.195,0.214,0.20450000000000002,0.2461049675029526,0.15764425578417252,6.669999999999999,0.16509900990099008
3.0,0.3333333333333333,12.0,4.0,10.0,1.0,16.0,10.0,0.39,0.428,0.40900000000000003,0.4922099350059052,0.3572019585595834,6.669999999999999,0.33019801980198016
3.0,0.3333333333333333,12.0,4.0,10.0,1.0,16.0,20.0,0.781,0.855,0.8180000000000001,0.9844198700118104,0.9731347686772994,6.669999999999999,0.6603960396039603
3.0,0.3333333333333333,12.0,4.0,10.0,1.0,16.0,40.0,1.563,1.711,1.637,1.9688397400236208,7.060053571020318,6.669999999999999,1.3207920792079206
3.0,0.3333333333333333,12.0,4.0,10.0,1.0,18.0,5.0,0.175,0.191,0.183,0.21996992670617888,0.13916912846984747,6.669999999999999,0.1475663716814159
3.0,0.3333333333333333,12.0,4.0,10.0,1.0,18.0,10.0,0.351,0.382,0.3665,0.43993985341235775,0.3105021753319667,6.669999999999999,0.2951327433628318
3.0,0.3333333333333333,12.0,4.0,10.0,1.0,18.0,20.0,0.698,0.763,0.7304999999999999,0.8798797068247155,0.8076675350221527,6.669999999999999,0.5902654867256636
3.0,0.3333333333333333,12.0,4.0,10.0,1.0,18.0,40.0,1.396,1.527,1.4615,1.759759413649431,4.050138403058354,6.669999999999999,1.1805309734513272
3.0,0.3333333333333333,12.0,4.0,10.0,1.0,20.0,5.0,0.156,0.173,0.16449999999999998,0.1988528137423857,0.12457012567146653,6.669999999999999,0.1334
3.0,0.3333333333333333,12.0,4.0,10.0,1.0,20.0,10.0,0.313,0.345,0.32899999999999996,0.3977056274847714,0.2746014034869521,6.669999999999999,0.2668
3.0,0.3333333333333333,12.0,4.0,10.0,1.0,20.0,20.0,0.626,0.691,0.6585,0.7954112549695428,0.6902933230855691,6.669999999999999,0.5336
3.0,0.3333333333333333,12.0,4.0,10.0,1.0,20.0,40.0,1.251,1.382,1.3165,1.5908225099390856,2.8395514263064654,6.669999999999999,1.0672
2.0,0.5,12.0,6.0,0.0,1.0,16.0,5.0,0.186,0.21,0.198,0.2220944563735987,0.16024031380308565,6.5200000000000005,0.16979166666666667
2.0,0.5,12.0,6.0,0.0,1.0,16.0,10.0,0.372,0.421,0.39649999999999996,0.4441889127471974,0.34816447041662957,6.5200000000000005,0.33958333333333335
2.0,0.5,12.0,6.0,0.0,1.0,16.0,20.0,0.744,0.842,0.7929999999999999,0.8883778254943948,0.8417542135343784,6.5200000000000005,0.6791666666666667
2.0,0.5,12.0,6.0,0.0,1.0,16.0,40.0,1.488,1.683,1.5855000000000001,1.7767556509887896,2.891092726798756,6.5200000000000005,1.3583333333333334
2.0,0.5,12.0,6.0,0.0,1.0,18.0,5.0,0.163,0.187,0.175,0.19741729455430995,0.1411884549956159,6.5200000000000005,0.15092592592592594
2.0,0.5,12.0,6.0,0.0,1.0,18.0,10.0,0.326,0.373,0.34950000000000003,0.3948345891086199,0.30365063374706314,6.5200000000000005,0.30185185185185187
2.0,0.5,12.0,6.0,0.0,1.0,18.0,20.0,0.652,0.746,0.6990000000000001,0.7896691782172398,0.7150408193211827,6.5200000000000005,0.6037037037037037
2.0,0.5,12.0,6.0,0.0,1.0,18.0,40.0,1.304,1.493,1.3985,1.5793383564344796,2.2165422784051647,6.5200000000000005,1.2074074074074075
2.0,0.5,12.0,6.0,0.0,1.0,20.0,5.0,0.147,0.168,0.1575,0.17767556509887897,0.12618555514418697,6.5200000000000005,0.13583333333333333
2.0,0.5,12.0,6.0,0.0,1.0,20.0,10.0,0.291,0.335,0.313,0.35535113019775794,0.2692289341743896,6.5200000000000005,0.27166666666666667
2.0,0.5,12.0,6.0,0.0,1.0,20.0,20.0,0.59,0.671,0.6305000000000001,0.7107022603955159,0.621485548610686,6.5200000000000005,0.5433333333333333
2.0,0.5,12.0,6.0,0.0,1.0,20.0,40.0,1.18,1.341,1.2605,1.4214045207910317,1.7972155218233317,6.5200000000000005,1.0866666666666667
2.0,0.5,12.0,6.0,10.0,1.0,16.0,5.0,0.174,0.2,0.187,0.21109968130559878,0.15171044392858665,6.5200000000000005,0.1613861386138614
2.0,0.5,12.0,6.0,10.0,1.0,16.0,10.0,0.348,0.4,0.374,0.42219936261119756,0.3281222743002032,6.5200000000000005,0.3227722772277228
2.0,0.5,12.0,6.0,10.0,1.0,16.0,20.0,0.695,0.8,0.7475,0.8443987252223951,0.7838744241150227,6.5200000000000005,0.6455445544554456
2.0,0.5,12.0,6.0,10.0,1.0,16.0,40.0,1.39,1.599,1.4945,1.6887974504447902,2.5657497278133574,6.5200000000000005,1.2910891089108911
2.0,0.5,12.0,6.0,10.0,1.0,18.0,5.0,0.155,0.178,0.16649999999999998,0.18868201603420776,0.13452415412525223,6.5200000000000005,0.1442477876106195
2.0,0.5,12.0,6.0,10.0,1.0,18.0,10.0,0.31,0.356,0.33299999999999996,0.3773640320684155,0.2882926935536902,6.5200000000000005,0.288495575221239
2.0,0.5,12.0,6.0,10.0,1.0,18.0,20.0,0.624,0.712,0.6679999999999999,0.754728064136831,0.6728384544327286,6.5200000000000005,0.576991150442478
2.0,0.5,12.0,6.0,10.0,1.0,18.0,40.0,1.248,1.425,1.3365,1.509456128273662,2.020149842660812,6.5200000000000005,1.153982300884956
2.0,0.5,12.0,6.0,10.0,1.0,20.0,5.0,0.141,0.161,0.151,0.1705685424949238,0.12083548740411448,6.5200000000000005,0.13040000000000002
2.0,0.5,12.0,6.0,10.0,1.0,20.0,10.0,0.283,0.322,0.3025,0.3411370849898476,0.25708595560948666,6.5200000000000005,0.26080000000000003
2.0,0.5,12.0,6.0,10.0,1.0,20.0,20.0,0.565,0.644,0.6045,0.6822741699796953,0.5893560513393139,6.5200000000000005,0.5216000000000001
2.0,0.5,12.0,6.0,10.0,1.0,20.0,40.0,1.13,1.288,1.209,1.3645483399593905,1.6659005106174096,6.5200000000000005,1.0432000000000001
1.5,0.6666666666666666,12.0,8.0,0.0,1.0,16.0,5.0,0.177,0.2,0.1885,0.20368021728019903,0.15711707410465556,6.31,0.16432291666666665
1.5,0.6666666666666666,12.0,8.0,0.0,1.0,16.0,10.0,0.355,0.4,0.3775,0.40736043456039805,0.333749453392349,6.31,0.3286458333333333
1.5,0.6666666666666666,12.0,8.0,0.0,1.0,16.0,20.0,0.709,0.8,0.7545,0.8147208691207961,0.7621666205600042,6.31,0.6572916666666666
1.5,0.6666666666666666,12.0,8.0,0.0,1.0,16.0,40.0,1.418,1.599,1.5085,1.6294417382415922,2.127914021482738,6.31,1.3145833333333332
1.5,0.6666666666666666,12.0,8.0,0.0,1.0,18.0,5.0,0.158,0.178,0.16799999999999998,0.18104908202684358,0.13875811120687634,6.31,0.14606481481481481
1.5,0.6666666666666666,12.0,8.0,0.0,1.0,18.0,10.0,0.317,0.357,0.33699999999999997,0.36209816405368717,0.29262763701313677,6.31,0.29212962962962963
1.5,0.6666666666666666,12.0,8.0,0.0,1.0,18.0,20.0,0.633,0.714,0.6735,0.7241963281073743,0.6567819329257175,6.31,0.5842592592592593
1.5,0.6666666666666666,12.0,8.0,0.0,1.0,18.0,40.0,1.266,1.427,1.3465,1.4483926562147487,1.7385047022826425,6.31,1.1685185185185185
1.5,0.6666666666666666,12.0,8.0,0.0,1.0,20.0,5.0,0.141,0.161,0.151,0.1629441738241592,0.12424071578964556,6.31,0.13145833333333332
1.5,0.6666666666666666,12.0,8.0,0.0,1.0,20.0,10.0,0.283,0.322,0.3025,0.3258883476483184,0.2605276044764479,6.31,0.26291666666666663
1.5,0.6666666666666666,12.0,8.0,0.0,1.0,20.0,20.0,0.565,0.644,0.6045,0.6517766952966368,0.5770001860809316,6.31,0.5258333333333333
1.5,0.6666666666666666,12.0,8.0,0.0,1.0,20.0,40.0,1.131,1.287,1.209,1.3035533905932737,1.4695722526441257,6.31,1.0516666666666665
1.5,0.6666666666666666,12.0,8.0,10.0,1.0,16.0,5.0,0.167,0.19,0.1785,0.19359703820692184,0.14890795741020235,6.31,0.15618811881188116
1.5,0.6666666666666666,12.0,8.0,10.0,1.0,16.0,10.0,0.334,0.38,0.357,0.3871940764138437,0.31528851156834503,6.31,0.3123762376237623
1.5,0.6666666666666666,12.0,8.0,10.0,1.0,16.0,20.0,0.669,0.76,0.7145,0.7743881528276874,0.7144039171191668,6.31,0.6247524752475246
1.5,0.6666666666666666,12.0,8.0,10.0,1.0,16.0,40.0,1.346,1.52,1.433,1.5487763056553747,1.9462695373545988,6.31,1.2495049504950493
1.5,0.6666666666666666,12.0,8.0,10.0,1.0,18.0,5.0,0.15,0.17,0.16,0.1730380606982222,0.1323160330227957,6.31,0.13960176991150441
1.5,0.6666666666666666,12.0,8.0,10.0,1.0,18.0,10.0,0.3,0.342,0.321,0.3460761213964444,0.27833825693969494,6.31,0.27920353982300883
1.5,0.6666666666666666,12.0,8.0,10.0,1.0,18.0,20.0,0.6,0.684,0.642,0.6921522427928888,0.6210043506639334,6.31,0.5584070796460177
1.5,0.6666666666666666,12.0,8.0,10.0,1.0,18.0,40.0,1.201,1.359,1.28,1.3843044855857776,1.6153350700443054,6.31,1.1168141592920353
1.5,0.6666666666666666,12.0,8.0,10.0,1.0,20.0,5.0,0.136,0.154,0.14500000000000002,0.15642640687119286,0.11905090200692846,6.31,0.12619999999999998
1.5,0.6666666666666666,12.0,8.0,10.0,1.0,20.0,10.0,0.271,0.308,0.2895,0.3128528137423857,0.24914025134293305,6.31,0.25239999999999996
1.5,0.6666666666666666,12.0,8.0,10.0,1.0,20.0,20.0,0.543,0.617,0.5800000000000001,0.6257056274847714,0.5492028069739042,6.31,0.5047999999999999
1.5,0.6666666666666666,12.0,8.0,10.0,1.0,20.0,40.0,1.085,1.234,1.1595,1.2514112549695429,1.3805866461711382,6.31,1.0095999999999998
1.2,0.8333333333333334,12.0,10.0,0.0,1.0,16.0,5.0,0.176,0.193,0.1845,0.19263167382415922,0.15530089473705697,6.1408,0.15991666666666665
1.2,0.8333333333333334,12.0,10.0,0.0,1.0,16.0,10.0,0.352,0.385,0.3685,0.38526334764831843,0.32565950559555984,6.1408,0.3198333333333333
1.2,0.8333333333333334,12.0,10.0,0.0,1.0,16.0,20.0,0.704,0.77,0.737,0.7705266952966369,0.7212502326011645,6.1408,0.6396666666666666
1.2,0.8333333333333334,12.0,10.0,0.0,1.0,16.0,40.0,1.41,1.541,1.4754999999999998,1.5410533905932737,1.8369653158051573,6.1408,1.2793333333333332
1.2,0.8333333333333334,12.0,10.0,0.0,1.0,18.0,5.0,0.156,0.171,0.1635,0.17122815451036374,0.13733965565786105,6.1408,0.14214814814814813
1.2,0.8333333333333334,12.0,10.0,0.0,1.0,18.0,10.0,0.313,0.342,0.3275,0.3424563090207275,0.28638979633935463,6.1408,0.28429629629629627
1.2,0.8333333333333334,12.0,10.0,0.0,1.0,18.0,20.0,0.626,0.685,0.6555,0.684912618041455,0.6261710686236988,6.1408,0.5685925925925925
1.2,0.8333333333333334,12.0,10.0,0.0,1.0,18.0,40.0,1.252,1.37,1.311,1.36982523608291,1.5393158586998468,6.1408,1.137185185185185
1.2,0.8333333333333334,12.0,10.0,0.0,1.0,20.0,5.0,0.14,0.154,0.14700000000000002,0.15410533905932736,0.12310232441881866,6.1408,0.12793333333333332
1.2,0.8333333333333334,12.0,10.0,0.0,1.0,20.0,10.0,0.279,0.308,0.2935,0.3082106781186547,0.25557164427455326,6.1408,0.25586666666666663
1.2,0.8333333333333334,12.0,10.0,0.0,1.0,20.0,20.0,0.557,0.617,0.587,0.6164213562373094,0.5532399430742061,6.1408,0.5117333333333333
1.2,0.8333333333333334,12.0,10.0,0.0,1.0,20.0,40.0,1.115,1.234,1.1745,1.2328427124746189,1.3246745400553133,6.1408,1.0234666666666665
1.2,0.8333333333333334,12.0,10.0,10.0,1.0,16.0,5.0,0.167,0.183,0.175,0.18309545234771568,0.14727561914872336,6.1408,0.152
1.2,0.8333333333333334,12.0,10.0,10.0,1.0,16.0,10.0,0.334,0.365,0.34950000000000003,0.36619090469543136,0.30805908965996637,6.1408,0.304
1.2,0.8333333333333334,12.0,10.0,10.0,1.0,16.0,20.0,0.669,0.73,0.6995,0.7323818093908627,0.6783337109515986,6.1408,0.608
1.2,0.8333333333333334,12.0,10.0,10.0,1.0,16.0,40.0,1.337,1.461,1.399,1.4647636187817255,1.699998707774648,6.1408,1.216
1.2,0.8333333333333334,12.0,10.0,10.0,1.0,18.0,5.0,0.15,0.164,0.157,0.16365168749663084,0.1310256160137597,6.1408,0.135858407079646
1.2,0.8333333333333334,12.0,10.0,10.0,1.0,18.0,10.0,0.299,0.327,0.313,0.3273033749932617,0.27268886502054024,6.1408,0.271716814159292
1.2,0.8333333333333334,12.0,10.0,10.0,1.0,18.0,20.0,0.598,0.655,0.6265000000000001,0.6546067499865234,0.5935679894770609,6.1408,0.543433628318584
1.2,0.8333333333333334,12.0,10.0,10.0,1.0,18.0,40.0,1.196,1.31,1.2530000000000001,1.3092134999730467,1.441963356000068,6.1408,1.086867256637168
1.2,0.8333333333333334,12.0,10.0,10.0,1.0,20.0,5.0,0.136,0.148,0.14200000000000002,0.14794112549695426,0.11800523033199525,6.1408,0.122816
1.2,0.8333333333333334,12.0,10.0,10.0,1.0,20.0,10.0,0.271,0.296,0.2835,0.2958822509939085,0.24460428979398183,6.1408,0.245632
1.2,0.8333333333333334,12.0,10.0,10.0,1.0,20.0,20.0,0.542,0.591,0.5665,0.591764501987817,0.5276339620957943,6.1408,0.491264
1.2,0.8333333333333334,12.0,10.0,10.0,1.0,20.0,40.0,1.084,1.183,1.1335000000000002,1.183529003975634,1.2519372836766938,6.1408,0.982528
1.0,1.0,12.0,12.0,0.0,1.0,16.0,5.0,0.17,0.187,0.1785,0.18526597818679935,0.15411325671315712,6.01,0.15651041666666665
1.0,1.0,12.0,12.0,0.0,1.0,16.0,10.0,0.34,0.374,0.357,0.3705319563735987,0.3204806276061713,6.01,0.3130208333333333
1.0,1.0,12.0,12.0,0.0,1.0,16.0,20.0,0.679,0.748,0.7135,0.7410639127471974,0.6963289408332591,6.01,0.6260416666666666
1.0,1.0,12.0,12.0,0.0,1.0,16.0,40.0,1.359,1.497,1.428,1.4821278254943948,1.6835084270687568,6.01,1.2520833333333332
1.0,1.0,12.0,12.0,0.0,1.0,18.0,5.0,0.147,0.167,0.157,0.1646808694993772,0.1364100208693766,6.01,0.13912037037037037
1.0,1.0,12.0,12.0,0.0,1.0,18.0,10.0,0.293,0.334,0.3135,0.3293617389987544,0.2823769099912318,6.01,0.27824074074074073
1.0,1.0,12.0,12.0,0.0,1.0,18.0,20.0,0.587,0.669,0.628,0.6587234779975089,0.6073012674941263,6.01,0.5564814814814815
1.0,1.0,12.0,12.0,0.0,1.0,18.0,40.0,1.178,1.337,1.2574999999999998,1.3174469559950177,1.4300816386423654,6.01,1.112962962962963
1.0,1.0,12.0,12.0,0.0,1.0,20.0,5.0,0.137,0.15,0.14350000000000002,0.14821278254943948,0.12235491629258324,6.01,0.1252083333333333
1.0,1.0,12.0,12.0,0.0,1.0,20.0,10.0,0.273,0.301,0.28700000000000003,0.29642556509887896,0.25237111028837395,6.01,0.2504166666666666
1.0,1.0,12.0,12.0,0.0,1.0,20.0,20.0,0.542,0.602,0.5720000000000001,0.5928511301977579,0.5384578683487792,6.01,0.5008333333333332
1.0,1.0,12.0,12.0,0.0,1.0,20.0,40.0,1.077,1.203,1.1400000000000001,1.1857022603955159,1.242971097221372,6.01,1.0016666666666665
1.0,1.0,12.0,12.0,10.0,1.0,16.0,5.0,0.16,0.178,0.16899999999999998,0.17609439510824493,0.14620713138926647,6.01,0.14876237623762376
1.0,1.0,12.0,12.0,10.0,1.0,16.0,10.0,0.32,0.356,0.33799999999999997,0.35218879021648986,0.3034208878571733,6.01,0.2975247524752475
1.0,1.0,12.0,12.0,10.0,1.0,16.0,20.0,0.642,0.711,0.6765,0.7043775804329797,0.6562445486004064,6.01,0.595049504950495
1.0,1.0,12.0,12.0,10.0,1.0,16.0,40.0,1.284,1.422,1.353,1.4087551608659594,1.5677488482300455,6.01,1.19009900990099
1.0,1.0,12.0,12.0,10.0,1.0,18.0,5.0,0.139,0.159,0.14900000000000002,0.1573941053622366,0.13017923083600844,6.01,0.13296460176991148
1.0,1.0,12.0,12.0,10.0,1.0,18.0,10.0,0.279,0.319,0.29900000000000004,0.3147882107244732,0.26904830825050446,6.01,0.26592920353982297
1.0,1.0,12.0,12.0,10.0,1.0,18.0,20.0,0.558,0.637,0.5975,0.6295764214489464,0.5765853871073804,6.01,0.5318584070796459
1.0,1.0,12.0,12.0,10.0,1.0,18.0,40.0,1.115,1.274,1.1945000000000001,1.2591528428978929,1.3456769088654572,6.01,1.0637168141592919
1.0,1.0,12.0,12.0,10.0,1.0,20.0,5.0,0.132,0.144,0.138,0.1422842712474619,0.1173182615314358,6.01,0.12019999999999999
1.0,1.0,12.0,12.0,10.0,1.0,20.0,10.0,0.264,0.287,0.27549999999999997,0.2845685424949238,0.24167097480822897,6.01,0.24039999999999997
1.0,1.0,12.0,12.0,10.0,1.0,20.0,20.0,0.528,0.575,0.5515,0.5691370849898476,0.5141719112189733,6.01,0.48079999999999995
1.0,1.0,12.0,12.0,10.0,1.0,20.0,40.0,1.056,1.15,1.103,1.1382741699796952,1.1787121026786278,6.01,0.9615999999999999
0.8571428571428571,1.1666666666666667,12.0,14.0,0.0,1.0,16.0,5.0,0.164,0.183,0.1735,0.18000476701725657,0.1532760045633908,5.9077551020408166,0.15384778911564626
0.8571428571428571,1.1666666666666667,12.0,14.0,0.0,1.0,16.0,10.0,0.328,0.366,0.347,0.36000953403451313,0.31688114332835976,5.9077551020408166,0.3076955782312925
0.8571428571428571,1.1666666666666667,12.0,14.0,0.0,1.0,16.0,20.0,0.656,0.732,0.694,0.7200190680690263,0.6795570332937547,5.9077551020408166,0.615391156462585
0.8571428571428571,1.1666666666666667,12.0,14.0,0.0,1.0,16.0,40.0,1.313,1.464,1.3885,1.4400381361380525,1.5887098157282384,5.9077551020408166,1.23078231292517
0.8571428571428571,1.1666666666666667,12.0,14.0,0.0,1.0,18.0,5.0,0.147,0.163,0.155,0.1600042373486725,0.13575366414638207,5.9077551020408166,0.1367535903250189
0.8571428571428571,1.1666666666666667,12.0,14.0,0.0,1.0,18.0,10.0,0.294,0.326,0.31,0.320008474697345,0.279578731501613,5.9077551020408166,0.2735071806500378
0.8571428571428571,1.1666666666666667,12.0,14.0,0.0,1.0,18.0,20.0,0.587,0.652,0.6194999999999999,0.64001694939469,0.5945044666355006,5.9077551020408166,0.5470143613000756
0.8571428571428571,1.1666666666666667,12.0,14.0,0.0,1.0,18.0,40.0,1.174,1.304,1.2389999999999999,1.28003389878938,1.3610910106070861,5.9077551020408166,1.0940287226001513
0.8571428571428571,1.1666666666666667,12.0,14.0,0.0,1.0,20.0,5.0,0.133,0.147,0.14,0.14400381361380526,0.12182658589335708,5.9077551020408166,0.123078231292517
0.8571428571428571,1.1666666666666667,12.0,14.0,0.0,1.0,20.0,10.0,0.265,0.293,0.279,0.28800762722761053,0.25013365753168937,5.9077551020408166,0.246156462585034
0.8571428571428571,1.1666666666666667,12.0,14.0,0.0,1.0,20.0,20.0,0.53,0.587,0.5585,0.5760152544552211,0.5283738154112426,5.9077551020408166,0.492312925170068
0.8571428571428571,1.1666666666666667,12.0,14.0,0.0,1.0,20.0,40.0,1.061,1.173,1.117,1.1520305089104421,1.1905217061655549,5.9077551020408166,0.984625850340136
0.8571428571428571,1.1666666666666667,12.0,14.0,10.0,1.0,16.0,5.0,0.158,0.174,0.16599999999999998,0.17109363993719437,0.14545336903498154,5.9077551020408166,0.1462315619317034
0.8571428571428571,1.1666666666666667,12.0,14.0,10.0,1.0,16.0,10.0,0.316,0.348,0.33199999999999996,0.34218727987438874,0.3001924874275482,5.9077551020408166,0.2924631238634068
0.8571428571428571,1.1666666666666667,12.0,14.0,10.0,1.0,16.0,20.0,0.632,0.696,0.6639999999999999,0.6843745597487775,0.6413273399178967,5.9077551020408166,0.5849262477268136
0.8571428571428571,1.1666666666666667,12.0,14.0,10.0,1.0,16.0,40.0,1.264,1.392,1.3279999999999998,1.368749119497555,1.4852193524088737,5.9077551020408166,1.1698524954536271
0.8571428571428571,1.1666666666666667,12.0,14.0,10.0,1.0,18.0,5.0,0.141,0.155,0.148,0.1529244038376693,0.12958133400727212,5.9077551020408166,0.1307025465053278
0.8571428571428571,1.1666666666666667,12.0,14.0,10.0,1.0,18.0,10.0,0.281,0.311,0.29600000000000004,0.3058488076753386,0.2665068629607296,5.9077551020408166,0.2614050930106556
0.8571428571428571,1.1666666666666667,12.0,14.0,10.0,1.0,18.0,20.0,0.563,0.622,0.5925,0.6116976153506772,0.5650380087394955,5.9077551020408166,0.5228101860213112
0.8571428571428571,1.1666666666666667,12.0,14.0,10.0,1.0,18.0,40.0,1.126,1.244,1.185,1.2233952307013545,1.284415303440464,5.9077551020408166,1.0456203720426225
0.8571428571428571,1.1666666666666667,12.0,14.0,10.0,1.0,20.0,5.0,0.128,0.141,0.1345,0.13824366106925304,0.11683244622824941,5.9077551020408166,0.11815510204081633
0.8571428571428571,1.1666666666666667,12.0,14.0,10.0,1.0,20.0,10.0,0.256,0.282,0.269,0.2764873221385061,0.23961845733093703,5.9077551020408166,0.23631020408163267
0.8571428571428571,1.1666666666666667,12.0,14.0,10.0,1.0,20.0,20.0,0.511,0.563,0.5369999999999999,0.5529746442770122,0.5049692094580372,5.9077551020408166,0.47262040816326534
0.8571428571428571,1.1666666666666667,12.0,14.0,10.0,1.0,20.0,40.0,1.023,1.126,1.0745,1.1059492885540243,1.1314424601945476,5.9077551020408166,0.9452408163265307
0.75,1.3333333333333333,12.0,16.0,0.0,1.0,16.0,5.0,0.163,0.179,0.17099999999999999,0.1760588586400995,0.15265401119095512,5.82625,0.15172526041666667
0.75,1.3333333333333333,12.0,16.0,0.0,1.0,16.0,10.0,0.326,0.358,0.34199999999999997,0.352117717280199,0.3142341482093111,5.82625,0.30345052083333335
0.75,1.3333333333333333,12.0,16.0,0.0,1.0,16.0,20.0,0.651,0.716,0.6835,0.704235434560398,0.667498906784698,5.82625,0.6069010416666667
0.75,1.3333333333333333,12.0,16.0,0.0,1.0,16.0,40.0,1.303,1.433,1.3679999999999999,1.408470869120796,1.5243332411200083,5.82625,1.2138020833333334
0.75,1.3333333333333333,12.0,16.0,0.0,1.0,18.0,5.0,0.144,0.159,0.1515,0.15649676323564402,0.1352655267793916,5.82625,0.13486689814814815
0.75,1.3333333333333333,12.0,16.0,0.0,1.0,18.0,10.0,0.288,0.318,0.303,0.31299352647128803,0.2775162224137527,5.82625,0.2697337962962963
0.75,1.3333333333333333,12.0,16.0,0.0,1.0,18.0,20.0,0.576,0.637,0.6065,0.6259870529425761,0.5852552740262735,5.82625,0.5394675925925926
0.75,1.3333333333333333,12.0,16.0,0.0,1.0,18.0,40.0,1.151,1.273,1.212,1.2519741058851521,1.313563865851435,5.82625,1.0789351851851852
0.75,1.3333333333333333,12.0,16.0,0.0,1.0,20.0,5.0,0.13,0.143,0.1365,0.14084708691207962,0.12143332268540193,5.82625,0.12138020833333334
0.75,1.3333333333333333,12.0,16.0,0.0,1.0,20.0,10.0,0.26,0.286,0.273,0.28169417382415923,0.24848143157929112,5.82625,0.24276041666666667
0.75,1.3333333333333333,12.0,16.0,0.0,1.0,20.0,20.0,0.52,0.573,0.5465,0.5633883476483185,0.5210552089528958,5.82625,0.48552083333333335
0.75,1.3333333333333333,12.0,16.0,0.0,1.0,20.0,40.0,1.037,1.145,1.091,1.126776695296637,1.1540003721618632,5.82625,0.9710416666666667
0.75,1.3333333333333333,12.0,16.0,10.0,1.0,16.0,5.0,0.155,0.17,0.1625,0.16734307355890646,0.1448931279703654,5.82625,0.1442141089108911
0.75,1.3333333333333333,12.0,16.0,10.0,1.0,16.0,10.0,0.309,0.34,0.3245,0.3346861471178129,0.2978159148204047,5.82625,0.2884282178217822
0.75,1.3333333333333333,12.0,16.0,10.0,1.0,16.0,20.0,0.618,0.68,0.649,0.6693722942356258,0.6305770231366901,5.82625,0.5768564356435644
0.75,1.3333333333333333,12.0,16.0,10.0,1.0,16.0,40.0,1.239,1.359,1.299,1.3387445884712517,1.4288078342383337,5.82625,1.1537128712871287
0.75,1.3333333333333333,12.0,16.0,10.0,1.0,18.0,5.0,0.138,0.152,0.14500000000000002,0.14957212769424383,0.12913650322327078,5.82625,0.12889933628318584
0.75,1.3333333333333333,12.0,16.0,10.0,1.0,18.0,10.0,0.276,0.304,0.29000000000000004,0.29914425538848766,0.2646320660455914,5.82625,0.2577986725663717
0.75,1.3333333333333333,12.0,16.0,10.0,1.0,18.0,20.0,0.552,0.608,0.5800000000000001,0.5982885107769753,0.5566765138793899,5.82625,0.5155973451327434
0.75,1.3333333333333333,12.0,16.0,10.0,1.0,18.0,40.0,1.104,1.216,1.1600000000000001,1.1965770215539506,1.242008701327867,5.82625,1.0311946902654867
0.75,1.3333333333333333,12.0,16.0,10.0,1.0,20.0,5.0,0.125,0.138,0.1315,0.13521320343559642,0.11647071701431443,5.82625,0.116525
0.75,1.3333333333333333,12.0,16.0,10.0,1.0,20.0,10.0,0.249,0.276,0.2625,0.27042640687119285,0.23810180401385692,5.82625,0.23305
0.75,1.3333333333333333,12.0,16.0,10.0,1.0,20.0,20.0,0.499,0.551,0.525,0.5408528137423857,0.4982805026858661,5.82625,0.4661
0.75,1.3333333333333333,12.0,16.0,10.0,1.0,20.0,40.0,0.998,1.103,1.0505,1.0817056274847714,1.0984056139478084,5.82625,0.9322
0.6666666666666666,1.5,12.0,18.0,0.0,1.0,16.0,5.0,0.157,0.176,0.16649999999999998,0.17298981879119957,0.15217371762681556,5.76,0.15
0.6666666666666666,1.5,12.0,18.0,0.0,1.0,16.0,10.0,0.315,0.352,0.3335,0.34597963758239914,0.31220575021547176,5.76,0.3
0.6666666666666666,1.5,12.0,18.0,0.0,1.0,16.0,20.0,0.63,0.704,0.667,0.6919592751647983,0.6584121832795576,5.76,0.6
0.6666666666666666,1.5,12.0,18.0,0.0,1.0,16.0,40.0,1.26,1.408,1.334,1.3839185503295965,1.4777593490828644,5.76,1.2
0.6666666666666666,1.5,12.0,18.0,0.0,1.0,18.0,5.0,0.143,0.156,0.1495,0.15376872781439963,0.13488828459063767,5.76,0.13333333333333333
0.6666666666666666,1.5,12.0,18.0,0.0,1.0,18.0,10.0,0.285,0.313,0.299,0.30753745562879925,0.2759329674336584,5.76,0.26666666666666666
0.6666666666666666,1.5,12.0,18.0,0.0,1.0,18.0,20.0,0.57,0.626,0.598,0.6150749112575985,0.5782580477587542,5.76,0.5333333333333333
0.6666666666666666,1.5,12.0,18.0,0.0,1.0,18.0,40.0,1.141,1.252,1.1965,1.230149822515197,1.2788323527478378,5.76,1.0666666666666667
0.6666666666666666,1.5,12.0,18.0,0.0,1.0,20.0,5.0,0.128,0.141,0.1345,0.13839185503295964,0.12112920223046893,5.76,0.11999999999999998
0.6666666666666666,1.5,12.0,18.0,0.0,1.0,20.0,10.0,0.256,0.282,0.269,0.2767837100659193,0.2472113801841499,5.76,0.23999999999999996
0.6666666666666666,1.5,12.0,18.0,0.0,1.0,20.0,20.0,0.513,0.563,0.538,0.5535674201318386,0.5155016334108384,5.76,0.4799999999999999
0.6666666666666666,1.5,12.0,18.0,0.0,1.0,20.0,40.0,1.026,1.126,1.076,1.1071348402636771,1.1271079235226578,5.76,0.9599999999999999
0.6666666666666666,1.5,12.0,18.0,10.0,1.0,16.0,5.0,0.152,0.167,0.1595,0.16442596637579365,0.14446035973536384,5.76,0.14257425742574256
0.6666666666666666,1.5,12.0,18.0,10.0,1.0,16.0,10.0,0.304,0.335,0.3195,0.3288519327515873,0.2959933259377244,5.76,0.2851485148514851
0.6666666666666666,1.5,12.0,18.0,10.0,1.0,16.0,20.0,0.609,0.669,0.639,0.6577038655031746,0.6224616288863297,5.76,0.5702970297029702
0.6666666666666666,1.5,12.0,18.0,10.0,1.0,16.0,40.0,1.217,1.338,1.2775,1.3154077310063492,1.3878098334623339,5.76,1.1405940594059405
0.6666666666666666,1.5,12.0,18.0,10.0,1.0,18.0,5.0,0.136,0.149,0.14250000000000002,0.14696480180491292,0.1287926295492966,5.76,0.12743362831858407
0.6666666666666666,1.5,12.0,18.0,10.0,1.0,18.0,10.0,0.272,0.299,0.2855,0.29392960360982584,0.2631920275784642,5.76,0.25486725663716814
0.6666666666666666,1.5,12.0,18.0,10.0,1.0,18.0,20.0,0.543,0.598,0.5705,0.5878592072196517,0.5503422716530348,5.76,0.5097345132743363
0.6666666666666666,1.5,12.0,18.0,10.0,1.0,18.0,40.0,1.086,1.196,1.141,1.1757184144393034,1.2109132708556487,5.76,1.0194690265486726
0.6666666666666666,1.5,12.0,18.0,10.0,1.0,20.0,5.0,0.123,0.135,0.129,0.13285618083164127,0.11619091694083052,5.76,0.11519999999999998
0.6666666666666666,1.5,12.0,18.0,10.0,1.0,20.0,10.0,0.246,0.271,0.2585,0.26571236166328255,0.23693539324072635,5.76,0.23039999999999997
0.6666666666666666,1.5,12.0,18.0,10.0,1.0,20.0,20.0,0.493,0.541,0.517,0.5314247233265651,0.4931994305976469,5.76,0.46079999999999993
0.6666666666666666,1.5,12.0,18.0,10.0,1.0,20.0,40.0,0.983,1.083,1.033,1.0628494466531302,1.074014491782892,5.76,0.9215999999999999
0.6,1.6666666666666667,12.0,20.0,0.0,1.0,16.0,5.0,0.16,0.174,0.16699999999999998,0.1705345869120796,0.15179165335675243,5.7052,0.14857291666666664
0.6,1.6666666666666667,12.0,20.0,0.0,1.0,16.0,10.0,0.316,0.348,0.33199999999999996,0.3410691738241592,0.31060178947411393,5.7052,0.2971458333333333
0.6,1.6666666666666667,12.0,20.0,0.0,1.0,16.0,20.0,0.632,0.695,0.6635,0.6821383476483184,0.6513190111911197,5.7052,0.5942916666666666
0.6,1.6666666666666667,12.0,20.0,0.0,1.0,16.0,40.0,1.265,1.391,1.3279999999999998,1.3642766952966368,1.442500465202329,5.7052,1.188583333333333
0.6,1.6666666666666667,12.0,20.0,0.0,1.0,18.0,5.0,0.142,0.155,0.1485,0.1515862994774041,0.1345880024782988,5.7052,0.1320648148148148
0.6,1.6666666666666667,12.0,20.0,0.0,1.0,18.0,10.0,0.283,0.309,0.296,0.3031725989548082,0.2746793113157221,5.7052,0.2641296296296296
0.6,1.6666666666666667,12.0,20.0,0.0,1.0,18.0,20.0,0.567,0.619,0.593,0.6063451979096164,0.5727795926787093,5.7052,0.5282592592592592
0.6,1.6666666666666667,12.0,20.0,0.0,1.0,18.0,40.0,1.133,1.237,1.185,1.2126903958192328,1.2523421372473975,5.7052,1.0565185185185184
0.6,1.6666666666666667,12.0,20.0,0.0,1.0,20.0,5.0,0.127,0.139,0.133,0.13642766952966368,0.12088700044428641,5.7052,0.11885833333333332
0.6,1.6666666666666667,12.0,20.0,0.0,1.0,20.0,10.0,0.255,0.278,0.2665,0.27285533905932735,0.24620464883763732,5.7052,0.23771666666666663
0.6,1.6666666666666667,12.0,20.0,0.0,1.0,20.0,20.0,0.509,0.556,0.5325,0.5457106781186547,0.5111432885491065,5.7052,0.47543333333333326
0.6,1.6666666666666667,12.0,20.0,0.0,1.0,20.0,40.0,1.019,1.111,1.065,1.0914213562373094,1.1064798861484122,5.7052,0.9508666666666665
0.6,1.6666666666666667,12.0,20.0,10.0,1.0,16.0,5.0,0.151,0.165,0.158,0.1620922806293034,0.14411600204930367,5.7052,0.1412178217821782
0.6,1.6666666666666667,12.0,20.0,10.0,1.0,16.0,10.0,0.299,0.33,0.3145,0.3241845612586068,0.2945512382974467,5.7052,0.2824356435643564
0.6,1.6666666666666667,12.0,20.0,10.0,1.0,16.0,20.0,0.604,0.661,0.6325000000000001,0.6483691225172136,0.6161181793199327,5.7052,0.5648712871287128
0.6,1.6666666666666667,12.0,20.0,10.0,1.0,16.0,40.0,1.208,1.321,1.2645,1.2967382450344271,1.3566674219031971,5.7052,1.1297425742574256
0.6,1.6666666666666667,12.0,20.0,10.0,1.0,18.0,5.0,0.135,0.148,0.14150000000000001,0.14487894109344815,0.128518846401796,5.7052,0.1262212389380531
0.6,1.6666666666666667,12.0,20.0,10.0,1.0,18.0,10.0,0.27,0.295,0.2825,0.2897578821868963,0.2620512320275194,5.7052,0.2524424778761062
0.6,1.6666666666666667,12.0,20.0,10.0,1.0,18.0,20.0,0.54,0.591,0.5655,0.5795157643737926,0.5453777300410805,5.7052,0.5048849557522124
0.6,1.6666666666666667,12.0,20.0,10.0,1.0,18.0,40.0,1.081,1.181,1.131,1.1590315287475852,1.1871359789541218,5.7052,1.0097699115044247
0.6,1.6666666666666667,12.0,20.0,10.0,1.0,20.0,5.0,0.122,0.133,0.1275,0.13097056274847713,0.11596804294969591,5.7052,0.11410399999999998
0.6,1.6666666666666667,12.0,20.0,10.0,1.0,20.0,10.0,0.244,0.266,0.255,0.26194112549695425,0.2360104606639905,5.7052,0.22820799999999997
0.6,1.6666666666666667,12.0,20.0,10.0,1.0,20.0,20.0,0.488,0.533,0.5105,0.5238822509939085,0.48920857958796365,5.7052,0.45641599999999993
0.6,1.6666666666666667,12.0,20.0,10.0,1.0,20.0,40.0,0.976,1.065,1.0205,1.047764501987817,1.0552679241915885,5.7052,0.9128319999999999
0.5454545454545454,1.8333333333333333,12.0,22.0,0.0,1.0,16.0,5.0,0.158,0.172,0.16499999999999998,0.1685257608291633,0.15148047938031853,5.659173553719008,0.14737431129476583
0.5454545454545454,1.8333333333333333,12.0,22.0,0.0,1.0,16.0,10.0,0.316,0.344,0.32999999999999996,0.3370515216583266,0.3093016650446217,5.659173553719008,0.29474862258953166
0.5454545454545454,1.8333333333333333,12.0,22.0,0.0,1.0,16.0,20.0,0.632,0.688,0.6599999999999999,0.6741030433166532,0.645628189910316,5.659173553719008,0.5894972451790633
0.5454545454545454,1.8333333333333333,12.0,22.0,0.0,1.0,16.0,40.0,1.263,1.376,1.3195,1.3482060866333063,1.4148797948939402,5.659173553719008,1.1789944903581266
0.5454545454545454,1.8333333333333333,12.0,22.0,0.0,1.0,18.0,5.0,0.14,0.152,0.14600000000000002,0.1498006762925896,0.1343433097302347,5.659173553719008,0.13099938781756965
0.5454545454545454,1.8333333333333333,12.0,22.0,0.0,1.0,18.0,10.0,0.28,0.304,0.29200000000000004,0.2996013525851792,0.27366203435587605,5.659173553719008,0.2619987756351393
0.5454545454545454,1.8333333333333333,12.0,22.0,0.0,1.0,18.0,20.0,0.561,0.609,0.585,0.5992027051703585,0.5683738378802144,5.659173553719008,0.5239975512702786
0.5454545454545454,1.8333333333333333,12.0,22.0,0.0,1.0,18.0,40.0,1.123,1.217,1.17,1.198405410340717,1.2314710105905515,5.659173553719008,1.0479951025405572
0.5454545454545454,1.8333333333333333,12.0,22.0,0.0,1.0,20.0,5.0,0.126,0.137,0.1315,0.13482060866333065,0.12068955460175651,5.659173553719008,0.11789944903581268
0.5454545454545454,1.8333333333333333,12.0,22.0,0.0,1.0,20.0,10.0,0.253,0.274,0.2635,0.2696412173266613,0.2453870381214058,5.659173553719008,0.23579889807162535
0.5454545454545454,1.8333333333333333,12.0,22.0,0.0,1.0,20.0,20.0,0.506,0.548,0.527,0.5392824346533226,0.5076318085618233,5.659173553719008,0.4715977961432507
0.5454545454545454,1.8333333333333333,12.0,22.0,0.0,1.0,20.0,40.0,1.011,1.095,1.053,1.0785648693066452,1.090155728796629,5.659173553719008,0.9431955922865014
0.5454545454545454,1.8333333333333333,12.0,22.0,10.0,1.0,16.0,5.0,0.149,0.163,0.156,0.16018290138217503,0.143835473593698,5.659173553719008,0.14007855330987645
0.5454545454545454,1.8333333333333333,12.0,22.0,10.0,1.0,16.0,10.0,0.297,0.325,0.311,0.32036580276435006,0.2933817586508619,5.659173553719008,0.2801571066197529
0.5454545454545454,1.8333333333333333,12.0,22.0,10.0,1.0,16.0,20.0,0.595,0.651,0.623,0.6407316055287001,0.6110234558910457,5.659173553719008,0.5603142132395058
0.5454545454545454,1.8333333333333333,12.0,22.0,10.0,1.0,16.0,40.0,1.189,1.301,1.245,1.2814632110574002,1.3322081132273127,5.659173553719008,1.1206284264790116
0.5454545454545454,1.8333333333333333,12.0,22.0,10.0,1.0,18.0,5.0,0.135,0.145,0.14,0.14317232778406794,0.12829570628915968,5.659173553719008,0.12520295472829665
0.5454545454545454,1.8333333333333333,12.0,22.0,10.0,1.0,18.0,10.0,0.27,0.291,0.28049999999999997,0.2863446555681359,0.261125183657413,5.659173553719008,0.2504059094565933
0.5454545454545454,1.8333333333333333,12.0,22.0,10.0,1.0,18.0,20.0,0.536,0.582,0.5589999999999999,0.5726893111362718,0.5413819654702613,5.659173553719008,0.5008118189131866
0.5454545454545454,1.8333333333333333,12.0,22.0,10.0,1.0,18.0,40.0,1.08,1.164,1.1219999999999999,1.1453786222725435,1.1683653917436405,5.659173553719008,1.0016236378263732
0.5454545454545454,1.8333333333333333,12.0,22.0,10.0,1.0,20.0,5.0,0.122,0.132,0.127,0.1294277843167974,0.11578632647163874,5.659173553719008,0.11318347107438016
0.5454545454545454,1.8333333333333333,12.0,22.0,10.0,1.0,20.0,10.0,0.244,0.263,0.2535,0.2588555686335948,0.23525905182010984,5.659173553719008,0.22636694214876033
0.5454545454545454,1.8333333333333333,12.0,22.0,10.0,1.0,20.0,20.0,0.488,0.526,0.507,0.5177111372671896,0.48599106108099654,5.659173553719008,0.45273388429752065
0.5454545454545454,1.8333333333333333,12.0,22.0,10.0,1.0,20.0,40.0,0.976,1.052,1.014,1.0354222745343793,1.0404097360739615,5.659173553719008,0.9054677685950413
0.5,2.0,12.0,24.0,0.0,1.0,16.0,5.0,0.156,0.169,0.1625,0.16685173909339968,0.15122214065422257,5.62,0.14635416666666667
0.5,2.0,12.0,24.0,0.0,1.0,16.0,10.0,0.312,0.339,0.3255,0.33370347818679935,0.30822651342631424,5.62,0.29270833333333335
0.5,2.0,12.0,24.0,0.0,1.0,16.0,20.0,0.625,0.678,0.6515,0.6674069563735987,0.6409612552123426,5.62,0.5854166666666667
0.5,2.0,12.0,24.0,0.0,1.0,16.0,40.0,1.25,1.355,1.3025,1.3348139127471974,1.3926578816665183,5.62,1.1708333333333334
0.5,2.0,12.0,24.0,0.0,1.0,18.0,5.0,0.139,0.151,0.14500000000000002,0.14831265697191082,0.13414007774543255,5.62,0.1300925925925926
0.5,2.0,12.0,24.0,0.0,1.0,18.0,10.0,0.278,0.303,0.2905,0.29662531394382163,0.2728200417387532,5.62,0.2601851851851852
0.5,2.0,12.0,24.0,0.0,1.0,18.0,20.0,0.556,0.605,0.5805,0.5932506278876433,0.5647538199824635,5.62,0.5203703703703704
0.5,2.0,12.0,24.0,0.0,1.0,18.0,40.0,1.112,1.211,1.1615000000000002,1.1865012557752865,1.2146025349882525,5.62,1.0407407407407407
0.5,2.0,12.0,24.0,0.0,1.0,20.0,5.0,0.125,0.136,0.1305,0.13348139127471975,0.12052550842316619,5.62,0.11708333333333334
0.5,2.0,12.0,24.0,0.0,1.0,20.0,10.0,0.249,0.271,0.26,0.2669627825494395,0.2447098325851665,5.62,0.2341666666666667
0.5,2.0,12.0,24.0,0.0,1.0,20.0,20.0,0.498,0.542,0.52,0.533925565098879,0.5047422205767479,5.62,0.4683333333333334
0.5,2.0,12.0,24.0,0.0,1.0,20.0,40.0,0.996,1.084,1.04,1.067851130197758,1.0769157366975584,5.62,0.9366666666666668
0.5,2.0,12.0,24.0,10.0,1.0,16.0,5.0,0.149,0.161,0.155,0.15859175200956802,0.1436025327903873,5.62,0.13910891089108912
0.5,2.0,12.0,24.0,10.0,1.0,16.0,10.0,0.298,0.322,0.31,0.31718350401913603,0.29241426277853294,5.62,0.27821782178217824
0.5,2.0,12.0,24.0,10.0,1.0,16.0,20.0,0.595,0.643,0.619,0.6343670080382721,0.6068417757143466,5.62,0.5564356435643565
0.5,2.0,12.0,24.0,10.0,1.0,16.0,40.0,1.191,1.287,1.2389999999999999,1.2687340160765441,1.3124890972008127,5.62,1.112871287128713
0.5,2.0,12.0,24.0,10.0,1.0,18.0,5.0,0.134,0.144,0.139,0.14175015002625105,0.12811034724057463,5.62,0.12433628318584071
0.5,2.0,12.0,24.0,10.0,1.0,18.0,10.0,0.267,0.289,0.278,0.2835003000525021,0.26035846167201687,5.62,0.24867256637168142
0.5,2.0,12.0,24.0,10.0,1.0,18.0,20.0,0.534,0.578,0.556,0.5670006001050042,0.5380966165010089,5.62,0.49734513274336284
0.5,2.0,12.0,24.0,10.0,1.0,18.0,40.0,1.068,1.155,1.1115,1.1340012002100084,1.1531707742147608,5.62,0.9946902654867257
0.5,2.0,12.0,24.0,10.0,1.0,20.0,5.0,0.12,0.13,0.125,0.12814213562373095,0.11563533052721077,5.62,0.1124
0.5,2.0,12.0,24.0,10.0,1.0,20.0,10.0,0.24,0.26,0.25,0.2562842712474619,0.2346365230628716,5.62,0.2248
0.5,2.0,12.0,24.0,10.0,1.0,20.0,20.0,0.48,0.52,0.5,0.5125685424949238,0.48334194961645793,5.62,0.4496
0.5,2.0,12.0,24.0,10.0,1.0,20.0,40.0,0.959,1.04,0.9995,1.0251370849898476,1.0283438224379466,5.62,0.8992
0.46153846153846156,2.1666666666666665,12.0,26.0,0.0,1.0,16.0,5.0,0.154,0.168,0.161,0.16543525916313817,0.1510042335952666,5.5862721893491125,0.1454758382642998
0.46153846153846156,2.1666666666666665,12.0,26.0,0.0,1.0,16.0,10.0,0.308,0.336,0.322,0.33087051832627634,0.3073225907664806,5.5862721893491125,0.2909516765285996
0.46153846153846156,2.1666666666666665,12.0,26.0,0.0,1.0,16.0,20.0,0.615,0.672,0.6435,0.6617410366525527,0.6370646885921134,5.5862721893491125,0.5819033530571992
0.46153846153846156,2.1666666666666665,12.0,26.0,0.0,1.0,16.0,40.0,1.23,1.344,1.287,1.3234820733051054,1.3743927797221904,5.5862721893491125,1.1638067061143984
0.46153846153846156,2.1666666666666665,12.0,26.0,0.0,1.0,18.0,5.0,0.139,0.15,0.14450000000000002,0.14705356370056727,0.13396859187566879,5.5862721893491125,0.12931185623493316
0.46153846153846156,2.1666666666666665,12.0,26.0,0.0,1.0,18.0,10.0,0.277,0.299,0.28800000000000003,0.29410712740113454,0.2721116228088819,5.5862721893491125,0.2586237124698663
0.46153846153846156,2.1666666666666665,12.0,26.0,0.0,1.0,18.0,20.0,0.554,0.598,0.5760000000000001,0.5882142548022691,0.5617265516080866,5.5862721893491125,0.5172474249397326
0.46153846153846156,2.1666666666666665,12.0,26.0,0.0,1.0,18.0,40.0,1.108,1.197,1.1525,1.1764285096045382,1.2006860219090203,5.5862721893491125,1.0344948498794653
0.46153846153846156,2.1666666666666665,12.0,26.0,0.0,1.0,20.0,5.0,0.124,0.134,0.129,0.13234820733051053,0.12038704803914442,5.5862721893491125,0.11638067061143985
0.46153846153846156,2.1666666666666665,12.0,26.0,0.0,1.0,20.0,10.0,0.249,0.268,0.2585,0.26469641466102106,0.24413972520181632,5.5862721893491125,0.2327613412228797
0.46153846153846156,2.1666666666666665,12.0,26.0,0.0,1.0,20.0,20.0,0.498,0.535,0.5165,0.5293928293220421,0.5023227559277563,5.5862721893491125,0.4655226824457594
0.46153846153846156,2.1666666666666665,12.0,26.0,0.0,1.0,20.0,40.0,0.995,1.071,1.033,1.0587856586440842,1.0659613023671122,5.5862721893491125,0.9310453648915188
0.46153846153846156,2.1666666666666665,12.0,26.0,10.0,1.0,16.0,5.0,0.148,0.159,0.1535,0.15724539484813133,0.14340601753531249,5.5862721893491125,0.13827406409279983
0.46153846153846156,2.1666666666666665,12.0,26.0,10.0,1.0,16.0,10.0,0.296,0.319,0.3075,0.31449078969626265,0.29160058260587485,5.5862721893491125,0.27654812818559965
0.46153846153846156,2.1666666666666665,12.0,26.0,10.0,1.0,16.0,20.0,0.592,0.637,0.6145,0.6289815793925253,0.6033478790583403,5.5862721893491125,0.5530962563711993
0.46153846153846156,2.1666666666666665,12.0,26.0,10.0,1.0,16.0,40.0,1.185,1.275,1.23,1.2579631587850506,1.2962540843611647,5.5862721893491125,1.1061925127423986
0.46153846153846156,2.1666666666666665,12.0,26.0,10.0,1.0,18.0,5.0,0.131,0.143,0.137,0.14054676884655987,0.12795392280106302,5.5862721893491125,0.12359009268471488
0.46153846153846156,2.1666666666666665,12.0,26.0,10.0,1.0,18.0,10.0,0.263,0.286,0.27449999999999997,0.28109353769311973,0.259713204972067,5.5862721893491125,0.24718018536942976
0.46153846153846156,2.1666666666666665,12.0,26.0,10.0,1.0,18.0,20.0,0.526,0.572,0.5489999999999999,0.5621870753862395,0.535347690879232,5.5862721893491125,0.4943603707388595
0.46153846153846156,2.1666666666666665,12.0,26.0,10.0,1.0,18.0,40.0,1.052,1.144,1.0979999999999999,1.124374150772479,1.140619117075896,5.5862721893491125,0.988720741477719
0.46153846153846156,2.1666666666666665,12.0,26.0,10.0,1.0,20.0,5.0,0.12,0.129,0.1245,0.1270542790372901,0.11550787199198699,5.5862721893491125,0.11172544378698225
0.46153846153846156,2.1666666666666665,12.0,26.0,10.0,1.0,20.0,10.0,0.239,0.259,0.249,0.2541085580745802,0.23411233550757513,5.5862721893491125,0.2234508875739645
0.46153846153846156,2.1666666666666665,12.0,26.0,10.0,1.0,20.0,20.0,0.479,0.517,0.498,0.5082171161491604,0.48112284761597834,5.5862721893491125,0.446901775147929
0.46153846153846156,2.1666666666666665,12.0,26.0,10.0,1.0,20.0,40.0,0.957,1.034,0.9955,1.0164342322983209,1.0183506704822993,5.5862721893491125,0.893803550295858
0.42857142857142855,2.3333333333333335,12.0,28.0,0.0,1.0,16.0,5.0,0.155,0.166,0.1605,0.1642211335086283,0.1508179553335047,5.556938775510204,0.14471194727891157
0.42857142857142855,2.3333333333333335,12.0,28.0,0.0,1.0,16.0,10.0,0.31,0.332,0.321,0.3284422670172566,0.3065520091267816,5.556938775510204,0.28942389455782314
0.42857142857142855,2.3333333333333335,12.0,28.0,0.0,1.0,16.0,20.0,0.62,0.665,0.6425000000000001,0.6568845340345132,0.6337622866567195,5.556938775510204,0.5788477891156463
0.42857142857142855,2.3333333333333335,12.0,28.0,0.0,1.0,16.0,40.0,1.24,1.33,1.2850000000000001,1.3137690680690264,1.3591140665875094,5.556938775510204,1.1576955782312925
0.42857142857142855,2.3333333333333335,12.0,28.0,0.0,1.0,18.0,5.0,0.138,0.148,0.14300000000000002,0.14597434089655847,0.13382195258219232,5.556938775510204,0.12863284202569916
0.42857142857142855,2.3333333333333335,12.0,28.0,0.0,1.0,18.0,10.0,0.276,0.296,0.28600000000000003,0.29194868179311695,0.27150732829276414,5.556938775510204,0.2572656840513983
0.42857142857142855,2.3333333333333335,12.0,28.0,0.0,1.0,18.0,20.0,0.552,0.591,0.5715,0.5838973635862339,0.559157463003226,5.556938775510204,0.5145313681027966
0.42857142857142855,2.3333333333333335,12.0,28.0,0.0,1.0,18.0,40.0,1.104,1.182,1.143,1.1677947271724678,1.1890089332710012,5.556938775510204,1.0290627362055933
0.42857142857142855,2.3333333333333335,12.0,28.0,0.0,1.0,20.0,5.0,0.124,0.133,0.1285,0.13137690680690264,0.1202686206649308,5.556938775510204,0.11576955782312925
0.42857142857142855,2.3333333333333335,12.0,28.0,0.0,1.0,20.0,10.0,0.248,0.266,0.257,0.2627538136138053,0.24365317178671417,5.556938775510204,0.2315391156462585
0.42857142857142855,2.3333333333333335,12.0,28.0,0.0,1.0,20.0,20.0,0.496,0.532,0.514,0.5255076272276106,0.5002673150633787,5.556938775510204,0.463078231292517
0.42857142857142855,2.3333333333333335,12.0,28.0,0.0,1.0,20.0,40.0,0.992,1.065,1.0285,1.0510152544552211,1.0567476308224852,5.556938775510204,0.926156462585034
0.42857142857142855,2.3333333333333335,12.0,28.0,10.0,1.0,16.0,5.0,0.147,0.158,0.1525,0.15609137442404272,0.1432380034705297,5.556938775510204,0.13754798949282684
0.42857142857142855,2.3333333333333335,12.0,28.0,10.0,1.0,16.0,10.0,0.294,0.315,0.3045,0.31218274884808545,0.2909067380699631,5.556938775510204,0.2750959789856537
0.42857142857142855,2.3333333333333335,12.0,28.0,10.0,1.0,16.0,20.0,0.589,0.63,0.6094999999999999,0.6243654976961709,0.6003849748550965,5.556938775510204,0.5501919579713074
0.42857142857142855,2.3333333333333335,12.0,28.0,10.0,1.0,16.0,40.0,1.177,1.26,1.2185000000000001,1.2487309953923418,1.2826546798357934,5.556938775510204,1.1003839159426148
0.42857142857142855,2.3333333333333335,12.0,28.0,10.0,1.0,18.0,5.0,0.131,0.141,0.136,0.13951529926396739,0.12782014842715125,5.556938775510204,0.12294112335199567
0.42857142857142855,2.3333333333333335,12.0,28.0,10.0,1.0,18.0,10.0,0.262,0.282,0.272,0.27903059852793477,0.25916266801454424,5.556938775510204,0.24588224670399134
0.42857142857142855,2.3333333333333335,12.0,28.0,10.0,1.0,18.0,20.0,0.524,0.565,0.5445,0.5580611970558695,0.5330137259214592,5.556938775510204,0.4917644934079827
0.42857142857142855,2.3333333333333335,12.0,28.0,10.0,1.0,18.0,40.0,1.047,1.129,1.088,1.116122394111739,1.130076017478991,5.556938775510204,0.9835289868159653
0.42857142857142855,2.3333333333333335,12.0,28.0,10.0,1.0,20.0,5.0,0.119,0.128,0.1235,0.12612183053462653,0.11539884524596315,5.556938775510204,0.11113877551020408
0.42857142857142855,2.3333333333333335,12.0,28.0,10.0,1.0,20.0,10.0,0.238,0.255,0.2465,0.25224366106925306,0.23366489245649882,5.556938775510204,0.22227755102040817
0.42857142857142855,2.3333333333333335,12.0,28.0,10.0,1.0,20.0,20.0,0.476,0.511,0.4935,0.5044873221385061,0.47923691466187407,5.556938775510204,0.44455510204081633
0.42857142857142855,2.3333333333333335,12.0,28.0,10.0,1.0,20.0,40.0,0.953,1.022,0.9875,1.0089746442770122,1.0099384189160745,5.556938775510204,0.8891102040816327
0.4,2.5,12.0,30.0,0.0,1.0,16.0,5.0,0.154,0.164,0.159,0.16316889127471976,0.15065688552895773,5.531199999999999,0.14404166666666665
0.4,2.5,12.0,30.0,0.0,1.0,16.0,10.0,0.307,0.329,0.318,0.3263377825494395,0.3058872907314581,5.531199999999999,0.2880833333333333
0.4,2.5,12.0,30.0,0.0,1.0,16.0,20.0,0.615,0.658,0.6365000000000001,0.652675565098879,0.6309277757209348,5.531199999999999,0.5761666666666666
0.4,2.5,12.0,30.0,0.0,1.0,16.0,40.0,1.227,1.316,1.2715,1.305351130197758,1.346144670871948,5.531199999999999,1.1523333333333332
0.4,2.5,12.0,30.0,0.0,1.0,18.0,5.0,0.137,0.146,0.14150000000000001,0.14503901446641757,0.13369512461531613,5.531199999999999,0.128037037037037
0.4,2.5,12.0,30.0,0.0,1.0,18.0,10.0,0.274,0.293,0.2835,0.29007802893283513,0.27098577325456985,5.531199999999999,0.256074074074074
0.4,2.5,12.0,30.0,0.0,1.0,18.0,20.0,0.548,0.585,0.5665,0.5801560578656703,0.5569498531826914,5.531199999999999,0.512148148148148
0.4,2.5,12.0,30.0,0.0,1.0,18.0,40.0,1.095,1.17,1.1324999999999998,1.1603121157313405,1.1790709751113266,5.531199999999999,1.024296296296296
0.4,2.5,12.0,30.0,0.0,1.0,20.0,5.0,0.123,0.132,0.1275,0.1305351130197758,0.12016617191719799,5.531199999999999,0.11523333333333331
0.4,2.5,12.0,30.0,0.0,1.0,20.0,10.0,0.246,0.265,0.2555,0.2610702260395516,0.24323305816114968,5.531199999999999,0.23046666666666663
0.4,2.5,12.0,30.0,0.0,1.0,20.0,20.0,0.493,0.53,0.5115000000000001,0.5221404520791032,0.49849949138509647,5.531199999999999,0.46093333333333325
0.4,2.5,12.0,30.0,0.0,1.0,20.0,40.0,0.985,1.059,1.022,1.0442809041582064,1.0488903285372944,5.531199999999999,0.9218666666666665
0.4,2.5,12.0,30.0,10.0,1.0,16.0,5.0,0.146,0.157,0.1515,0.15509122338983264,0.14309270940913976,5.531199999999999,0.1369108910891089
0.4,2.5,12.0,30.0,10.0,1.0,16.0,10.0,0.292,0.314,0.303,0.3101824467796653,0.29030807152509236,5.531199999999999,0.2738217821782178
0.4,2.5,12.0,30.0,10.0,1.0,16.0,20.0,0.585,0.628,0.6065,0.6203648935593306,0.5978405636956501,5.531199999999999,0.5476435643564356
0.4,2.5,12.0,30.0,10.0,1.0,16.0,40.0,1.167,1.256,1.2115,1.240729787118661,1.2710972668404907,5.531199999999999,1.0952871287128711
0.4,2.5,12.0,30.0,10.0,1.0,18.0,5.0,0.131,0.14,0.1355,0.13862135895905395,0.12770443669333567,5.531199999999999,0.12237168141592918
0.4,2.5,12.0,30.0,10.0,1.0,18.0,10.0,0.262,0.279,0.2705,0.2772427179181079,0.25868742050429167,5.531199999999999,0.24474336283185835
0.4,2.5,12.0,30.0,10.0,1.0,18.0,20.0,0.523,0.558,0.5405,0.5544854358362158,0.5310073559096385,5.531199999999999,0.4894867256637167
0.4,2.5,12.0,30.0,10.0,1.0,18.0,40.0,1.05,1.117,1.0835,1.1089708716724316,1.121095069130944,5.531199999999999,0.9789734513274334
0.4,2.5,12.0,30.0,10.0,1.0,20.0,5.0,0.118,0.127,0.1225,0.12531370849898477,0.11530452174766796,5.531199999999999,0.11062399999999999
0.4,2.5,12.0,30.0,10.0,1.0,20.0,10.0,0.237,0.254,0.2455,0.25062741699796953,0.2332784896622441,5.531199999999999,0.22124799999999997
0.4,2.5,12.0,30.0,10.0,1.0,20.0,20.0,0.474,0.508,0.491,0.5012548339959391,0.47761435850837336,5.531199999999999,0.44249599999999994
0.4,2.5,12.0,30.0,10.0,1.0,20.0,40.0,0.947,1.016,0.9815,1.0025096679918781,1.002759422396868,5.531199999999999,0.8849919999999999
3.5,0.2857142857142857,14.0,4.0,0.0,1.0,16.0,5.0,0.181,0.198,0.1895,0.2377175774175409,0.14303548002529243,7.2,0.16071428571428573
3.5,0.2857142857142857,14.0,4.0,0.0,1.0,16.0,10.0,0.362,0.396,0.379,0.4754351548350818,0.32664283738285893,7.2,0.32142857142857145
3.5,0.2857142857142857,14.0,4.0,0.0,1.0,16.0,20.0,0.723,0.792,0.7575000000000001,0.9508703096701636,0.9119631520640306,7.2,0.6428571428571429
3.5,0.2857142857142857,14.0,4.0,0.0,1.0,16.0,40.0,1.446,1.584,1.5150000000000001,1.9017406193403272,8.765825155880941,7.2,1.2857142857142858
3.5,0.2857142857142857,14.0,4.0,0.0,1.0,18.0,5.0,0.16,0.176,0.16799999999999998,0.21130451326003635,0.12541184443420147,7.2,0.14285714285714285
3.5,0.2857142857142857,14.0,4.0,0.0,1.0,18.0,10.0,0.32,0.353,0.3365,0.4226090265200727,0.28147797125387897,7.2,0.2857142857142857
3.5,0.2857142857142857,14.0,4.0,0.0,1.0,18.0,20.0,0.64,0.706,0.673,0.8452180530401454,0.7450734438354182,7.2,0.5714285714285714
3.5,0.2857142857142857,14.0,4.0,0.0,1.0,18.0,40.0,1.28,1.412,1.346,1.6904361060802908,4.221432558877107,7.2,1.1428571428571428
3.5,0.2857142857142857,14.0,4.0,0.0,1.0,20.0,5.0,0.143,0.159,0.151,0.19017406193403272,0.11165468763276337,7.2,0.12857142857142856
3.5,0.2857142857142857,14.0,4.0,0.0,1.0,20.0,10.0,0.285,0.317,0.301,0.38034812386806544,0.24728579403468498,7.2,0.2571428571428571
3.5,0.2857142857142857,14.0,4.0,0.0,1.0,20.0,20.0,0.57,0.634,0.602,0.7606962477361309,0.6298166797046254,7.2,0.5142857142857142
3.5,0.2857142857142857,14.0,4.0,0.0,1.0,20.0,40.0,1.14,1.268,1.204,1.5213924954722617,2.7801453293609493,7.2,1.0285714285714285
3.5,0.2857142857142857,14.0,4.0,10.0,1.0,16.0,5.0,0.17,0.19,0.18,0.22755870658773147,0.13619989498709137,7.2,0.15384615384615385
3.5,0.2857142857142857,14.0,4.0,10.0,1.0,16.0,10.0,0.339,0.38,0.35950000000000004,0.45511741317546295,0.3089388608751257,7.2,0.3076923076923077
3.5,0.2857142857142857,14.0,4.0,10.0,1.0,16.0,20.0,0.678,0.76,0.7190000000000001,0.9102348263509259,0.8444128531839421,7.2,0.6153846153846154
3.5,0.2857142857142857,14.0,4.0,10.0,1.0,16.0,40.0,1.359,1.52,1.4395,1.8204696527018518,6.331556756939394,7.2,1.2307692307692308
3.5,0.2857142857142857,14.0,4.0,10.0,1.0,18.0,5.0,0.152,0.17,0.161,0.20323945550201972,0.12012580957693982,7.2,0.13740458015267176
3.5,0.2857142857142857,14.0,4.0,10.0,1.0,18.0,10.0,0.303,0.34,0.3215,0.40647891100403943,0.268232106489022,7.2,0.2748091603053435
3.5,0.2857142857142857,14.0,4.0,10.0,1.0,18.0,20.0,0.606,0.679,0.6425000000000001,0.8129578220080789,0.6993648329096815,7.2,0.549618320610687
3.5,0.2857142857142857,14.0,4.0,10.0,1.0,18.0,40.0,1.213,1.359,1.286,1.6259156440161577,3.561937811131273,7.2,1.099236641221374
3.5,0.2857142857142857,14.0,4.0,10.0,1.0,20.0,5.0,0.137,0.153,0.14500000000000002,0.18361633566044538,0.10744529437620698,7.2,0.12413793103448276
3.5,0.2857142857142857,14.0,4.0,10.0,1.0,20.0,10.0,0.275,0.306,0.2905,0.36723267132089077,0.2370037484009103,7.2,0.2482758620689655
3.5,0.2857142857142857,14.0,4.0,10.0,1.0,20.0,20.0,0.55,0.613,0.5815,0.7344653426417815,0.5968428563625477,7.2,0.496551724137931
3.5,0.2857142857142857,14.0,4.0,10.0,1.0,20.0,40.0,1.099,1.226,1.1625,1.468930685283563,2.4779887953440802,7.2,0.993103448275862
2.3333333333333335,0.42857142857142855,14.0,6.0,0.0,1.0,16.0,5.0,0.165,0.185,0.175,0.20088909923074155,0.13734884040264483,6.609999999999999,0.14754464285714283
2.3333333333333335,0.42857142857142855,14.0,6.0,0.0,1.0,16.0,10.0,0.33,0.37,0.35,0.4017781984614831,0.29842668892853963,6.609999999999999,0.29508928571428567
2.3333333333333335,0.42857142857142855,14.0,6.0,0.0,1.0,16.0,20.0,0.661,0.74,0.7005,0.8035563969229662,0.7215036116008957,6.609999999999999,0.5901785714285713
2.3333333333333335,0.42857142857142855,14.0,6.0,0.0,1.0,16.0,40.0,1.322,1.479,1.4005,1.6071127938459324,2.478079480113219,6.609999999999999,1.1803571428571427
2.3333333333333335,0.42857142857142855,14.0,6.0,0.0,1.0,18.0,5.0,0.147,0.164,0.1555,0.17856808820510361,0.1210186757105279,6.609999999999999,0.13115079365079363
2.3333333333333335,0.42857142857142855,14.0,6.0,0.0,1.0,18.0,10.0,0.294,0.329,0.3115,0.35713617641020723,0.260271971783197,6.609999999999999,0.26230158730158726
2.3333333333333335,0.42857142857142855,14.0,6.0,0.0,1.0,18.0,20.0,0.587,0.658,0.6225,0.7142723528204145,0.612892130846728,6.609999999999999,0.5246031746031745
2.3333333333333335,0.42857142857142855,14.0,6.0,0.0,1.0,18.0,40.0,1.173,1.315,1.244,1.428544705640829,1.899893381490141,6.609999999999999,1.049206349206349
2.3333333333333335,0.42857142857142855,14.0,6.0,0.0,1.0,20.0,5.0,0.133,0.148,0.1405,0.16071127938459326,0.10815904726644597,6.609999999999999,0.11803571428571427
2.3333333333333335,0.42857142857142855,14.0,6.0,0.0,1.0,20.0,10.0,0.266,0.296,0.281,0.3214225587691865,0.2307676578637625,6.609999999999999,0.23607142857142854
2.3333333333333335,0.42857142857142855,14.0,6.0,0.0,1.0,20.0,20.0,0.533,0.591,0.562,0.642845117538373,0.5327018988091593,6.609999999999999,0.4721428571428571
2.3333333333333335,0.42857142857142855,14.0,6.0,0.0,1.0,20.0,40.0,1.066,1.183,1.1245,1.285690235076746,1.5404704472771413,6.609999999999999,0.9442857142857142
2.3333333333333335,0.42857142857142855,14.0,6.0,10.0,1.0,16.0,5.0,0.16,0.177,0.16849999999999998,0.19230409499011158,0.1310339756286305,6.609999999999999,0.14123931623931624
2.3333333333333335,0.42857142857142855,14.0,6.0,10.0,1.0,16.0,10.0,0.319,0.354,0.3365,0.38460818998022317,0.28357971433281287,6.609999999999999,0.2824786324786325
2.3333333333333335,0.42857142857142855,14.0,6.0,10.0,1.0,16.0,20.0,0.639,0.707,0.673,0.7692163799604463,0.6785578287811038,6.609999999999999,0.564957264957265
2.3333333333333335,0.42857142857142855,14.0,6.0,10.0,1.0,16.0,40.0,1.277,1.414,1.3455,1.5384327599208927,2.23514655023659,6.609999999999999,1.12991452991453
2.3333333333333335,0.42857142857142855,14.0,6.0,10.0,1.0,18.0,5.0,0.14,0.159,0.14950000000000002,0.17175251231941263,0.11608921498701785,6.609999999999999,0.12614503816793893
2.3333333333333335,0.42857142857142855,14.0,6.0,10.0,1.0,18.0,10.0,0.281,0.318,0.2995,0.34350502463882526,0.2489064670517667,6.609999999999999,0.25229007633587786
2.3333333333333335,0.42857142857142855,14.0,6.0,10.0,1.0,18.0,20.0,0.562,0.635,0.5985,0.6870100492776505,0.5816226613499295,6.609999999999999,0.5045801526717557
2.3333333333333335,0.42857142857142855,14.0,6.0,10.0,1.0,18.0,40.0,1.123,1.27,1.1965,1.374020098555301,1.7537553069130647,6.609999999999999,1.0091603053435114
2.3333333333333335,0.42857142857142855,14.0,6.0,10.0,1.0,20.0,5.0,0.128,0.144,0.136,0.15516951112995211,0.10420443248114718,6.609999999999999,0.1139655172413793
2.3333333333333335,0.42857142857142855,14.0,6.0,10.0,1.0,20.0,10.0,0.255,0.287,0.271,0.31033902225990423,0.22178843038630164,6.609999999999999,0.2279310344827586
2.3333333333333335,0.42857142857142855,14.0,6.0,10.0,1.0,20.0,20.0,0.509,0.575,0.542,0.6206780445198085,0.5089209215081842,6.609999999999999,0.4558620689655172
2.3333333333333335,0.42857142857142855,14.0,6.0,10.0,1.0,20.0,40.0,1.024,1.149,1.0865,1.241356089039617,1.4429764730306536,6.609999999999999,0.9117241379310344
1.75,0.5714285714285714,14.0,8.0,0.0,1.0,16.0,5.0,0.157,0.176,0.16649999999999998,0.18247486013734188,0.13467177780399048,6.42625,0.14344308035714284
1.75,0.5714285714285714,14.0,8.0,0.0,1.0,16.0,10.0,0.31,0.352,0.33099999999999996,0.36494972027468375,0.28607096005058485,6.42625,0.2868861607142857
1.75,0.5714285714285714,14.0,8.0,0.0,1.0,16.0,20.0,0.628,0.703,0.6655,0.7298994405493675,0.6532856747657179,6.42625,0.5737723214285714
1.75,0.5714285714285714,14.0,8.0,0.0,1.0,16.0,40.0,1.255,1.407,1.331,1.459798881098735,1.8239263041280611,6.42625,1.1475446428571427
1.75,0.5714285714285714,14.0,8.0,0.0,1.0,18.0,5.0,0.142,0.156,0.149,0.16219987567763722,0.11893552389160829,6.42625,0.1275049603174603
1.75,0.5714285714285714,14.0,8.0,0.0,1.0,18.0,10.0,0.284,0.314,0.299,0.32439975135527443,0.25082368886840295,6.42625,0.2550099206349206
1.75,0.5714285714285714,14.0,8.0,0.0,1.0,18.0,20.0,0.568,0.624,0.596,0.6487995027105489,0.5629559425077579,6.42625,0.5100198412698412
1.75,0.5714285714285714,14.0,8.0,0.0,1.0,18.0,40.0,1.135,1.255,1.1949999999999998,1.2975990054210977,1.4901468876708364,6.42625,1.0200396825396825
1.75,0.5714285714285714,14.0,8.0,0.0,1.0,20.0,5.0,0.128,0.141,0.1345,0.1459798881098735,0.10649204210541047,6.42625,0.11475446428571427
1.75,0.5714285714285714,14.0,8.0,0.0,1.0,20.0,10.0,0.256,0.282,0.269,0.291959776219747,0.22330937526552674,6.42625,0.22950892857142854
1.75,0.5714285714285714,14.0,8.0,0.0,1.0,20.0,20.0,0.512,0.563,0.5375,0.583919552439494,0.49457158806936996,6.42625,0.4590178571428571
1.75,0.5714285714285714,14.0,8.0,0.0,1.0,20.0,40.0,1.025,1.127,1.076,1.167839104878988,1.2596333594092508,6.42625,0.9180357142857142
1.75,0.5714285714285714,14.0,8.0,10.0,1.0,16.0,5.0,0.148,0.168,0.158,0.17467678919130164,0.12859523435564135,6.42625,0.13731303418803417
1.75,0.5714285714285714,14.0,8.0,10.0,1.0,16.0,10.0,0.296,0.337,0.3165,0.3493535783826033,0.27239978997418274,6.42625,0.27462606837606834
1.75,0.5714285714285714,14.0,8.0,10.0,1.0,16.0,20.0,0.593,0.674,0.6335,0.6987071567652066,0.6178777217502514,6.42625,0.5492521367521367
1.75,0.5714285714285714,14.0,8.0,10.0,1.0,16.0,40.0,1.186,1.348,1.267,1.3974143135304131,1.6888257063678842,6.42625,1.0985042735042734
1.75,0.5714285714285714,14.0,8.0,10.0,1.0,18.0,5.0,0.132,0.151,0.14150000000000001,0.1560090407281091,0.1141709681343214,6.42625,0.12263835877862593
1.75,0.5714285714285714,14.0,8.0,10.0,1.0,18.0,10.0,0.265,0.301,0.28300000000000003,0.3120180814562182,0.24025161915387963,6.42625,0.24527671755725186
1.75,0.5714285714285714,14.0,8.0,10.0,1.0,18.0,20.0,0.529,0.602,0.5655,0.6240361629124364,0.536464212978044,6.42625,0.4905534351145037
1.75,0.5714285714285714,14.0,8.0,10.0,1.0,18.0,40.0,1.059,1.204,1.1315,1.2480723258248727,1.398729665819363,6.42625,0.9811068702290074
1.75,0.5714285714285714,14.0,8.0,10.0,1.0,20.0,5.0,0.124,0.136,0.13,0.14094609886470547,0.10265622760962562,6.42625,0.11079741379310343
1.75,0.5714285714285714,14.0,8.0,10.0,1.0,20.0,10.0,0.247,0.272,0.2595,0.28189219772941093,0.21489058875241396,6.42625,0.22159482758620686
1.75,0.5714285714285714,14.0,8.0,10.0,1.0,20.0,20.0,0.495,0.544,0.5195000000000001,0.5637843954588219,0.4740074968018206,6.42625,0.4431896551724137
1.75,0.5714285714285714,14.0,8.0,10.0,1.0,20.0,40.0,0.99,1.088,1.0390000000000001,1.1275687909176437,1.1936857127250955,6.42625,0.8863793103448274
1.4,0.7142857142857143,14.0,10.0,0.0,1.0,16.0,5.0,0.155,0.17,0.1625,0.1714263166813021,0.1331150526317631,6.257199999999999,0.13966964285714284
1.4,0.7142857142857143,14.0,10.0,0.0,1.0,16.0,10.0,0.31,0.341,0.3255,0.3428526333626042,0.2791367190819084,6.257199999999999,0.2793392857142857
1.4,0.7142857142857143,14.0,10.0,0.0,1.0,16.0,20.0,0.619,0.681,0.65,0.6857052667252084,0.6182144850867125,6.257199999999999,0.5586785714285714
1.4,0.7142857142857143,14.0,10.0,0.0,1.0,16.0,40.0,1.239,1.362,1.3005,1.3714105334504167,1.5745416992615635,6.257199999999999,1.1173571428571427
1.4,0.7142857142857143,14.0,10.0,0.0,1.0,18.0,5.0,0.138,0.151,0.14450000000000002,0.1523789481611574,0.11771970484959518,6.257199999999999,0.12415079365079362
1.4,0.7142857142857143,14.0,10.0,0.0,1.0,18.0,10.0,0.276,0.301,0.2885,0.3047578963223148,0.24547696829087542,6.257199999999999,0.24830158730158725
1.4,0.7142857142857143,14.0,10.0,0.0,1.0,18.0,20.0,0.551,0.602,0.5765,0.6095157926446296,0.5367180588203132,6.257199999999999,0.4966031746031745
1.4,0.7142857142857143,14.0,10.0,0.0,1.0,18.0,40.0,1.102,1.204,1.153,1.2190315852892593,1.3194135931712971,6.257199999999999,0.993206349206349
1.4,0.7142857142857143,14.0,10.0,0.0,1.0,20.0,5.0,0.124,0.135,0.1295,0.13714105334504167,0.10551627807327314,6.257199999999999,0.11173571428571427
1.4,0.7142857142857143,14.0,10.0,0.0,1.0,20.0,10.0,0.248,0.271,0.2595,0.27428210669008335,0.21906140937818852,6.257199999999999,0.22347142857142854
1.4,0.7142857142857143,14.0,10.0,0.0,1.0,20.0,20.0,0.496,0.542,0.519,0.5485642133801667,0.4742056654921767,6.257199999999999,0.4469428571428571
1.4,0.7142857142857143,14.0,10.0,0.0,1.0,20.0,40.0,0.992,1.084,1.038,1.0971284267603334,1.1354353200474112,6.257199999999999,0.8938857142857142
1.4,0.7142857142857143,14.0,10.0,10.0,1.0,16.0,5.0,0.147,0.162,0.1545,0.16410040571201567,0.127175081519511,6.257199999999999,0.1337008547008547
1.4,0.7142857142857143,14.0,10.0,10.0,1.0,16.0,10.0,0.294,0.323,0.3085,0.32820081142403135,0.2661051876751845,6.257199999999999,0.2674017094017094
1.4,0.7142857142857143,14.0,10.0,10.0,1.0,16.0,20.0,0.589,0.646,0.6174999999999999,0.6564016228480627,0.5864136589286102,6.257199999999999,0.5348034188034188
1.4,0.7142857142857143,14.0,10.0,10.0,1.0,16.0,40.0,1.177,1.293,1.2349999999999999,1.3128032456961254,1.4728297740363767,6.257199999999999,1.0696068376068375
1.4,0.7142857142857143,14.0,10.0,10.0,1.0,18.0,5.0,0.133,0.145,0.139,0.14656295777332698,0.11305015034711628,6.257199999999999,0.11941221374045799
1.4,0.7142857142857143,14.0,10.0,10.0,1.0,18.0,10.0,0.266,0.29,0.278,0.29312591554665396,0.23534171046670763,6.257199999999999,0.23882442748091598
1.4,0.7142857142857143,14.0,10.0,10.0,1.0,18.0,20.0,0.532,0.58,0.556,0.5862518310933079,0.5125852717975866,6.257199999999999,0.47764885496183196
1.4,0.7142857142857143,14.0,10.0,10.0,1.0,18.0,40.0,1.063,1.159,1.111,1.1725036621866158,1.2472372020198115,6.257199999999999,0.9552977099236639
1.4,0.7142857142857143,14.0,10.0,10.0,1.0,20.0,5.0,0.12,0.132,0.126,0.13241205150555746,0.1017491917536896,6.257199999999999,0.10788275862068963
1.4,0.7142857142857143,14.0,10.0,10.0,1.0,20.0,10.0,0.239,0.263,0.251,0.2648241030111149,0.2109540596212277,6.257199999999999,0.21576551724137927
1.4,0.7142857142857143,14.0,10.0,10.0,1.0,20.0,20.0,0.478,0.526,0.502,0.5296482060222298,0.45526789234593756,6.257199999999999,0.43153103448275854
1.4,0.7142857142857143,14.0,10.0,10.0,1.0,20.0,40.0,0.956,1.052,1.004,1.0592964120444597,1.081573196849202,6.257199999999999,0.8630620689655171
1.1666666666666667,0.8571428571428571,14.0,12.0,0.0,1.0,16.0,5.0,0.148,0.164,0.156,0.1640606210439422,0.1320970771827061,6.12,0.13660714285714287
1.1666666666666667,0.8571428571428571,14.0,12.0,0.0,1.0,16.0,10.0,0.297,0.329,0.313,0.3281212420878844,0.27469768080528967,6.12,0.27321428571428574
1.1666666666666667,0.8571428571428571,14.0,12.0,0.0,1.0,16.0,20.0,0.594,0.657,0.6255,0.6562424841757688,0.5968533778570793,6.12,0.5464285714285715
1.1666666666666667,0.8571428571428571,14.0,12.0,0.0,1.0,16.0,40.0,1.187,1.315,1.251,1.3124849683515376,1.4430072232017914,6.12,1.092857142857143
1.1666666666666667,0.8571428571428571,14.0,12.0,0.0,1.0,18.0,5.0,0.129,0.147,0.138,0.14583166315017085,0.11692287503089423,6.12,0.12142857142857143
1.1666666666666667,0.8571428571428571,14.0,12.0,0.0,1.0,18.0,10.0,0.258,0.293,0.27549999999999997,0.2916633263003417,0.2420373514210558,6.12,0.24285714285714285
1.1666666666666667,0.8571428571428571,14.0,12.0,0.0,1.0,18.0,20.0,0.517,0.587,0.552,0.5833266526006834,0.520543943566394,6.12,0.4857142857142857
1.1666666666666667,0.8571428571428571,14.0,12.0,0.0,1.0,18.0,40.0,1.033,1.174,1.1035,1.1666533052013668,1.225784261693456,6.12,0.9714285714285714
1.1666666666666667,0.8571428571428571,14.0,12.0,0.0,1.0,20.0,5.0,0.116,0.132,0.124,0.13124849683515377,0.10487564253649993,6.12,0.10928571428571429
1.1666666666666667,0.8571428571428571,14.0,12.0,0.0,1.0,20.0,10.0,0.234,0.263,0.2485,0.26249699367030754,0.21631809453289194,6.12,0.21857142857142858
1.1666666666666667,0.8571428571428571,14.0,12.0,0.0,1.0,20.0,20.0,0.464,0.526,0.495,0.5249939873406151,0.461535315727525,6.12,0.43714285714285717
1.1666666666666667,0.8571428571428571,14.0,12.0,0.0,1.0,20.0,40.0,0.936,1.053,0.9944999999999999,1.0499879746812302,1.0654037976183186,6.12,0.8742857142857143
1.1666666666666667,0.8571428571428571,14.0,12.0,10.0,1.0,16.0,5.0,0.142,0.157,0.1495,0.1570494833924917,0.12624561180495955,6.12,0.13076923076923078
1.1666666666666667,0.8571428571428571,14.0,12.0,10.0,1.0,16.0,10.0,0.285,0.314,0.2995,0.3140989667849834,0.262067951257261,6.12,0.26153846153846155
1.1666666666666667,0.8571428571428571,14.0,12.0,10.0,1.0,16.0,20.0,0.57,0.629,0.5994999999999999,0.6281979335699668,0.5671594286656257,6.12,0.5230769230769231
1.1666666666666667,0.8571428571428571,14.0,12.0,10.0,1.0,16.0,40.0,1.14,1.259,1.1995,1.2563958671399336,1.3571156575622076,6.12,1.0461538461538462
1.1666666666666667,0.8571428571428571,14.0,12.0,10.0,1.0,18.0,5.0,0.129,0.141,0.135,0.14026556913680555,0.11231508464289915,6.12,0.116793893129771
1.1666666666666667,0.8571428571428571,14.0,12.0,10.0,1.0,18.0,10.0,0.258,0.282,0.27,0.2805311382736111,0.2321784299740357,6.12,0.233587786259542
1.1666666666666667,0.8571428571428571,14.0,12.0,10.0,1.0,18.0,20.0,0.516,0.565,0.5405,0.5610622765472222,0.4978129341035334,6.12,0.467175572519084
1.1666666666666667,0.8571428571428571,14.0,12.0,10.0,1.0,18.0,40.0,1.032,1.13,1.081,1.1221245530944444,1.163245322699859,6.12,0.934351145038168
1.1666666666666667,0.8571428571428571,14.0,12.0,10.0,1.0,20.0,5.0,0.113,0.127,0.12,0.12672268659945882,0.10115335377445846,6.12,0.10551724137931034
1.1666666666666667,0.8571428571428571,14.0,12.0,10.0,1.0,20.0,10.0,0.227,0.254,0.2405,0.25344537319891763,0.20840886496229435,6.12,0.2110344827586207
1.1666666666666667,0.8571428571428571,14.0,12.0,10.0,1.0,20.0,20.0,0.454,0.507,0.48050000000000004,0.5068907463978353,0.4435768607726033,6.12,0.4220689655172414
1.1666666666666667,0.8571428571428571,14.0,12.0,10.0,1.0,20.0,40.0,0.907,1.014,0.9605,1.0137814927956705,1.0178418430163685,6.12,0.8441379310344828
1.0,1.0,14.0,14.0,0.0,1.0,16.0,5.0,0.141,0.161,0.151,0.15879940987439944,0.1313794324829064,6.01,0.1341517857142857
1.0,1.0,14.0,14.0,0.0,1.0,16.0,10.0,0.289,0.321,0.305,0.3175988197487989,0.2716124085671655,6.01,0.2683035714285714
1.0,1.0,14.0,14.0,0.0,1.0,16.0,20.0,0.576,0.642,0.609,0.6351976394975978,0.5824774571089326,6.01,0.5366071428571428
1.0,1.0,14.0,14.0,0.0,1.0,16.0,40.0,1.127,1.285,1.206,1.2703952789951956,1.3617512706242045,6.01,1.0732142857142857
1.0,1.0,14.0,14.0,0.0,1.0,18.0,5.0,0.13,0.143,0.1365,0.14115503099946616,0.11636028355404177,6.01,0.11924603174603174
1.0,1.0,14.0,14.0,0.0,1.0,18.0,10.0,0.259,0.286,0.27249999999999996,0.2823100619989323,0.23963891271566828,6.01,0.23849206349206348
1.0,1.0,14.0,14.0,0.0,1.0,18.0,20.0,0.518,0.572,0.5449999999999999,0.5646201239978647,0.5095752571161434,6.01,0.47698412698412695
1.0,1.0,14.0,14.0,0.0,1.0,18.0,40.0,1.036,1.145,1.0905,1.1292402479957293,1.1666494376632168,6.01,0.9539682539682539
1.0,1.0,14.0,14.0,0.0,1.0,20.0,5.0,0.114,0.128,0.121,0.12703952789951956,0.10442278790859177,6.01,0.10732142857142857
1.0,1.0,14.0,14.0,0.0,1.0,20.0,10.0,0.23,0.257,0.2435,0.2540790557990391,0.21440027788430516,6.01,0.21464285714285714
1.0,1.0,14.0,14.0,0.0,1.0,20.0,20.0,0.455,0.513,0.484,0.5081581115980782,0.4528918417810652,6.01,0.42928571428571427
1.0,1.0,14.0,14.0,0.0,1.0,20.0,40.0,0.916,1.027,0.9715,1.0163162231961564,1.0204471767133327,6.01,0.8585714285714285
1.0,1.0,14.0,14.0,10.0,1.0,16.0,5.0,0.138,0.154,0.14600000000000002,0.15201311030711742,0.1255899797579455,6.01,0.1284188034188034
1.0,1.0,14.0,14.0,10.0,1.0,16.0,10.0,0.275,0.307,0.29100000000000004,0.30402622061423484,0.2592584084345015,6.01,0.2568376068376068
1.0,1.0,14.0,14.0,10.0,1.0,16.0,20.0,0.55,0.615,0.5825,0.6080524412284697,0.5541627793426247,6.01,0.5136752136752136
1.0,1.0,14.0,14.0,10.0,1.0,16.0,40.0,1.101,1.23,1.1655,1.2161048824569394,1.2850032525572703,6.01,1.0273504273504273
1.0,1.0,14.0,14.0,10.0,1.0,18.0,5.0,0.124,0.137,0.1305,0.1357674343964331,0.11179586308770688,6.01,0.11469465648854961
1.0,1.0,14.0,14.0,10.0,1.0,18.0,10.0,0.248,0.276,0.262,0.2715348687928662,0.22997051210555586,6.01,0.22938931297709922
1.0,1.0,14.0,14.0,10.0,1.0,18.0,20.0,0.495,0.547,0.521,0.5430697375857324,0.4877720494400486,6.01,0.45877862595419844
1.0,1.0,14.0,14.0,10.0,1.0,18.0,40.0,0.992,1.095,1.0434999999999999,1.0861394751714648,1.1098592336782995,6.01,0.9175572519083969
1.0,1.0,14.0,14.0,10.0,1.0,20.0,5.0,0.111,0.124,0.1175,0.12265885452367406,0.10073200990646242,6.01,0.1036206896551724
1.0,1.0,14.0,14.0,10.0,1.0,20.0,10.0,0.222,0.248,0.235,0.24531770904734812,0.20662814935104487,6.01,0.2072413793103448
1.0,1.0,14.0,14.0,10.0,1.0,20.0,20.0,0.444,0.497,0.47050000000000003,0.49063541809469624,0.43558711791369337,6.01,0.4144827586206896
1.0,1.0,14.0,14.0,10.0,1.0,20.0,40.0,0.888,0.994,0.9410000000000001,0.9812708361893925,0.9767321098744454,6.01,0.8289655172413792
0.875,1.1428571428571428,14.0,16.0,0.0,1.0,16.0,5.0,0.142,0.157,0.1495,0.15485350149724236,0.13084629530653297,5.9209375,0.13216378348214286
0.875,1.1428571428571428,14.0,16.0,0.0,1.0,16.0,10.0,0.285,0.314,0.2995,0.3097070029944847,0.26934355560798096,5.9209375,0.2643275669642857
0.875,1.1428571428571428,14.0,16.0,0.0,1.0,16.0,20.0,0.57,0.627,0.5985,0.6194140059889695,0.5721419201011697,5.9209375,0.5286551339285714
0.875,1.1428571428571428,14.0,16.0,0.0,1.0,16.0,40.0,1.14,1.255,1.1974999999999998,1.238828011977939,1.3065713495314357,5.9209375,1.0573102678571429
0.875,1.1428571428571428,14.0,16.0,0.0,1.0,18.0,5.0,0.124,0.139,0.1315,0.13764755688643765,0.11594188009662137,5.9209375,0.11747891865079366
0.875,1.1428571428571428,14.0,16.0,0.0,1.0,18.0,10.0,0.249,0.279,0.264,0.2752951137728753,0.23787104778321658,5.9209375,0.2349578373015873
0.875,1.1428571428571428,14.0,16.0,0.0,1.0,18.0,20.0,0.497,0.558,0.5275000000000001,0.5505902275457506,0.5016473777368059,5.9209375,0.4699156746031746
0.875,1.1428571428571428,14.0,16.0,0.0,1.0,18.0,40.0,0.995,1.116,1.0555,1.1011804550915012,1.1259118850155159,5.9209375,0.9398313492063493
0.875,1.1428571428571428,14.0,16.0,0.0,1.0,20.0,5.0,0.114,0.126,0.12,0.1238828011977939,0.10408570515891595,5.9209375,0.10573102678571429
0.875,1.1428571428571428,14.0,16.0,0.0,1.0,20.0,10.0,0.228,0.251,0.2395,0.2477656023955878,0.21298408421082093,5.9209375,0.21146205357142858
0.875,1.1428571428571428,14.0,16.0,0.0,1.0,20.0,20.0,0.455,0.503,0.479,0.4955312047911756,0.4466187505310535,5.9209375,0.42292410714285716
0.875,1.1428571428571428,14.0,16.0,0.0,1.0,20.0,40.0,0.911,1.005,0.958,0.9910624095823511,0.9891431761387399,5.9209375,0.8458482142857143
0.875,1.1428571428571428,14.0,16.0,10.0,1.0,16.0,5.0,0.136,0.15,0.14300000000000002,0.14823583049308672,0.1251027073119417,5.9209375,0.12651575854700856
0.875,1.1428571428571428,14.0,16.0,10.0,1.0,16.0,10.0,0.271,0.3,0.2855,0.29647166098617345,0.2571904687112827,5.9209375,0.2530315170940171
0.875,1.1428571428571428,14.0,16.0,10.0,1.0,16.0,20.0,0.543,0.6,0.5715,0.5929433219723469,0.5447995799483655,5.9209375,0.5060630341880342
0.875,1.1428571428571428,14.0,16.0,10.0,1.0,16.0,40.0,1.086,1.201,1.1435,1.1858866439446938,1.2357554435005027,5.9209375,1.0121260683760684
0.875,1.1428571428571428,14.0,16.0,10.0,1.0,18.0,5.0,0.122,0.134,0.128,0.1323938333411538,0.1114095864429435,5.9209375,0.11299499045801527
0.875,1.1428571428571428,14.0,16.0,10.0,1.0,18.0,10.0,0.243,0.269,0.256,0.2647876666823076,0.2283419362686428,5.9209375,0.22598998091603054
0.875,1.1428571428571428,14.0,16.0,10.0,1.0,18.0,20.0,0.487,0.537,0.512,0.5295753333646152,0.48050323830775926,5.9209375,0.4519799618320611
0.875,1.1428571428571428,14.0,16.0,10.0,1.0,18.0,40.0,0.974,1.074,1.024,1.0591506667292303,1.072928425956088,5.9209375,0.9039599236641221
0.875,1.1428571428571428,14.0,16.0,10.0,1.0,20.0,5.0,0.111,0.121,0.11599999999999999,0.11961098046683549,0.10041829835365335,5.9209375,0.10208512931034483
0.875,1.1428571428571428,14.0,16.0,10.0,1.0,20.0,10.0,0.221,0.242,0.23149999999999998,0.23922196093367099,0.20531245521925123,5.9209375,0.20417025862068966
0.875,1.1428571428571428,14.0,16.0,10.0,1.0,20.0,20.0,0.442,0.484,0.46299999999999997,0.47844392186734197,0.4297811775048279,5.9209375,0.4083405172413793
0.875,1.1428571428571428,14.0,16.0,10.0,1.0,20.0,40.0,0.883,0.97,0.9265,0.9568878437346839,0.9480149936036412,5.9209375,0.8166810344827586
0.7777777777777778,1.2857142857142858,14.0,18.0,0.0,1.0,16.0,5.0,0.139,0.154,0.14650000000000002,0.15178446164834242,0.13043461510869905,5.847777777777777,0.13053075396825395
0.7777777777777778,1.2857142857142858,14.0,18.0,0.0,1.0,16.0,10.0,0.279,0.309,0.29400000000000004,0.30356892329668483,0.2676049287561187,5.847777777777777,0.2610615079365079
0.7777777777777778,1.2857142857142858,14.0,18.0,0.0,1.0,16.0,20.0,0.557,0.618,0.5875,0.6071378465933697,0.5643532999539066,5.847777777777777,0.5221230158730158
0.7777777777777778,1.2857142857142858,14.0,18.0,0.0,1.0,16.0,40.0,1.115,1.236,1.1755,1.2142756931867393,1.2666508706424553,5.847777777777777,1.0442460317460316
0.7777777777777778,1.2857142857142858,14.0,18.0,0.0,1.0,18.0,5.0,0.124,0.137,0.1305,0.13491952146519326,0.11561852964911801,5.847777777777777,0.11602733686067018
0.7777777777777778,1.2857142857142858,14.0,18.0,0.0,1.0,18.0,10.0,0.249,0.274,0.2615,0.2698390429303865,0.23651397208599295,5.847777777777777,0.23205467372134037
0.7777777777777778,1.2857142857142858,14.0,18.0,0.0,1.0,18.0,20.0,0.501,0.548,0.5245,0.539678085860773,0.4956497552217894,5.847777777777777,0.46410934744268073
0.7777777777777778,1.2857142857142858,14.0,18.0,0.0,1.0,18.0,40.0,1.002,1.096,1.049,1.079356171721546,1.0961420166410039,5.847777777777777,0.9282186948853615
0.7777777777777778,1.2857142857142858,14.0,18.0,0.0,1.0,20.0,5.0,0.112,0.124,0.118,0.12142756931867393,0.10382503048325908,5.847777777777777,0.10442460317460317
0.7777777777777778,1.2857142857142858,14.0,18.0,0.0,1.0,20.0,10.0,0.224,0.247,0.2355,0.24285513863734787,0.21189546872927134,5.847777777777777,0.20884920634920634
0.7777777777777778,1.2857142857142858,14.0,18.0,0.0,1.0,20.0,20.0,0.448,0.494,0.471,0.48571027727469573,0.4418585429235758,5.847777777777777,0.4176984126984127
0.7777777777777778,1.2857142857142858,14.0,18.0,0.0,1.0,20.0,40.0,0.895,0.988,0.9415,0.9714205545493915,0.9660925058765638,5.847777777777777,0.8353968253968254
0.7777777777777778,1.2857142857142858,14.0,18.0,10.0,1.0,16.0,5.0,0.134,0.148,0.14100000000000001,0.14529794619328507,0.12472632386409009,5.847777777777777,0.12495251661918327
0.7777777777777778,1.2857142857142858,14.0,18.0,10.0,1.0,16.0,10.0,0.268,0.296,0.28200000000000003,0.29059589238657013,0.25560473793425503,5.847777777777777,0.24990503323836655
0.7777777777777778,1.2857142857142858,14.0,18.0,10.0,1.0,16.0,20.0,0.536,0.591,0.5635,0.5811917847731403,0.5377330022090974,5.847777777777777,0.4998100664767331
0.7777777777777778,1.2857142857142858,14.0,18.0,10.0,1.0,16.0,40.0,1.072,1.182,1.127,1.1623835695462805,1.1999858229495746,5.847777777777777,0.9996201329534662
0.7777777777777778,1.2857142857142858,14.0,18.0,10.0,1.0,18.0,5.0,0.12,0.132,0.126,0.12976992140926985,0.11111098956445123,5.847777777777777,0.11159881255301102
0.7777777777777778,1.2857142857142858,14.0,18.0,10.0,1.0,18.0,10.0,0.241,0.264,0.2525,0.2595398428185397,0.2270911257396484,5.847777777777777,0.22319762510602204
0.7777777777777778,1.2857142857142858,14.0,18.0,10.0,1.0,18.0,20.0,0.482,0.529,0.5055000000000001,0.5190796856370794,0.474997778666782,5.847777777777777,0.44639525021204407
0.7777777777777778,1.2857142857142858,14.0,18.0,10.0,1.0,18.0,40.0,0.964,1.057,1.0105,1.0381593712741588,1.045860790499601,5.847777777777777,0.8927905004240881
0.7777777777777778,1.2857142857142858,14.0,18.0,10.0,1.0,20.0,5.0,0.108,0.119,0.11349999999999999,0.11724041175596105,0.10017564812526407,5.847777777777777,0.10082375478927202
0.7777777777777778,1.2857142857142858,14.0,18.0,10.0,1.0,20.0,10.0,0.216,0.238,0.22699999999999998,0.2344808235119221,0.20430066433777072,5.847777777777777,0.20164750957854405
0.7777777777777778,1.2857142857142858,14.0,18.0,10.0,1.0,20.0,20.0,0.432,0.477,0.4545,0.4689616470238442,0.4253713529063284,5.847777777777777,0.4032950191570881
0.7777777777777778,1.2857142857142858,14.0,18.0,10.0,1.0,20.0,40.0,0.864,0.953,0.9085,0.9379232940476884,0.9268208111425609,5.847777777777777,0.8065900383141762
0.7,1.4285714285714286,14.0,20.0,0.0,1.0,16.0,5.0,0.139,0.152,0.14550000000000002,0.14932922976922244,0.13010713144864494,5.7868,0.12916964285714286
0.7,1.4285714285714286,14.0,20.0,0.0,1.0,16.0,10.0,0.277,0.304,0.2905,0.2986584595384449,0.2662301052635262,5.7868,0.2583392857142857
0.7,1.4285714285714286,14.0,20.0,0.0,1.0,16.0,20.0,0.555,0.607,0.581,0.5973169190768898,0.5582734381638168,5.7868,0.5166785714285714
0.7,1.4285714285714286,14.0,20.0,0.0,1.0,16.0,40.0,1.11,1.214,1.162,1.1946338381537795,1.236428970173425,5.7868,1.0333571428571429
0.7,1.4285714285714286,14.0,20.0,0.0,1.0,18.0,5.0,0.123,0.135,0.129,0.13273709312819773,0.11536114498139897,5.7868,0.11481746031746032
0.7,1.4285714285714286,14.0,20.0,0.0,1.0,18.0,10.0,0.248,0.27,0.259,0.26547418625639546,0.23543940969919036,5.7868,0.22963492063492064
0.7,1.4285714285714286,14.0,20.0,0.0,1.0,18.0,20.0,0.493,0.54,0.5165,0.5309483725127909,0.49095393658175085,5.7868,0.4592698412698413
0.7,1.4285714285714286,14.0,20.0,0.0,1.0,18.0,40.0,0.986,1.08,1.033,1.0618967450255818,1.0734361176406264,5.7868,0.9185396825396825
0.7,1.4285714285714286,14.0,20.0,0.0,1.0,20.0,5.0,0.112,0.122,0.11699999999999999,0.11946338381537797,0.10361742895224549,5.7868,0.1033357142857143
0.7,1.4285714285714286,14.0,20.0,0.0,1.0,20.0,10.0,0.224,0.244,0.23399999999999999,0.23892676763075593,0.21103255614654629,5.7868,0.2066714285714286
0.7,1.4285714285714286,14.0,20.0,0.0,1.0,20.0,20.0,0.448,0.487,0.4675,0.47785353526151186,0.43812281875637704,5.7868,0.4133428571428572
0.7,1.4285714285714286,14.0,20.0,0.0,1.0,20.0,40.0,0.895,0.974,0.9345,0.9557070705230237,0.9484113309843534,5.7868,0.8266857142857144
0.7,1.4285714285714286,14.0,20.0,10.0,1.0,16.0,5.0,0.133,0.145,0.139,0.1429476387534437,0.12442684382570762,5.7868,0.12364957264957266
0.7,1.4285714285714286,14.0,20.0,10.0,1.0,16.0,10.0,0.267,0.29,0.27849999999999997,0.2858952775068874,0.254350163039022,5.7868,0.24729914529914532
0.7,1.4285714285714286,14.0,20.0,10.0,1.0,16.0,20.0,0.534,0.581,0.5575,0.5717905550137748,0.532210375350369,5.7868,0.49459829059829064
0.7,1.4285714285714286,14.0,20.0,10.0,1.0,16.0,40.0,1.067,1.162,1.1145,1.1435811100275497,1.1728273178572204,5.7868,0.9891965811965813
0.7,1.4285714285714286,14.0,20.0,10.0,1.0,18.0,5.0,0.119,0.13,0.1245,0.1276707918637627,0.11087326201512275,5.7868,0.1104351145038168
0.7,1.4285714285714286,14.0,20.0,10.0,1.0,18.0,10.0,0.237,0.26,0.2485,0.2553415837275254,0.22610030069423256,5.7868,0.2208702290076336
0.7,1.4285714285714286,14.0,20.0,10.0,1.0,18.0,20.0,0.474,0.519,0.4965,0.5106831674550508,0.47068342093341525,5.7868,0.4417404580152672
0.7,1.4285714285714286,14.0,20.0,10.0,1.0,18.0,40.0,0.949,1.038,0.9935,1.0213663349101016,1.0251705435951732,5.7868,0.8834809160305344
0.7,1.4285714285714286,14.0,20.0,10.0,1.0,20.0,5.0,0.107,0.118,0.11249999999999999,0.11534395678726149,0.09998237064122979,5.7868,0.09977241379310345
0.7,1.4285714285714286,14.0,20.0,10.0,1.0,20.0,10.0,0.215,0.235,0.22499999999999998,0.23068791357452298,0.2034983835073792,5.7868,0.1995448275862069
0.7,1.4285714285714286,14.0,20.0,10.0,1.0,20.0,20.0,0.43,0.47,0.44999999999999996,0.46137582714904596,0.4219081192424554,5.7868,0.3990896551724138
0.7,1.4285714285714286,14.0,20.0,10.0,1.0,20.0,40.0,0.859,0.94,0.8995,0.9227516542980919,0.9105357846918751,5.7868,0.7981793103448276
0.6363636363636364,1.5714285714285714,14.0,22.0,0.0,1.0,16.0,5.0,0.136,0.15,0.14300000000000002,0.14732040368630614,0.12984041089741588,5.735289256198347,0.1280198494687131
0.6363636363636364,1.5714285714285714,14.0,22.0,0.0,1.0,16.0,10.0,0.272,0.299,0.2855,0.2946408073726123,0.26511571289539004,5.735289256198347,0.2560396989374262
0.6363636363636364,1.5714285714285714,14.0,22.0,0.0,1.0,16.0,20.0,0.539,0.599,0.569,0.5892816147452246,0.5533955913516995,5.735289256198347,0.5120793978748523
0.6363636363636364,1.5714285714285714,14.0,22.0,0.0,1.0,16.0,40.0,1.086,1.197,1.1415000000000002,1.1785632294904491,1.2127541099090915,5.735289256198347,1.0241587957497047
0.6363636363636364,1.5714285714285714,14.0,22.0,0.0,1.0,18.0,5.0,0.12,0.133,0.1265,0.13095146994338325,0.11515140834020116,5.735289256198347,0.1137954217499672
0.6363636363636364,1.5714285714285714,14.0,22.0,0.0,1.0,18.0,10.0,0.241,0.267,0.254,0.2619029398867665,0.23456745801932233,5.735289256198347,0.2275908434999344
0.6363636363636364,1.5714285714285714,14.0,22.0,0.0,1.0,18.0,20.0,0.481,0.533,0.507,0.523805879773533,0.4871775753258981,5.735289256198347,0.4551816869998688
0.6363636363636364,1.5714285714285714,14.0,22.0,0.0,1.0,18.0,40.0,0.962,1.067,1.0145,1.047611759547066,1.055546580506187,5.735289256198347,0.9103633739997375
0.6363636363636364,1.5714285714285714,14.0,22.0,0.0,1.0,20.0,5.0,0.11,0.12,0.11499999999999999,0.11785632294904493,0.10344818965864842,5.735289256198347,0.10241587957497048
0.6363636363636364,1.5714285714285714,14.0,22.0,0.0,1.0,20.0,10.0,0.22,0.24,0.22999999999999998,0.23571264589808985,0.210331746961205,5.735289256198347,0.20483175914994095
0.6363636363636364,1.5714285714285714,14.0,22.0,0.0,1.0,20.0,20.0,0.44,0.48,0.45999999999999996,0.4714252917961797,0.43511297876727717,5.735289256198347,0.4096635182998819
0.6363636363636364,1.5714285714285714,14.0,22.0,0.0,1.0,20.0,40.0,0.88,0.96,0.9199999999999999,0.9428505835923594,0.9344191961113962,5.735289256198347,0.8193270365997638
0.6363636363636364,1.5714285714285714,14.0,22.0,10.0,1.0,16.0,5.0,0.131,0.143,0.137,0.1410246599390281,0.12418288231287916,5.735289256198347,0.1225489157307339
0.6363636363636364,1.5714285714285714,14.0,22.0,10.0,1.0,16.0,10.0,0.263,0.287,0.275,0.2820493198780562,0.25333281636714905,5.735289256198347,0.2450978314614678
0.6363636363636364,1.5714285714285714,14.0,22.0,10.0,1.0,16.0,20.0,0.523,0.574,0.5485,0.5640986397561124,0.5277755340058966,5.735289256198347,0.4901956629229356
0.6363636363636364,1.5714285714285714,14.0,22.0,10.0,1.0,16.0,40.0,1.045,1.148,1.0964999999999998,1.1281972795122248,1.1515044704729194,5.735289256198347,0.9803913258458712
0.6363636363636364,1.5714285714285714,14.0,22.0,10.0,1.0,18.0,5.0,0.116,0.128,0.122,0.12595332223562053,0.11067951297410442,5.735289256198347,0.10945208504195318
0.6363636363636364,1.5714285714285714,14.0,22.0,10.0,1.0,18.0,10.0,0.233,0.256,0.2445,0.25190664447124106,0.22529603381682278,5.735289256198347,0.21890417008390636
0.6363636363636364,1.5714285714285714,14.0,22.0,10.0,1.0,18.0,20.0,0.465,0.512,0.48850000000000005,0.5038132889424821,0.4672113563982807,5.735289256198347,0.4378083401678127
0.6363636363636364,1.5714285714285714,14.0,22.0,10.0,1.0,18.0,40.0,0.93,1.024,0.9770000000000001,1.0076265778849642,1.008841359149877,5.735289256198347,0.8756166803356255
0.6363636363636364,1.5714285714285714,14.0,22.0,10.0,1.0,20.0,5.0,0.107,0.116,0.1115,0.11379231181287096,0.09982478838107647,5.735289256198347,0.09888429752066115
0.6363636363636364,1.5714285714285714,14.0,22.0,10.0,1.0,20.0,10.0,0.215,0.231,0.223,0.22758462362574192,0.2028466436414974,5.735289256198347,0.1977685950413223
0.6363636363636364,1.5714285714285714,14.0,22.0,10.0,1.0,20.0,20.0,0.429,0.463,0.446,0.45516924725148383,0.41911623208379495,5.735289256198347,0.3955371900826446
0.6363636363636364,1.5714285714285714,14.0,22.0,10.0,1.0,20.0,40.0,0.859,0.925,0.892,0.9103384945029677,0.8976313047858515,5.735289256198347,0.7910743801652892
0.5833333333333334,1.7142857142857142,14.0,24.0,0.0,1.0,16.0,5.0,0.136,0.149,0.14250000000000002,0.14564638195054253,0.12961897770361935,5.691249999999999,0.12703683035714283
0.5833333333333334,1.7142857142857142,14.0,24.0,0.0,1.0,16.0,10.0,0.271,0.298,0.2845,0.29129276390108505,0.2641941543654122,5.691249999999999,0.25407366071428567
0.5833333333333334,1.7142857142857142,14.0,24.0,0.0,1.0,16.0,20.0,0.543,0.595,0.569,0.5825855278021701,0.5493953616105793,5.691249999999999,0.5081473214285713
0.5833333333333334,1.7142857142857142,14.0,24.0,0.0,1.0,16.0,40.0,1.083,1.19,1.1364999999999998,1.1651710556043402,1.1937067557141585,5.691249999999999,1.0162946428571427
0.5833333333333334,1.7142857142857142,14.0,24.0,0.0,1.0,18.0,5.0,0.121,0.132,0.1265,0.12946345062270448,0.11497720949608504,5.691249999999999,0.11292162698412697
0.5833333333333334,1.7142857142857142,14.0,24.0,0.0,1.0,18.0,10.0,0.242,0.265,0.2535,0.25892690124540896,0.23384575006178845,5.691249999999999,0.22584325396825394
0.5833333333333334,1.7142857142857142,14.0,24.0,0.0,1.0,18.0,20.0,0.483,0.529,0.506,0.5178538024908179,0.4840747028421116,5.691249999999999,0.4516865079365079
0.5833333333333334,1.7142857142857142,14.0,24.0,0.0,1.0,18.0,40.0,0.967,1.058,1.0125,1.0357076049816358,1.041087887132788,5.691249999999999,0.9033730158730158
0.5833333333333334,1.7142857142857142,14.0,24.0,0.0,1.0,20.0,5.0,0.109,0.119,0.11399999999999999,0.11651710556043403,0.10330757864842817,5.691249999999999,0.10162946428571427
0.5833333333333334,1.7142857142857142,14.0,24.0,0.0,1.0,20.0,10.0,0.219,0.237,0.22799999999999998,0.23303421112086806,0.20975128507299987,5.691249999999999,0.20325892857142855
0.5833333333333334,1.7142857142857142,14.0,24.0,0.0,1.0,20.0,20.0,0.438,0.474,0.45599999999999996,0.4660684222417361,0.4326361890657839,5.691249999999999,0.4065178571428571
0.5833333333333334,1.7142857142857142,14.0,24.0,0.0,1.0,20.0,40.0,0.876,0.948,0.9119999999999999,0.9321368444834722,0.92307063145505,5.691249999999999,0.8130357142857142
0.5833333333333334,1.7142857142857142,14.0,24.0,10.0,1.0,16.0,5.0,0.13,0.142,0.136,0.13942217759368175,0.12398031064361831,5.691249999999999,0.12160790598290597
0.5833333333333334,1.7142857142857142,14.0,24.0,10.0,1.0,16.0,10.0,0.259,0.285,0.272,0.2788443551873635,0.2524912236099191,5.691249999999999,0.24321581196581193
0.5833333333333334,1.7142857142857142,14.0,24.0,10.0,1.0,16.0,20.0,0.519,0.57,0.5445,0.557688710374727,0.524135902514522,5.691249999999999,0.48643162393162387
0.5833333333333334,1.7142857142857142,14.0,24.0,10.0,1.0,16.0,40.0,1.038,1.139,1.0885,1.115377420749454,1.1343188573312515,5.691249999999999,0.9728632478632477
0.5833333333333334,1.7142857142857142,14.0,24.0,10.0,1.0,18.0,5.0,0.116,0.127,0.1215,0.12452209754550202,0.1105185719520368,5.691249999999999,0.10861164122137404
0.5833333333333334,1.7142857142857142,14.0,24.0,10.0,1.0,18.0,10.0,0.232,0.253,0.2425,0.24904419509100403,0.2246301692857983,5.691249999999999,0.21722328244274808
0.5833333333333334,1.7142857142857142,14.0,24.0,10.0,1.0,18.0,20.0,0.465,0.506,0.48550000000000004,0.49808839018200807,0.4643568599480714,5.691249999999999,0.43444656488549616
0.5833333333333334,1.7142857142857142,14.0,24.0,10.0,1.0,18.0,40.0,0.93,1.013,0.9715,0.9961767803640161,0.9956258682070668,5.691249999999999,0.8688931297709923
0.5833333333333334,1.7142857142857142,14.0,24.0,10.0,1.0,20.0,5.0,0.105,0.115,0.11,0.11249927433421217,0.09969384878047943,5.691249999999999,0.09812499999999999
0.5833333333333334,1.7142857142857142,14.0,24.0,10.0,1.0,20.0,10.0,0.209,0.23,0.2195,0.22499854866842434,0.20230670754891691,5.691249999999999,0.19624999999999998
0.5833333333333334,1.7142857142857142,14.0,24.0,10.0,1.0,20.0,20.0,0.418,0.46,0.439,0.4499970973368487,0.4168177299245887,5.691249999999999,0.39249999999999996
0.5833333333333334,1.7142857142857142,14.0,24.0,10.0,1.0,20.0,40.0,0.838,0.919,0.8785000000000001,0.8999941946736973,0.8871537215452066,5.691249999999999,0.7849999999999999
0.5384615384615384,1.8571428571428572,14.0,26.0,0.0,1.0,16.0,5.0,0.132,0.146,0.139,0.14422990202028102,0.1294322002245142,5.6531952662721885,0.12618739433643278
0.5384615384615384,1.8571428571428572,14.0,26.0,0.0,1.0,16.0,10.0,0.264,0.293,0.27849999999999997,0.28845980404056204,0.26341936351412626,5.6531952662721885,0.25237478867286556
0.5384615384615384,1.8571428571428572,14.0,26.0,0.0,1.0,16.0,20.0,0.528,0.585,0.5565,0.5769196080811241,0.5460554473646686,5.6531952662721885,0.5047495773457311
0.5384615384615384,1.8571428571428572,14.0,26.0,0.0,1.0,16.0,40.0,1.055,1.171,1.113,1.1538392161622482,1.1780509540475916,5.6531952662721885,1.0094991546914622
0.5384615384615384,1.8571428571428572,14.0,26.0,0.0,1.0,18.0,5.0,0.119,0.13,0.1245,0.1282043573513609,0.11483022160771608,5.6531952662721885,0.1121665727434958
0.5384615384615384,1.8571428571428572,14.0,26.0,0.0,1.0,18.0,10.0,0.237,0.26,0.2485,0.2564087147027218,0.23323853383618448,5.6531952662721885,0.2243331454869916
0.5384615384615384,1.8571428571428572,14.0,26.0,0.0,1.0,18.0,20.0,0.475,0.521,0.498,0.5128174294054436,0.48147990137835994,5.6531952662721885,0.4486662909739832
0.5384615384615384,1.8571428571428572,14.0,26.0,0.0,1.0,18.0,40.0,0.949,1.041,0.9949999999999999,1.0256348588108872,1.0291594473505885,5.6531952662721885,0.8973325819479664
0.5384615384615384,1.8571428571428572,14.0,26.0,0.0,1.0,20.0,5.0,0.106,0.117,0.1115,0.11538392161622481,0.10318889831926664,5.6531952662721885,0.10094991546914622
0.5384615384615384,1.8571428571428572,14.0,26.0,0.0,1.0,20.0,10.0,0.211,0.234,0.2225,0.23076784323244962,0.20926262160155684,5.6531952662721885,0.20189983093829245
0.5384615384615384,1.8571428571428572,14.0,26.0,0.0,1.0,20.0,20.0,0.422,0.469,0.4455,0.46153568646489923,0.43056236222379113,5.6531952662721885,0.4037996618765849
0.5384615384615384,1.8571428571428572,14.0,26.0,0.0,1.0,20.0,40.0,0.844,0.937,0.8905000000000001,0.9230713729297985,0.9136811163146675,5.6531952662721885,0.8075993237531698
0.5384615384615384,1.8571428571428572,14.0,26.0,10.0,1.0,16.0,5.0,0.129,0.141,0.135,0.13806623099377327,0.12380941932898105,5.6531952662721885,0.12079477064684163
0.5384615384615384,1.8571428571428572,14.0,26.0,10.0,1.0,16.0,10.0,0.258,0.282,0.27,0.27613246198754654,0.25178346188716144,5.6531952662721885,0.24158954129368326
0.5384615384615384,1.8571428571428572,14.0,26.0,10.0,1.0,16.0,20.0,0.516,0.563,0.5395,0.5522649239750931,0.5210951955970103,5.6531952662721885,0.4831790825873665
0.5384615384615384,1.8571428571428572,14.0,26.0,10.0,1.0,16.0,40.0,1.031,1.126,1.0785,1.1045298479501862,1.1201728532381439,5.6531952662721885,0.966358165174733
0.5384615384615384,1.8571428571428572,14.0,26.0,10.0,1.0,18.0,5.0,0.116,0.125,0.1205,0.12331106126924789,0.11038275621884572,5.6531952662721885,0.10788540584488909
0.5384615384615384,1.8571428571428572,14.0,26.0,10.0,1.0,18.0,10.0,0.232,0.25,0.241,0.24662212253849577,0.22406981200647574,5.6531952662721885,0.21577081168977819
0.5384615384615384,1.8571428571428572,14.0,26.0,10.0,1.0,18.0,20.0,0.454,0.501,0.47750000000000004,0.49324424507699155,0.461968620178076,5.6531952662721885,0.43154162337955637
0.5384615384615384,1.8571428571428572,14.0,26.0,10.0,1.0,18.0,40.0,0.929,1.001,0.965,0.9864884901539831,0.9847109987844043,5.6531952662721885,0.8630832467591127
0.5384615384615384,1.8571428571428572,14.0,26.0,10.0,1.0,20.0,5.0,0.103,0.114,0.1085,0.11140516569842396,0.09958332173647373,5.6531952662721885,0.09746888390124463
0.5384615384615384,1.8571428571428572,14.0,26.0,10.0,1.0,20.0,10.0,0.206,0.227,0.2165,0.22281033139684792,0.20185207859413032,5.6531952662721885,0.19493776780248925
0.5384615384615384,1.8571428571428572,14.0,26.0,10.0,1.0,20.0,20.0,0.411,0.454,0.4325,0.44562066279369583,0.41489244374589346,5.6531952662721885,0.3898755356049785
0.5384615384615384,1.8571428571428572,14.0,26.0,10.0,1.0,20.0,40.0,0.823,0.908,0.8654999999999999,0.8912413255873917,0.8784772532697319,5.6531952662721885,0.779751071209957
0.5,2.0,14.0,28.0,0.0,1.0,16.0,5.0,0.131,0.145,0.138,0.14301577636577115,0.12927253314300405,5.62,0.12544642857142857
0.5,2.0,14.0,28.0,0.0,1.0,16.0,10.0,0.261,0.291,0.276,0.2860315527315423,0.2627588649658128,5.62,0.25089285714285714
0.5,2.0,14.0,28.0,0.0,1.0,16.0,20.0,0.523,0.582,0.5525,0.5720631054630846,0.543224817134331,5.62,0.5017857142857143
0.5,2.0,14.0,28.0,0.0,1.0,16.0,40.0,1.046,1.163,1.1045,1.1441262109261692,1.1649549142178652,5.62,1.0035714285714286
0.5,2.0,14.0,28.0,0.0,1.0,18.0,5.0,0.118,0.13,0.124,0.12712513454735214,0.11470453078473627,5.62,0.11150793650793651
0.5,2.0,14.0,28.0,0.0,1.0,18.0,10.0,0.237,0.259,0.248,0.2542502690947043,0.23272056710808353,5.62,0.22301587301587303
0.5,2.0,14.0,28.0,0.0,1.0,18.0,20.0,0.474,0.518,0.496,0.5085005381894085,0.47927782543133657,5.62,0.44603174603174606
0.5,2.0,14.0,28.0,0.0,1.0,18.0,40.0,0.948,1.036,0.992,1.017001076378817,1.0191505142322868,5.62,0.8920634920634921
0.5,2.0,14.0,28.0,0.0,1.0,20.0,5.0,0.107,0.116,0.1115,0.11441262109261692,0.10308738914136928,5.62,0.10035714285714287
0.5,2.0,14.0,28.0,0.0,1.0,20.0,10.0,0.215,0.232,0.2235,0.22882524218523384,0.20884557581718355,5.62,0.20071428571428573
0.5,2.0,14.0,28.0,0.0,1.0,20.0,20.0,0.43,0.465,0.4475,0.4576504843704677,0.4288005557686103,5.62,0.40142857142857147
0.5,2.0,14.0,28.0,0.0,1.0,20.0,40.0,0.86,0.931,0.8955,0.9153009687409354,0.9057836835621303,5.62,0.8028571428571429
0.5,2.0,14.0,28.0,10.0,1.0,16.0,5.0,0.126,0.139,0.1325,0.1369039910509946,0.1236633155775404,5.62,0.12008547008547009
0.5,2.0,14.0,28.0,10.0,1.0,16.0,10.0,0.252,0.279,0.2655,0.2738079821019892,0.251179959515891,5.62,0.24017094017094018
0.5,2.0,14.0,28.0,10.0,1.0,16.0,20.0,0.503,0.557,0.53,0.5476159642039784,0.518516816869003,5.62,0.48034188034188036
0.5,2.0,14.0,28.0,10.0,1.0,16.0,40.0,1.006,1.115,1.0605,1.0952319284079568,1.1083255586852494,5.62,0.9606837606837607
0.5,2.0,14.0,28.0,10.0,1.0,18.0,5.0,0.115,0.124,0.1195,0.1222730301753158,0.11026660813648374,5.62,0.10725190839694657
0.5,2.0,14.0,28.0,10.0,1.0,18.0,10.0,0.229,0.249,0.239,0.2445460603506316,0.22359172617541376,5.62,0.21450381679389313
0.5,2.0,14.0,28.0,10.0,1.0,18.0,20.0,0.458,0.497,0.47750000000000004,0.4890921207012632,0.4599410242111117,5.62,0.42900763358778626
0.5,2.0,14.0,28.0,10.0,1.0,18.0,40.0,0.917,0.994,0.9555,0.9781842414025264,0.9755440988800972,5.62,0.8580152671755725
0.5,2.0,14.0,28.0,10.0,1.0,20.0,5.0,0.102,0.112,0.107,0.11046735829631979,0.09948877914457065,5.62,0.09689655172413794
0.5,2.0,14.0,28.0,10.0,1.0,20.0,10.0,0.203,0.224,0.21350000000000002,0.22093471659263958,0.20146401981292483,5.62,0.19379310344827588
0.5,2.0,14.0,28.0,10.0,1.0,20.0,20.0,0.407,0.448,0.4275,0.44186943318527916,0.41325629870208974,5.62,0.38758620689655177
0.5,2.0,14.0,28.0,10.0,1.0,20.0,40.0,0.81,0.896,0.853,0.8837388663705583,0.8711742358273867,5.62,0.7751724137931035
0.4666666666666667,2.142857142857143,14.0,30.0,0.0,1.0,16.0,5.0,0.131,0.144,0.1375,0.1419635341318626,0.1291344733105352,5.5908,0.12479464285714285
0.4666666666666667,2.142857142857143,14.0,30.0,0.0,1.0,16.0,10.0,0.262,0.288,0.275,0.2839270682637252,0.2621891063412498,5.5908,0.2495892857142857
0.4666666666666667,2.142857142857143,14.0,30.0,0.0,1.0,16.0,20.0,0.523,0.576,0.5495,0.5678541365274504,0.5407952363322299,5.5908,0.4991785714285714
0.4666666666666667,2.142857142857143,14.0,30.0,0.0,1.0,16.0,40.0,1.046,1.152,1.099,1.1357082730549009,1.1538382893188124,5.5908,0.9983571428571428
0.4666666666666667,2.142857142857143,14.0,30.0,0.0,1.0,18.0,5.0,0.117,0.128,0.1225,0.1261898081172112,0.11459582109884238,5.5908,0.11092857142857143
0.4666666666666667,2.142857142857143,14.0,30.0,0.0,1.0,18.0,10.0,0.233,0.256,0.2445,0.2523796162344224,0.23227351993248846,5.5908,0.22185714285714286
0.4666666666666667,2.142857142857143,14.0,30.0,0.0,1.0,18.0,20.0,0.467,0.512,0.48950000000000005,0.5047592324688448,0.4773855884423069,5.5908,0.4437142857142857
0.4666666666666667,2.142857142857143,14.0,30.0,0.0,1.0,18.0,40.0,0.934,1.024,0.9790000000000001,1.0095184649376896,1.010632264381137,5.5908,0.8874285714285715
0.4666666666666667,2.142857142857143,14.0,30.0,0.0,1.0,20.0,5.0,0.106,0.115,0.1105,0.11357082730549008,0.10299957592902684,5.5908,0.09983571428571429
0.4666666666666667,2.142857142857143,14.0,30.0,0.0,1.0,20.0,10.0,0.212,0.23,0.221,0.22714165461098015,0.20848547842384257,5.5908,0.19967142857142858
0.4666666666666667,2.142857142857143,14.0,30.0,0.0,1.0,20.0,20.0,0.424,0.46,0.442,0.4542833092219603,0.4272852783300827,5.5908,0.39934285714285717
0.4666666666666667,2.142857142857143,14.0,30.0,0.0,1.0,20.0,40.0,0.847,0.92,0.8835,0.9085666184439206,0.8990488530319665,5.5908,0.7986857142857143
0.4666666666666667,2.142857142857143,14.0,30.0,10.0,1.0,16.0,5.0,0.126,0.138,0.132,0.13589671643391976,0.12353697096662167,5.5908,0.11946153846153847
0.4666666666666667,2.142857142857143,14.0,30.0,10.0,1.0,16.0,10.0,0.252,0.275,0.2635,0.2717934328678395,0.25065925945817974,5.5908,0.23892307692307693
0.4666666666666667,2.142857142857143,14.0,30.0,10.0,1.0,16.0,20.0,0.504,0.55,0.527,0.543586865735679,0.5163027731544202,5.5908,0.47784615384615386
0.4666666666666667,2.142857142857143,14.0,30.0,10.0,1.0,16.0,40.0,1.007,1.1,1.0535,1.087173731471358,1.0982587708375584,5.5908,0.9556923076923077
0.4666666666666667,2.142857142857143,14.0,30.0,10.0,1.0,18.0,5.0,0.112,0.123,0.1175,0.1213734032272413,0.11016614400092002,5.5908,0.10669465648854962
0.4666666666666667,2.142857142857143,14.0,30.0,10.0,1.0,18.0,10.0,0.225,0.246,0.2355,0.2427468064544826,0.22317903231647543,5.5908,0.21338931297709923
0.4666666666666667,2.142857142857143,14.0,30.0,10.0,1.0,18.0,20.0,0.449,0.492,0.47050000000000003,0.4854936129089652,0.45819811672511596,5.5908,0.42677862595419847
0.4666666666666667,2.142857142857143,14.0,30.0,10.0,1.0,18.0,40.0,0.898,0.984,0.9410000000000001,0.9709872258179304,0.9677364033024689,5.5908,0.8535572519083969
0.4666666666666667,2.142857142857143,14.0,30.0,10.0,1.0,20.0,5.0,0.101,0.111,0.10600000000000001,0.10965459188116283,0.09940698731911424,5.5908,0.09639310344827587
0.4666666666666667,2.142857142857143,14.0,30.0,10.0,1.0,20.0,10.0,0.202,0.222,0.21200000000000002,0.21930918376232567,0.20112890712103662,5.5908,0.19278620689655174
0.4666666666666667,2.142857142857143,14.0,30.0,10.0,1.0,20.0,20.0,0.403,0.445,0.42400000000000004,0.43861836752465133,0.4118487090091308,5.5908,0.3855724137931035
0.4666666666666667,2.142857142857143,14.0,30.0,10.0,1.0,20.0,40.0,0.807,0.89,0.8485,0.8772367350493027,0.8649424698960592,5.5908,0.771144827586207
1.5,0.6666666666666666,6.0,4.0,0.0,1.0,16.0,30.0,2.13,2.408,2.269,2.4441626073623883,5.28423797182752,6.31,1.9718749999999998
1.5,0.6666666666666666,6.0,4.0,0.0,1.0,16.0,50.0,3.593,4.004,3.7984999999999998,4.0736043456039805,-28.313085002814596,6.31,3.2864583333333335
1.5,0.6666666666666666,6.0,4.0,0.0,1.0,16.0,60.0,4.259,4.817,4.538,4.888325214724777,-10.933776267159773,6.31,3.9437499999999996
1.5,0.6666666666666666,6.0,4.0,0.0,1.0,18.0,30.0,1.887,2.141,2.0140000000000002,2.172588984322123,3.854790302398341,6.31,1.7527777777777775
1.5,0.6666666666666666,6.0,4.0,0.0,1.0,18.0,50.0,3.155,3.567,3.3609999999999998,3.6209816405368715,147.3642871877416,6.31,2.9212962962962963
1.5,0.6666666666666666,6.0,4.0,0.0,1.0,18.0,60.0,3.774,4.282,4.0280000000000005,4.345177968644246,-17.73930631610314,6.31,3.505555555555555
1.5,0.6666666666666666,6.0,4.0,0.0,1.0,20.0,30.0,1.699,1.919,1.8090000000000002,1.9553300858899108,3.0340457355034753,6.31,1.5775
1.5,0.6666666666666666,6.0,4.0,0.0,1.0,20.0,50.0,2.869,3.207,3.0380000000000003,3.2588834764831844,20.453592030388865,6.31,2.629166666666667
1.5,0.6666666666666666,6.0,4.0,0.0,1.0,20.0,60.0,3.399,3.838,3.6185,3.9106601717798215,-46.983051916579896,6.31,3.155
1.5,0.6666666666666666,6.0,4.0,10.0,1.0,16.0,30.0,1.969,2.176,2.0725000000000002,2.213581229309333,4.036790058789447,6.31,1.7858490566037735
1.5,0.6666666666666666,6.0,4.0,10.0,1.0,16.0,50.0,3.249,3.632,3.4405,3.689302048848888,-4317.058206837237,6.31,2.9764150943396226
1.5,0.6666666666666666,6.0,4.0,10.0,1.0,16.0,60.0,3.937,4.353,4.145,4.427162458618666,-16.072017213908914,6.31,3.571698113207547
1.5,0.6666666666666666,6.0,4.0,10.0,1.0,18.0,30.0,1.766,1.955,1.8605,1.98847127378635,3.1456728136987,6.31,1.604237288135593
1.5,0.6666666666666666,6.0,4.0,10.0,1.0,18.0,50.0,2.797,3.258,3.0275,3.3141187896439166,23.881381785985386,6.31,2.6737288135593222
1.5,0.6666666666666666,6.0,4.0,10.0,1.0,18.0,60.0,3.533,3.91,3.7215,3.9769425475727,-36.856543695010465,6.31,3.208474576271186
1.5,0.6666666666666666,6.0,4.0,10.0,1.0,20.0,30.0,1.555,1.775,1.665,1.8049200792829945,2.576838393965834,6.31,1.4561538461538461
1.5,0.6666666666666666,6.0,4.0,10.0,1.0,20.0,50.0,2.631,2.962,2.7965,3.0082001321383243,11.90775484880087,6.31,2.4269230769230767
1.5,0.6666666666666666,6.0,4.0,10.0,1.0,20.0,60.0,3.109,3.551,3.33,3.609840158565989,125.69927635692002,6.31,2.9123076923076923
1.0,1.0,6.0,6.0,0.0,1.0,16.0,30.0,1.957,2.252,2.1045,2.223191738241592,3.1918710322241073,6.01,1.8781249999999998
1.0,1.0,6.0,6.0,0.0,1.0,16.0,50.0,3.262,3.747,3.5045,3.705319563735987,11.269578573011529,6.01,3.1302083333333335
1.0,1.0,6.0,6.0,0.0,1.0,16.0,60.0,3.915,4.503,4.209,4.446383476483184,30.680388045583296,6.01,3.7562499999999996
1.0,1.0,6.0,6.0,0.0,1.0,18.0,30.0,1.751,1.999,1.875,1.9761704339925263,2.607757053423964,6.01,1.6694444444444443
1.0,1.0,6.0,6.0,0.0,1.0,18.0,50.0,2.919,3.344,3.1315,3.293617389987544,7.642938665038507,6.01,2.7824074074074074
1.0,1.0,6.0,6.0,0.0,1.0,18.0,60.0,3.503,3.999,3.7510000000000003,3.9523408679850527,14.775013956069875,6.01,3.3388888888888886
1.0,1.0,6.0,6.0,0.0,1.0,20.0,30.0,1.636,1.8,1.718,1.7785533905932738,2.2043583789661887,6.01,1.5025
1.0,1.0,6.0,6.0,0.0,1.0,20.0,50.0,2.699,3.002,2.8505,2.9642556509887896,5.782185453597512,6.01,2.504166666666667
1.0,1.0,6.0,6.0,0.0,1.0,20.0,60.0,3.274,3.599,3.4365,3.5571067811865476,9.730508652763321,6.01,3.005
1.0,1.0,6.0,6.0,10.0,1.0,16.0,30.0,1.824,2.039,1.9315000000000002,2.013456668596159,2.689796054999362,6.01,1.7009433962264149
1.0,1.0,6.0,6.0,10.0,1.0,16.0,50.0,3.088,3.392,3.24,3.3557611143269317,8.076097380342624,6.01,2.8349056603773586
1.0,1.0,6.0,6.0,10.0,1.0,16.0,60.0,3.653,4.078,3.8655,4.026913337192318,16.172364296307215,6.01,3.4018867924528298
1.0,1.0,6.0,6.0,10.0,1.0,18.0,30.0,1.648,1.83,1.7389999999999999,1.8086983633151936,2.26269511505889,6.01,1.527966101694915
1.0,1.0,6.0,6.0,10.0,1.0,18.0,50.0,2.649,3.049,2.849,3.0144972721919894,6.026730531579629,6.01,2.5466101694915255
1.0,1.0,6.0,6.0,10.0,1.0,18.0,60.0,3.295,3.66,3.4775,3.6173967266303872,10.317617831632349,6.01,3.05593220338983
1.0,1.0,6.0,6.0,10.0,1.0,20.0,30.0,1.49,1.662,1.576,1.641741591316868,1.9526434155611907,6.01,1.3869230769230767
1.0,1.0,6.0,6.0,10.0,1.0,20.0,50.0,2.434,2.774,2.604,2.7362359855281135,4.806936408724084,6.01,2.3115384615384613
1.0,1.0,6.0,6.0,10.0,1.0,20.0,60.0,2.981,3.324,3.1525,3.283483182633736,7.575222917515043,6.01,2.7738461538461534
0.75,1.3333333333333333,6.0,8.0,0.0,1.0,16.0,30.0,1.923,2.147,2.035,2.112706303681194,2.664373338359296,5.82625,1.8207031249999999
0.75,1.3333333333333333,6.0,8.0,0.0,1.0,16.0,50.0,3.182,3.602,3.392,3.52117717280199,6.632998742541181,5.82625,3.0345052083333335
0.75,1.3333333333333333,6.0,8.0,0.0,1.0,16.0,60.0,3.845,4.295,4.07,4.225412607362388,10.56847594365504,5.82625,3.6414062499999997
0.75,1.3333333333333333,6.0,8.0,0.0,1.0,18.0,30.0,1.701,1.915,1.808,1.877961158827728,2.2446779027583426,5.82625,1.6184027777777776
0.75,1.3333333333333333,6.0,8.0,0.0,1.0,18.0,50.0,2.827,3.185,3.0060000000000002,3.12993526471288,5.1849299494845456,5.82625,2.697337962962963
0.75,1.3333333333333333,6.0,8.0,0.0,1.0,18.0,60.0,3.431,3.83,3.6305,3.755922317655456,7.709580604796682,5.82625,3.2368055555555553
0.75,1.3333333333333333,6.0,8.0,0.0,1.0,20.0,30.0,1.527,1.722,1.6244999999999998,1.6901650429449553,1.9392109565811753,5.82625,1.4565625
0.75,1.3333333333333333,6.0,8.0,0.0,1.0,20.0,50.0,2.578,2.862,2.7199999999999998,2.8169417382415918,4.255828042965476,5.82625,2.427604166666667
0.75,1.3333333333333333,6.0,8.0,0.0,1.0,20.0,60.0,3.054,3.443,3.2485,3.3803300858899106,6.068091471006951,5.82625,2.913125
0.75,1.3333333333333333,6.0,8.0,10.0,1.0,16.0,30.0,1.746,1.948,1.847,1.913394388239572,2.3051975039106454,5.82625,1.648938679245283
0.75,1.3333333333333333,6.0,8.0,10.0,1.0,16.0,50.0,2.896,3.251,3.0735,3.1889906470659533,5.380709615701603,5.82625,2.7482311320754715
0.75,1.3333333333333333,6.0,8.0,10.0,1.0,16.0,60.0,3.492,3.897,3.6944999999999997,3.826788776479144,8.073580117578894,5.82625,3.297877358490566
0.75,1.3333333333333333,6.0,8.0,10.0,1.0,18.0,30.0,1.558,1.751,1.6545,1.7188119080796156,1.9842145901894035,5.82625,1.48125
0.75,1.3333333333333333,6.0,8.0,10.0,1.0,18.0,50.0,2.606,2.921,2.7634999999999996,2.8646865134660255,4.386843130798043,5.82625,2.46875
0.75,1.3333333333333333,6.0,8.0,10.0,1.0,18.0,60.0,3.128,3.503,3.3155,3.437623816159231,6.2913456273974,5.82625,2.9625
0.75,1.3333333333333333,6.0,8.0,10.0,1.0,20.0,30.0,1.416,1.589,1.5025,1.5601523473338048,1.7416954638067967,5.82625,1.3445192307692306
0.75,1.3333333333333333,6.0,8.0,10.0,1.0,20.0,50.0,2.391,2.65,2.5205,2.600253912223008,3.7028860655093134,5.82625,2.2408653846153848
0.75,1.3333333333333333,6.0,8.0,10.0,1.0,20.0,60.0,2.832,3.179,3.0054999999999996,3.1203046946676096,5.153676787931668,5.82625,2.6890384615384613
0.6,1.6666666666666667,6.0,10.0,0.0,1.0,16.0,30.0,1.864,2.089,1.9765000000000001,2.0464150429449552,2.4240136957264693,5.7052,1.7828749999999998
0.6,1.6666666666666667,6.0,10.0,0.0,1.0,16.0,50.0,3.069,3.485,3.277,3.410691738241592,5.319785053706845,5.7052,2.971458333333333
0.6,1.6666666666666667,6.0,10.0,0.0,1.0,16.0,60.0,3.68,4.177,3.9284999999999997,4.0928300858899105,7.585114338758689,5.7052,3.5657499999999995
0.6,1.6666666666666667,6.0,10.0,0.0,1.0,18.0,30.0,1.64,1.85,1.745,1.8190355937288492,2.0716184953689534,5.7052,1.5847777777777776
0.6,1.6666666666666667,6.0,10.0,0.0,1.0,18.0,50.0,2.766,3.1,2.933,3.031725989548082,4.346261755706606,5.7052,2.641296296296296
0.6,1.6666666666666667,6.0,10.0,0.0,1.0,18.0,60.0,3.28,3.699,3.4894999999999996,3.6380711874576983,5.9907184060777725,5.7052,3.1695555555555552
0.6,1.6666666666666667,6.0,10.0,0.0,1.0,20.0,30.0,1.488,1.664,1.576,1.6371320343559643,1.8086786900075909,5.7052,1.4263
0.6,1.6666666666666667,6.0,10.0,0.0,1.0,20.0,50.0,2.482,2.776,2.629,2.728553390593274,3.6739306316103146,5.7052,2.3771666666666667
0.6,1.6666666666666667,6.0,10.0,0.0,1.0,20.0,60.0,2.985,3.329,3.157,3.2742640687119287,4.950186092474387,5.7052,2.8526
0.6,1.6666666666666667,6.0,10.0,10.0,1.0,16.0,30.0,1.69,1.896,1.793,1.85335702002562,2.123059061672118,5.7052,1.6146792452830188
0.6,1.6666666666666667,6.0,10.0,10.0,1.0,16.0,50.0,2.833,3.153,2.9930000000000003,3.0889283667093665,4.482993424998936,5.7052,2.691132075471698
0.6,1.6666666666666667,6.0,10.0,10.0,1.0,16.0,60.0,3.38,3.791,3.5854999999999997,3.70671404005124,6.2082134868044365,5.7052,3.2293584905660375
0.6,1.6666666666666667,6.0,10.0,10.0,1.0,18.0,30.0,1.52,1.702,1.611,1.6648800349382689,1.8477665972419697,5.7052,1.4504745762711861
0.6,1.6666666666666667,6.0,10.0,10.0,1.0,18.0,50.0,2.536,2.83,2.683,2.774800058230448,3.7711585250981496,5.7052,2.417457627118644
0.6,1.6666666666666667,6.0,10.0,10.0,1.0,18.0,60.0,3.04,3.404,3.222,3.3297600698765377,5.097758328621387,5.7052,2.9009491525423723
0.6,1.6666666666666667,6.0,10.0,10.0,1.0,20.0,30.0,1.389,1.546,1.4675,1.511198800943967,1.6356724923076784,5.7052,1.3165846153846152
0.6,1.6666666666666667,6.0,10.0,10.0,1.0,20.0,50.0,2.305,2.567,2.436,2.518664668239945,3.2544056926019844,5.7052,2.1943076923076923
0.6,1.6666666666666667,6.0,10.0,10.0,1.0,20.0,60.0,2.778,3.093,2.9355,3.022397601887934,4.324279939889402,5.7052,2.6331692307692305
0.5,2.0,6.0,12.0,0.0,1.0,16.0,30.0,1.851,2.036,1.9435,2.002220869120796,2.2864998616800123,5.62,1.7562499999999999
0.5,2.0,6.0,12.0,0.0,1.0,16.0,50.0,3.104,3.39,3.247,3.3370347818679935,4.6995068581356145,5.62,2.9270833333333335
0.5,2.0,6.0,12.0,0.0,1.0,16.0,60.0,3.726,4.071,3.8985,4.004441738241592,6.383742064448215,5.62,3.5124999999999997
0.5,2.0,6.0,12.0,0.0,1.0,18.0,30.0,1.627,1.805,1.716,1.7797518836629298,1.9703457987771527,5.62,1.5611111111111111
0.5,2.0,6.0,12.0,0.0,1.0,18.0,50.0,2.701,3.022,2.8615,2.9662531394382166,3.9232064175060786,5.62,2.6018518518518516
0.5,2.0,6.0,12.0,0.0,1.0,18.0,60.0,3.249,3.61,3.4295,3.5595037673258596,5.215514106847928,5.62,3.1222222222222222
0.5,2.0,6.0,12.0,0.0,1.0,20.0,30.0,1.47,1.629,1.5495,1.6017766952966368,1.731000558242795,5.62,1.405
0.5,2.0,6.0,12.0,0.0,1.0,20.0,50.0,2.476,2.71,2.593,2.669627825494395,3.3670168541375136,5.62,2.341666666666667
0.5,2.0,6.0,12.0,0.0,1.0,20.0,60.0,2.913,3.257,3.085,3.2035533905932736,4.408716757932377,5.62,2.81
0.5,2.0,6.0,12.0,10.0,1.0,16.0,30.0,1.672,1.843,1.7574999999999998,1.8133321078829852,2.0168234551721667,5.62,1.590566037735849
0.5,2.0,6.0,12.0,10.0,1.0,16.0,50.0,2.786,3.077,2.9314999999999998,3.0222201798049753,4.034275148398589,5.62,2.650943396226415
0.5,2.0,6.0,12.0,10.0,1.0,16.0,60.0,3.343,3.687,3.5149999999999997,3.6266642157659703,5.379592109998724,5.62,3.181132075471698
0.5,2.0,6.0,12.0,10.0,1.0,18.0,30.0,1.507,1.654,1.5804999999999998,1.6289254528440376,1.7667699114952493,5.62,1.428813559322034
0.5,2.0,6.0,12.0,10.0,1.0,18.0,50.0,2.515,2.755,2.635,2.7148757547400626,3.448498629628239,5.62,2.3813559322033897
0.5,2.0,6.0,12.0,10.0,1.0,18.0,60.0,3.015,3.308,3.1615,3.257850905688075,4.52539023011778,5.62,2.857627118644068
0.5,2.0,6.0,12.0,10.0,1.0,20.0,30.0,1.37,1.502,1.436,1.4785631033507418,1.5718819323700297,5.62,1.2969230769230768
0.5,2.0,6.0,12.0,10.0,1.0,20.0,50.0,2.273,2.505,2.3890000000000002,2.464271838917903,3.0112633630612335,5.62,2.1615384615384614
0.5,2.0,6.0,12.0,10.0,1.0,20.0,60.0,2.75,3.004,2.877,2.9571262067014836,3.9052868311223814,5.62,2.5938461538461537
0.42857142857142855,2.3333333333333335,6.0,14.0,0.0,1.0,16.0,30.0,1.816,1.991,1.9035000000000002,1.9706536021035397,2.197456100992351,5.556938775510204,1.7365433673469388
0.42857142857142855,2.3333333333333335,6.0,14.0,0.0,1.0,16.0,50.0,3.019,3.317,3.168,3.2844226701725656,4.338201721022345,5.556938775510204,2.894238945578232
0.42857142857142855,2.3333333333333335,6.0,14.0,0.0,1.0,16.0,60.0,3.633,3.983,3.808,3.9413072042070794,5.734934506850889,5.556938775510204,3.4730867346938776
0.42857142857142855,2.3333333333333335,6.0,14.0,0.0,1.0,18.0,30.0,1.617,1.769,1.693,1.751692090758702,1.903865816504699,5.556938775510204,1.54359410430839
0.42857142857142855,2.3333333333333335,6.0,14.0,0.0,1.0,18.0,50.0,2.71,2.952,2.831,2.9194868179311695,3.6681697140179375,5.556938775510204,2.5726568405139836
0.42857142857142855,2.3333333333333335,6.0,14.0,0.0,1.0,18.0,60.0,3.233,3.537,3.385,3.503384181517404,4.774235318386328,5.556938775510204,3.08718820861678
0.42857142857142855,2.3333333333333335,6.0,14.0,0.0,1.0,20.0,30.0,1.451,1.595,1.5230000000000001,1.5765228816828316,1.6794795867050387,5.556938775510204,1.389234693877551
0.42857142857142855,2.3333333333333335,6.0,14.0,0.0,1.0,20.0,50.0,2.411,2.653,2.532,2.6275381361380523,3.1774196314564773,5.556938775510204,2.3153911564625855
0.42857142857142855,2.3333333333333335,6.0,14.0,0.0,1.0,20.0,60.0,2.902,3.189,3.0455,3.1530457633656632,4.089221142786851,5.556938775510204,2.778469387755102
0.42857142857142855,2.3333333333333335,6.0,14.0,10.0,1.0,16.0,30.0,1.66,1.805,1.7325,1.7847428849239604,1.947225537413549,5.556938775510204,1.5727185213708126
0.42857142857142855,2.3333333333333335,6.0,14.0,10.0,1.0,16.0,50.0,2.772,3.007,2.8895,2.974571474873267,3.7650889077152425,5.556938775510204,2.621197535618021
0.42857142857142855,2.3333333333333335,6.0,14.0,10.0,1.0,16.0,60.0,3.319,3.615,3.467,3.5694857698479208,4.911358001617687,5.556938775510204,3.145437042741625
0.42857142857142855,2.3333333333333335,6.0,14.0,10.0,1.0,18.0,30.0,1.493,1.619,1.556,1.6032436084910153,1.7131306743891892,5.556938775510204,1.4127810446212383
0.42857142857142855,2.3333333333333335,6.0,14.0,10.0,1.0,18.0,50.0,2.436,2.702,2.569,2.6720726808183586,3.2498845218400643,5.556938775510204,2.3546350743687308
0.42857142857142855,2.3333333333333335,6.0,14.0,10.0,1.0,18.0,60.0,2.985,3.239,3.112,3.2064872169820307,4.189404783826115,5.556938775510204,2.8255620892424766
0.42857142857142855,2.3333333333333335,6.0,14.0,10.0,1.0,20.0,30.0,1.344,1.471,1.4075000000000002,1.4552518907841523,1.5292809792763316,5.556938775510204,1.282370486656201
0.42857142857142855,2.3333333333333335,6.0,14.0,10.0,1.0,20.0,50.0,2.254,2.452,2.3529999999999998,2.425419817973587,2.858706944885901,5.556938775510204,2.1372841444270017
0.42857142857142855,2.3333333333333335,6.0,14.0,10.0,1.0,20.0,60.0,2.688,2.942,2.8150000000000004,2.9105037815683046,3.6524995523356663,5.556938775510204,2.564740973312402
0.375,2.6666666666666665,6.0,16.0,0.0,1.0,16.0,30.0,1.816,1.958,1.887,1.9469781518405973,2.135095417554662,5.508437499999999,1.7213867187499998
0.375,2.6666666666666665,6.0,16.0,0.0,1.0,16.0,50.0,3.021,3.269,3.145,3.244963586400995,4.101693461249135,5.508437499999999,2.8689778645833335
0.375,2.6666666666666665,6.0,16.0,0.0,1.0,16.0,60.0,3.668,3.917,3.7925,3.8939563036811946,5.328746676718592,5.508437499999999,3.4427734374999996
0.375,2.6666666666666665,6.0,16.0,0.0,1.0,18.0,30.0,1.593,1.742,1.6675,1.7306472460805309,1.8568771755553577,5.508437499999999,1.5301215277777775
0.375,2.6666666666666665,6.0,16.0,0.0,1.0,18.0,50.0,2.655,2.905,2.78,2.8844120768008845,3.4976408109691266,5.508437499999999,2.5502025462962963
0.375,2.6666666666666665,6.0,16.0,0.0,1.0,18.0,60.0,3.186,3.484,3.335,3.4612944921610618,4.489355805516685,5.508437499999999,3.060243055555555
0.375,2.6666666666666665,6.0,16.0,0.0,1.0,20.0,30.0,1.451,1.568,1.5095,1.5575825214724779,1.6428075699131603,5.508437499999999,1.3771093749999999
0.375,2.6666666666666665,6.0,16.0,0.0,1.0,20.0,50.0,2.347,2.612,2.4795,2.595970869120796,3.0486664822400167,5.508437499999999,2.295182291666667
0.375,2.6666666666666665,6.0,16.0,0.0,1.0,20.0,60.0,2.902,3.135,3.0185,3.1151650429449558,3.8784219131623505,5.508437499999999,2.7542187499999997
0.375,2.6666666666666665,6.0,16.0,10.0,1.0,16.0,30.0,1.644,1.78,1.712,1.7633009677046918,1.8980998454972164,5.508437499999999,1.5589917452830186
0.375,2.6666666666666665,6.0,16.0,10.0,1.0,16.0,50.0,2.647,2.957,2.8019999999999996,2.938834946174486,3.585650045588809,5.508437499999999,2.598319575471698
0.375,2.6666666666666665,6.0,16.0,10.0,1.0,16.0,60.0,3.298,3.56,3.4290000000000003,3.5266019354093836,4.610395007821291,5.508437499999999,3.1179834905660373
0.375,2.6666666666666665,6.0,16.0,10.0,1.0,18.0,30.0,1.461,1.595,1.528,1.5839822252262485,1.6749910551164604,5.508437499999999,1.4004502118644067
0.375,2.6666666666666665,6.0,16.0,10.0,1.0,18.0,50.0,2.427,2.657,2.542,2.6399703753770805,3.1153160228752808,5.508437499999999,2.3340836864406778
0.375,2.6666666666666665,6.0,16.0,10.0,1.0,18.0,60.0,2.922,3.191,3.0564999999999998,3.167964450452497,3.968429180378807,5.508437499999999,2.8009004237288133
0.375,2.6666666666666665,6.0,16.0,10.0,1.0,20.0,30.0,1.284,1.447,1.3655,1.4377684813592102,1.498815443776399,5.508437499999999,1.2711778846153845
0.375,2.6666666666666665,6.0,16.0,10.0,1.0,20.0,50.0,2.24,2.411,2.3255,2.39628080226535,2.7540623560983972,5.508437499999999,2.1186298076923076
0.375,2.6666666666666665,6.0,16.0,10.0,1.0,20.0,60.0,2.597,2.895,2.746,2.8755369627184204,3.4833909276135935,5.508437499999999,2.542355769230769
0.3333333333333333,3.0,6.0,18.0,0.0,1.0,16.0,30.0,1.804,1.935,1.8695,1.9285639127471974,2.0889868224997774,5.47,1.7093749999999999
0.3333333333333333,3.0,6.0,18.0,0.0,1.0,16.0,50.0,2.975,3.224,3.0995,3.2142731879119957,3.9348459123402675,5.47,2.8489583333333335
0.3333333333333333,3.0,6.0,18.0,0.0,1.0,16.0,60.0,3.6,3.87,3.7350000000000003,3.857127825494395,5.05052528120627,5.47,3.4187499999999997
0.3333333333333333,3.0,6.0,18.0,0.0,1.0,18.0,30.0,1.589,1.724,1.6564999999999999,1.7142790335530644,1.821903802482379,5.47,1.5194444444444444
0.3333333333333333,3.0,6.0,18.0,0.0,1.0,18.0,50.0,2.673,2.873,2.773,2.8571317225884405,3.3755864386597767,5.47,2.5324074074074074
0.3333333333333333,3.0,6.0,18.0,0.0,1.0,18.0,60.0,3.177,3.448,3.3125,3.428558067106129,4.290244915927096,5.47,3.0388888888888888
0.3333333333333333,3.0,6.0,18.0,0.0,1.0,20.0,30.0,1.433,1.549,1.491,1.5428511301977579,1.6153736050463374,5.47,1.3675
0.3333333333333333,3.0,6.0,18.0,0.0,1.0,20.0,50.0,2.391,2.586,2.4885,2.5714185503295965,2.955518698165729,5.47,2.279166666666667
0.3333333333333333,3.0,6.0,18.0,0.0,1.0,20.0,60.0,2.865,3.098,2.9815,3.0857022603955158,3.7289132916641154,5.47,2.735
0.3333333333333333,3.0,6.0,18.0,10.0,1.0,16.0,30.0,1.627,1.752,1.6895,1.7466239209785939,1.8615716918863712,5.47,1.5481132075471697
0.3333333333333333,3.0,6.0,18.0,10.0,1.0,16.0,50.0,2.715,2.92,2.8175,2.9110398682976566,3.457488554278326,5.47,2.580188679245283
0.3333333333333333,3.0,6.0,18.0,10.0,1.0,16.0,60.0,3.254,3.504,3.379,3.4932478419571877,4.400653580551166,5.47,3.0962264150943395
0.3333333333333333,3.0,6.0,18.0,10.0,1.0,18.0,30.0,1.452,1.577,1.5145,1.5690011493536522,1.646480996186097,5.47,1.3906779661016948
0.3333333333333333,3.0,6.0,18.0,10.0,1.0,18.0,50.0,2.438,2.621,2.5295,2.61500191558942,3.018115876454086,5.47,2.3177966101694913
0.3333333333333333,3.0,6.0,18.0,10.0,1.0,18.0,60.0,2.904,3.154,3.029,3.1380022987073044,3.8120405948363283,5.47,2.7813559322033896
0.3333333333333333,3.0,6.0,18.0,10.0,1.0,20.0,30.0,1.337,1.429,1.383,1.4241702740286997,1.4759464186621551,5.47,1.2623076923076924
0.3333333333333333,3.0,6.0,18.0,10.0,1.0,20.0,50.0,2.205,2.383,2.294,2.373617123381166,2.6778220923959877,5.47,2.103846153846154
0.3333333333333333,3.0,6.0,18.0,10.0,1.0,20.0,60.0,2.671,2.857,2.7640000000000002,2.8483405480573993,3.362311848859129,5.47,2.5246153846153847
0.3,3.3333333333333335,6.0,20.0,0.0,1.0,16.0,30.0,1.787,1.922,1.8544999999999998,1.9138325214724776,2.0535094623914505,5.4388,1.699625
0.3,3.3333333333333335,6.0,20.0,0.0,1.0,16.0,50.0,2.986,3.193,3.0895,3.189720869120796,3.8108331028000206,5.4388,2.832708333333333
0.3,3.3333333333333335,6.0,20.0,0.0,1.0,16.0,60.0,3.575,3.844,3.7095000000000002,3.8276650429449552,4.848027391452939,5.4388,3.39925
0.3,3.3333333333333335,6.0,20.0,0.0,1.0,18.0,30.0,1.582,1.707,1.6445,1.701184463531091,1.7948595611625973,5.4388,1.5107777777777776
0.3,3.3333333333333335,6.0,20.0,0.0,1.0,18.0,50.0,2.63,2.839,2.7344999999999997,2.8353074392184854,3.2839096646285877,5.4388,2.517962962962963
0.3,3.3333333333333335,6.0,20.0,0.0,1.0,18.0,60.0,3.168,3.413,3.2904999999999998,3.402368927062182,4.143236990737907,5.4388,3.021555555555555
0.3,3.3333333333333335,6.0,20.0,0.0,1.0,20.0,30.0,1.426,1.537,1.4815,1.531066017177982,1.594077445743236,5.4388,1.3597
0.3,3.3333333333333335,6.0,20.0,0.0,1.0,20.0,50.0,2.383,2.554,2.4684999999999997,2.551776695296637,2.885000930404658,5.4388,2.2661666666666664
0.3,3.3333333333333335,6.0,20.0,0.0,1.0,20.0,60.0,2.852,3.075,2.9635,3.062132034355964,3.6173573800151817,5.4388,2.7194
0.3,3.3333333333333335,6.0,20.0,10.0,1.0,16.0,30.0,1.614,1.734,1.674,1.7332822835977155,1.8333460964865627,5.4388,1.5392830188679245
0.3,3.3333333333333335,6.0,20.0,10.0,1.0,16.0,50.0,2.683,2.89,2.7865,2.8888038059961927,3.361372425286944,5.4388,2.5654716981132077
0.3,3.3333333333333335,6.0,20.0,10.0,1.0,16.0,60.0,3.227,3.471,3.349,3.466564567195431,4.246118123344236,5.4388,3.078566037735849
0.3,3.3333333333333335,6.0,20.0,10.0,1.0,18.0,30.0,1.455,1.558,1.5065,1.557016288655575,1.6243623508568663,5.4388,1.3827457627118642
0.3,3.3333333333333335,6.0,20.0,10.0,1.0,18.0,50.0,2.411,2.602,2.5065,2.595027147759292,2.944616519158749,5.4388,2.304576271186441
0.3,3.3333333333333335,6.0,20.0,10.0,1.0,18.0,60.0,2.909,3.116,3.0125,3.11403257731115,3.6955331944839394,5.4388,2.7654915254237284
0.3,3.3333333333333335,6.0,20.0,10.0,1.0,20.0,30.0,1.322,1.418,1.37,1.413291708164291,1.4581476085847886,5.4388,1.2551076923076923
0.3,3.3333333333333335,6.0,20.0,10.0,1.0,20.0,50.0,2.186,2.356,2.271,2.3554861802738185,2.619803220616716,5.4388,2.091846153846154
0.3,3.3333333333333335,6.0,20.0,10.0,1.0,20.0,60.0,2.635,2.835,2.735,2.826583416328582,3.271344984615357,5.4388,2.5102153846153845
0.2727272727272727,3.6666666666666665,6.0,22.0,0.0,1.0,16.0,30.0,1.765,1.906,1.8355,1.9017795649749798,2.02536654907487,5.41297520661157,1.6915547520661154
0.2727272727272727,3.6666666666666665,6.0,22.0,0.0,1.0,16.0,50.0,2.97,3.157,3.0635000000000003,3.1696326082916326,3.715036152139492,5.41297520661157,2.819257920110193
0.2727272727272727,3.6666666666666665,6.0,22.0,0.0,1.0,16.0,60.0,3.53,3.811,3.6704999999999997,3.8035591299499596,4.694041578977171,5.41297520661157,3.3831095041322308
0.2727272727272727,3.6666666666666665,6.0,22.0,0.0,1.0,18.0,30.0,1.579,1.686,1.6324999999999998,1.6904707244222041,1.7733224770877711,5.41297520661157,1.5036042240587693
0.2727272727272727,3.6666666666666665,6.0,22.0,0.0,1.0,18.0,50.0,2.623,2.808,2.7155,2.81745120737034,3.212524757825224,5.41297520661157,2.5060070400979493
0.2727272727272727,3.6666666666666665,6.0,22.0,0.0,1.0,18.0,60.0,3.134,3.372,3.253,3.3809414488444083,4.030246955091378,5.41297520661157,3.0072084481175385
0.2727272727272727,3.6666666666666665,6.0,22.0,0.0,1.0,20.0,30.0,1.412,1.516,1.464,1.5214236519799837,1.577066512555985,5.41297520661157,1.3532438016528923
0.2727272727272727,3.6666666666666665,6.0,22.0,0.0,1.0,20.0,50.0,2.361,2.527,2.444,2.535706086633306,2.82975958978788,5.41297520661157,2.2554063360881544
0.2727272727272727,3.6666666666666665,6.0,22.0,0.0,1.0,20.0,60.0,2.824,3.032,2.928,3.0428473039599675,3.530930410048024,5.41297520661157,2.7064876033057845
0.2727272727272727,3.6666666666666665,6.0,22.0,10.0,1.0,16.0,30.0,1.601,1.713,1.657,1.722366398467906,1.8108812660040536,5.41297520661157,1.531974115078746
0.2727272727272727,3.6666666666666665,6.0,22.0,10.0,1.0,16.0,50.0,2.685,2.867,2.776,2.870610664113177,3.2866183926024815,5.41297520661157,2.5532901917979105
0.2727272727272727,3.6666666666666665,6.0,22.0,10.0,1.0,16.0,60.0,3.202,3.425,3.3135,3.444732796935812,4.127527391953824,5.41297520661157,3.063948230157492
0.2727272727272727,3.6666666666666665,6.0,22.0,10.0,1.0,18.0,30.0,1.439,1.543,1.491,1.5472104935389666,1.6067024974015054,5.41297520661157,1.3761801372741278
0.2727272727272727,3.6666666666666665,6.0,22.0,10.0,1.0,18.0,50.0,2.392,2.579,2.4855,2.5786841558982774,2.887091340005237,5.41297520661157,2.2936335621235466
0.2727272727272727,3.6666666666666665,6.0,22.0,10.0,1.0,18.0,60.0,2.879,3.086,2.9825,3.094420987077933,3.605376811351432,5.41297520661157,2.7523602745482556
0.2727272727272727,3.6666666666666665,6.0,22.0,10.0,1.0,20.0,30.0,1.31,1.405,1.3575,1.404391063366139,1.4439011258313903,5.41297520661157,1.2491481246026699
0.2727272727272727,3.6666666666666665,6.0,22.0,10.0,1.0,20.0,50.0,2.188,2.334,2.261,2.3406517722768982,2.574170672386593,5.41297520661157,2.0819135410044503
0.2727272727272727,3.6666666666666665,6.0,22.0,10.0,1.0,20.0,60.0,2.62,2.81,2.715,2.808782126732278,3.2004993969479143,5.41297520661157,2.4982962492053398
0.25,4.0,6.0,24.0,0.0,1.0,16.0,30.0,1.757,1.878,1.8175,1.891735434560398,2.002496720354094,5.391249999999999,1.6847656249999998
0.25,4.0,6.0,24.0,0.0,1.0,16.0,50.0,2.911,3.129,3.02,3.152892390933997,3.638808987022424,5.391249999999999,2.8079427083333335
0.25,4.0,6.0,24.0,0.0,1.0,16.0,60.0,3.492,3.756,3.6239999999999997,3.783470869120796,4.572999723360025,5.391249999999999,3.3695312499999996
0.25,4.0,6.0,24.0,0.0,1.0,18.0,30.0,1.563,1.676,1.6195,1.6815426084981315,1.7557658220788204,5.391249999999999,1.4975694444444443
0.25,4.0,6.0,24.0,0.0,1.0,18.0,50.0,2.613,2.783,2.698,2.802571014163553,3.1553658825665463,5.391249999999999,2.495949074074074
0.25,4.0,6.0,24.0,0.0,1.0,18.0,60.0,3.126,3.351,3.2385,3.363085216996263,3.9406915975543053,5.391249999999999,2.9951388888888886
0.25,4.0,6.0,24.0,0.0,1.0,20.0,30.0,1.397,1.502,1.4495,1.5133883476483185,1.5631656268586873,5.391249999999999,1.3478124999999999
0.25,4.0,6.0,24.0,0.0,1.0,20.0,50.0,2.352,2.514,2.433,2.522313912747198,2.7853157633330365,5.391249999999999,2.246354166666667
0.25,4.0,6.0,24.0,0.0,1.0,20.0,60.0,2.794,3.004,2.899,3.026776695296637,3.46200111648559,5.391249999999999,2.6956249999999997
0.25,4.0,6.0,24.0,10.0,1.0,16.0,30.0,1.595,1.701,1.6480000000000001,1.7132698275263982,1.7925768772188155,5.391249999999999,1.525825471698113
0.25,4.0,6.0,24.0,10.0,1.0,16.0,50.0,2.654,2.833,2.7435,2.8554497125439973,3.2268170289700326,5.391249999999999,2.5430424528301887
0.25,4.0,6.0,24.0,10.0,1.0,16.0,60.0,3.19,3.402,3.2960000000000003,3.4265396550527965,4.033646910344333,5.391249999999999,3.051650943396226
0.25,4.0,6.0,24.0,10.0,1.0,18.0,30.0,1.426,1.528,1.4769999999999999,1.5390389976084595,1.5922766458200408,5.391249999999999,1.3706567796610167
0.25,4.0,6.0,24.0,10.0,1.0,18.0,50.0,2.357,2.545,2.451,2.565064996014099,2.8408430970836536,5.391249999999999,2.284427966101695
0.25,4.0,6.0,24.0,10.0,1.0,18.0,60.0,2.852,3.057,2.9545,3.078077995216919,3.5335398229904986,5.391249999999999,2.7413135593220335
0.25,4.0,6.0,24.0,10.0,1.0,20.0,30.0,1.297,1.387,1.342,1.3969738593676786,1.4322399936704986,5.391249999999999,1.2441346153846153
0.25,4.0,6.0,24.0,10.0,1.0,20.0,50.0,2.163,2.313,2.238,2.328289765612798,2.5373405164101976,5.391249999999999,2.073557692307692
0.25,4.0,6.0,24.0,10.0,1.0,20.0,60.0,2.594,2.774,2.684,2.793947718735357,3.1437638647400594,5.391249999999999,2.4882692307692307
0.23076923076923078,4.333333333333333,6.0,26.0,0.0,1.0,16.0,30.0,1.736,1.871,1.8035,1.883236554978829,1.9835449122457252,5.372721893491124,1.6789755917159763
0.23076923076923078,4.333333333333333,6.0,26.0,0.0,1.0,16.0,50.0,2.874,3.12,2.997,3.1387275916313815,3.576710664757811,5.372721893491124,2.7982926528599603
0.23076923076923078,4.333333333333333,6.0,26.0,0.0,1.0,16.0,60.0,3.473,3.742,3.6075,3.766473109957658,4.475351328659896,5.372721893491124,3.3579511834319526
0.23076923076923078,4.333333333333333,6.0,26.0,0.0,1.0,18.0,30.0,1.534,1.658,1.596,1.6739880488700702,1.741179462175238,5.372721893491124,1.492422748191979
0.23076923076923078,4.333333333333333,6.0,26.0,0.0,1.0,18.0,50.0,2.553,2.772,2.6624999999999996,2.7899800814501168,3.108565803258226,5.372721893491124,2.4873712469866316
0.23076923076923078,4.333333333333333,6.0,26.0,0.0,1.0,18.0,60.0,3.067,3.315,3.191,3.3479760977401405,3.867965244571982,5.372721893491124,2.984845496383958
0.23076923076923078,4.333333333333333,6.0,26.0,0.0,1.0,20.0,30.0,1.402,1.497,1.4495,1.5065892439830633,1.5515933264763735,5.372721893491124,1.343180473372781
0.23076923076923078,4.333333333333333,6.0,26.0,0.0,1.0,20.0,50.0,2.309,2.49,2.3995,2.5109820733051054,2.748785559444381,5.372721893491124,2.2386341222879684
0.23076923076923078,4.333333333333333,6.0,26.0,0.0,1.0,20.0,60.0,2.804,2.995,2.8994999999999997,3.0131784879661265,3.405744186801731,5.372721893491124,2.686360946745562
0.23076923076923078,4.333333333333333,6.0,26.0,10.0,1.0,16.0,30.0,1.574,1.694,1.634,1.70557272903743,1.777375123719108,5.372721893491124,1.5205816679691861
0.23076923076923078,4.333333333333333,6.0,26.0,10.0,1.0,16.0,50.0,2.597,2.814,2.7055,2.8426212150623833,3.177889871906143,5.372721893491124,2.5343027799486433
0.23076923076923078,4.333333333333333,6.0,26.0,10.0,1.0,16.0,60.0,3.142,3.389,3.2655,3.41114545807486,3.9574822252939015,5.372721893491124,3.0411633359383723
0.23076923076923078,4.333333333333333,6.0,26.0,10.0,1.0,18.0,30.0,1.401,1.518,1.4595,1.5321246548980303,1.5802709624930829,5.372721893491124,1.365946244107913
0.23076923076923078,4.333333333333333,6.0,26.0,10.0,1.0,18.0,50.0,2.359,2.536,2.4475,2.553541091496717,2.802851794804531,5.372721893491124,2.276577073513188
0.23076923076923078,4.333333333333333,6.0,26.0,10.0,1.0,18.0,60.0,2.805,3.035,2.92,3.0642493097960606,3.4749535604145247,5.372721893491124,2.731892488215826
0.23076923076923078,4.333333333333333,6.0,26.0,10.0,1.0,20.0,30.0,1.275,1.378,1.3264999999999998,1.3906977636766737,1.4225189997619583,5.372721893491124,1.2398588984979517
0.23076923076923078,4.333333333333333,6.0,26.0,10.0,1.0,20.0,50.0,2.127,2.302,2.2145,2.3178296061277894,2.5069898570982345,5.372721893491124,2.0664314974965863
0.23076923076923078,4.333333333333333,6.0,26.0,10.0,1.0,20.0,60.0,2.55,2.755,2.6525,2.7813955273533475,3.097304779026239,5.372721893491124,2.4797177969959034
0.21428571428571427,4.666666666666667,6.0,28.0,0.0,1.0,16.0,30.0,1.746,1.857,1.8014999999999999,1.8759518010517697,1.967583722213791,5.35673469387755,1.6739795918367344
0.21428571428571427,4.666666666666667,6.0,28.0,0.0,1.0,16.0,50.0,2.88,3.098,2.989,3.1265863350862833,3.525146148764516,5.35673469387755,2.7899659863945576
0.21428571428571427,4.666666666666667,6.0,28.0,0.0,1.0,16.0,60.0,3.493,3.714,3.6035,3.7519036021035395,4.394912201984702,5.35673469387755,3.347959183673469
0.21428571428571427,4.666666666666667,6.0,28.0,0.0,1.0,18.0,30.0,1.535,1.649,1.592,1.6675127120460176,1.7288684012243947,5.35673469387755,1.4879818594104306
0.21428571428571427,4.666666666666667,6.0,28.0,0.0,1.0,18.0,50.0,2.579,2.742,2.6605,2.7791878534100296,3.0695425269774264,5.35673469387755,2.4799697656840514
0.21428571428571427,4.666666666666667,6.0,28.0,0.0,1.0,18.0,60.0,3.07,3.298,3.184,3.335025424092035,3.807731633009398,5.35673469387755,2.975963718820861
0.21428571428571427,4.666666666666667,6.0,28.0,0.0,1.0,20.0,30.0,1.389,1.481,1.435,1.5007614408414158,1.5418097263733543,5.35673469387755,1.3391836734693876
0.21428571428571427,4.666666666666667,6.0,28.0,0.0,1.0,20.0,50.0,2.313,2.477,2.395,2.5012690680690266,2.718228133175019,5.35673469387755,2.231972789115646
0.21428571428571427,4.666666666666667,6.0,28.0,0.0,1.0,20.0,60.0,2.76,2.961,2.8605,3.0015228816828317,3.3589591734100774,5.35673469387755,2.678367346938775
0.21428571428571427,4.666666666666667,6.0,28.0,10.0,1.0,16.0,30.0,1.576,1.679,1.6275,1.6989752160468858,1.7645487828989317,5.35673469387755,1.516056988833269
0.21428571428571427,4.666666666666667,6.0,28.0,10.0,1.0,16.0,50.0,2.623,2.804,2.7135,2.831625360078143,3.137118087552102,5.35673469387755,2.5267616480554485
0.21428571428571427,4.666666666666667,6.0,28.0,10.0,1.0,16.0,60.0,3.152,3.357,3.2545,3.3979504320937717,3.894451074827098,5.35673469387755,3.032113977666538
0.21428571428571427,4.666666666666667,6.0,28.0,10.0,1.0,18.0,30.0,1.409,1.506,1.4575,1.5261980754319484,1.5701235481052433,5.35673469387755,1.3618817018332754
0.21428571428571427,4.666666666666667,6.0,28.0,10.0,1.0,18.0,50.0,2.356,2.508,2.432,2.5436634590532474,2.7710874157932395,5.35673469387755,2.2698028363887928
0.21428571428571427,4.666666666666667,6.0,28.0,10.0,1.0,18.0,60.0,2.817,3.009,2.9130000000000003,3.052396150863897,3.4262613487783784,5.35673469387755,2.723763403666551
0.21428571428571427,4.666666666666667,6.0,28.0,10.0,1.0,20.0,30.0,1.287,1.372,1.3295,1.385318253084384,1.4142911395391382,5.35673469387755,1.236169544740973
0.21428571428571427,4.666666666666667,6.0,28.0,10.0,1.0,20.0,50.0,2.121,2.276,2.1985,2.30886375514064,2.481547045687794,5.35673469387755,2.060282574568289
0.21428571428571427,4.666666666666667,6.0,28.0,10.0,1.0,20.0,60.0,2.574,2.744,2.659,2.770636506168768,3.058561958552663,5.35673469387755,2.472339089481946
0.2,5.0,6.0,30.0,0.0,1.0,16.0,30.0,1.72,1.846,1.783,1.8696383476483185,1.953957033573359,5.3427999999999995,1.669625
0.2,5.0,6.0,30.0,0.0,1.0,16.0,50.0,2.876,3.066,2.971,3.1160639127471974,3.4816447041662957,5.3427999999999995,2.7827083333333333
0.2,5.0,6.0,30.0,0.0,1.0,16.0,60.0,3.44,3.691,3.5655,3.739276695296637,4.327501395606987,5.3427999999999995,3.33925
0.2,5.0,6.0,30.0,0.0,1.0,18.0,30.0,1.529,1.639,1.584,1.661900753465172,1.718338778036128,5.3427999999999995,1.484111111111111
0.2,5.0,6.0,30.0,0.0,1.0,18.0,50.0,2.546,2.727,2.6365,2.76983458910862,3.0365063374706316,5.3427999999999995,2.4735185185185182
0.2,5.0,6.0,30.0,0.0,1.0,18.0,60.0,3.059,3.278,3.1685,3.323801506930344,3.757026411742192,5.3427999999999995,2.968222222222222
0.2,5.0,6.0,30.0,0.0,1.0,20.0,30.0,1.378,1.476,1.427,1.4957106781186549,1.5334298656473195,5.3427999999999995,1.3356999999999999
0.2,5.0,6.0,30.0,0.0,1.0,20.0,50.0,2.276,2.451,2.3635,2.492851130197758,2.692289341743896,5.3427999999999995,2.2261666666666664
0.2,5.0,6.0,30.0,0.0,1.0,20.0,60.0,2.756,2.952,2.854,2.9914213562373098,3.3194396584452366,5.3427999999999995,2.6713999999999998
0.2,5.0,6.0,30.0,10.0,1.0,16.0,30.0,1.562,1.665,1.6135000000000002,1.693257371455081,1.753581432729738,5.3427999999999995,1.5121132075471697
0.2,5.0,6.0,30.0,10.0,1.0,16.0,50.0,2.605,2.774,2.6895,2.8220956190918014,3.1026194864772854,5.3427999999999995,2.520188679245283
0.2,5.0,6.0,30.0,10.0,1.0,16.0,60.0,3.099,3.33,3.2145,3.386514742910162,3.841426055898719,5.3427999999999995,3.0242264150943394
0.2,5.0,6.0,30.0,10.0,1.0,18.0,30.0,1.386,1.498,1.442,1.5210617065613439,1.5614339528584171,5.3427999999999995,1.3583389830508474
0.2,5.0,6.0,30.0,10.0,1.0,18.0,50.0,2.337,2.494,2.4155,2.5351028442689065,2.744134993643495,5.3427999999999995,2.2638983050847457
0.2,5.0,6.0,30.0,10.0,1.0,18.0,60.0,2.771,2.997,2.884,3.0421234131226877,3.385151984451392,5.3427999999999995,2.716677966101695
0.2,5.0,6.0,30.0,10.0,1.0,20.0,30.0,1.262,1.357,1.3094999999999999,1.380656010571066,1.4072369333845256,5.3427999999999995,1.232953846153846
0.2,5.0,6.0,30.0,10.0,1.0,20.0,50.0,2.103,2.27,2.1865,2.3010933509517764,2.4599106977702587,5.3427999999999995,2.054923076923077
0.2,5.0,6.0,30.0,10.0,1.0,20.0,60.0,2.524,2.715,2.6195,2.761312021142132,3.0257604418480124,5.3427999999999995,2.465907692307692
2.0,0.5,8.0,4.0,0.0,1.0,16.0,30.0,1.673,1.885,1.779,1.9988501073623883,3.96317847887064,6.5200000000000005,1.5281250000000002
2.0,0.5,8.0,4.0,0.0,1.0,16.0,50.0,2.751,3.158,2.9545,3.3314168456039805,-21.234813752110945,6.5200000000000005,2.546875
2.0,0.5,8.0,4.0,0.0,1.0,16.0,60.0,3.353,3.77,3.5615,3.9977002147247767,-8.20033220036983,6.5200000000000005,3.0562500000000004
2.0,0.5,8.0,4.0,0.0,1.0,18.0,30.0,1.475,1.684,1.5795,1.7767556509887896,2.891092726798756,6.5200000000000005,1.3583333333333334
2.0,0.5,8.0,4.0,0.0,1.0,18.0,50.0,2.45,2.804,2.627,2.9612594183146492,110.52321539080621,6.5200000000000005,2.263888888888889
2.0,0.5,8.0,4.0,0.0,1.0,18.0,60.0,2.95,3.368,3.159,3.5535113019775793,-13.304479737077356,6.5200000000000005,2.716666666666667
2.0,0.5,8.0,4.0,0.0,1.0,20.0,30.0,1.326,1.514,1.42,1.5990800858899106,2.2755343016276064,6.5200000000000005,1.2225000000000001
2.0,0.5,8.0,4.0,0.0,1.0,20.0,50.0,2.181,2.513,2.347,2.6651334764831844,15.340194022791648,6.5200000000000005,2.0375
2.0,0.5,8.0,4.0,0.0,1.0,20.0,60.0,2.657,3.029,2.843,3.198160171779821,-35.23728893743492,6.5200000000000005,2.4450000000000003
2.0,0.5,8.0,4.0,10.0,1.0,16.0,30.0,1.54,1.748,1.6440000000000001,1.8540058966839543,3.2174798336666632,6.5200000000000005,1.4173913043478263
2.0,0.5,8.0,4.0,10.0,1.0,16.0,50.0,2.576,2.923,2.7495000000000003,3.0900098278065906,-83.30029971509737,6.5200000000000005,2.36231884057971
2.0,0.5,8.0,4.0,10.0,1.0,16.0,60.0,3.08,3.497,3.2885,3.7080117933679086,-10.786728638765046,6.5200000000000005,2.8347826086956527
2.0,0.5,8.0,4.0,10.0,1.0,18.0,30.0,1.397,1.566,1.4815,1.661381907418089,2.472985659357469,6.5200000000000005,1.2701298701298702
2.0,0.5,8.0,4.0,10.0,1.0,18.0,50.0,2.315,2.611,2.463,2.768969845696815,22.65745062638139,6.5200000000000005,2.116883116883117
2.0,0.5,8.0,4.0,10.0,1.0,18.0,60.0,2.794,3.152,2.973,3.322763814836178,-21.775634264317816,6.5200000000000005,2.5402597402597404
2.0,0.5,8.0,4.0,10.0,1.0,20.0,30.0,1.25,1.42,1.335,1.5050165514257983,2.008287149767187,6.5200000000000005,1.1505882352941177
2.0,0.5,8.0,4.0,10.0,1.0,20.0,50.0,2.106,2.374,2.24,2.508360919042997,9.97248163231834,6.5200000000000005,1.9176470588235295
2.0,0.5,8.0,4.0,10.0,1.0,20.0,60.0,2.499,2.839,2.669,3.0100331028515965,1161.793245997943,6.5200000000000005,2.3011764705882354
1.3333333333333333,0.75,8.0,6.0,0.0,1.0,16.0,30.0,1.562,1.769,1.6655,1.7778792382415922,2.39390327416808,6.219999999999999,1.4578124999999997
1.3333333333333333,0.75,8.0,6.0,0.0,1.0,16.0,50.0,2.609,2.95,2.7795,2.963132063735987,8.452183929758647,6.219999999999999,2.4296874999999996
1.3333333333333333,0.75,8.0,6.0,0.0,1.0,16.0,60.0,3.125,3.539,3.332,3.5557584764831844,23.010291034187475,6.219999999999999,2.9156249999999995
1.3333333333333333,0.75,8.0,6.0,0.0,1.0,18.0,30.0,1.418,1.579,1.4985,1.580337100659193,1.9558177900679727,6.219999999999999,1.2958333333333332
1.3333333333333333,0.75,8.0,6.0,0.0,1.0,18.0,50.0,2.363,2.635,2.4989999999999997,2.633895167765322,5.73220399877888,6.219999999999999,2.159722222222222
1.3333333333333333,0.75,8.0,6.0,0.0,1.0,18.0,60.0,2.835,3.157,2.996,3.160674201318386,11.081260467052406,6.219999999999999,2.5916666666666663
1.3333333333333333,0.75,8.0,6.0,0.0,1.0,20.0,30.0,1.268,1.422,1.345,1.4223033905932738,1.6532687842246416,6.219999999999999,1.1662499999999998
1.3333333333333333,0.75,8.0,6.0,0.0,1.0,20.0,50.0,2.087,2.358,2.2225,2.3705056509887896,4.336639090198133,6.219999999999999,1.9437499999999996
1.3333333333333333,0.75,8.0,6.0,0.0,1.0,20.0,60.0,2.535,2.844,2.6895,2.8446067811865476,7.297881489572491,6.219999999999999,2.3324999999999996
1.3333333333333333,0.75,8.0,6.0,10.0,1.0,16.0,30.0,1.474,1.641,1.5575,1.649047409383506,2.099925572243876,6.219999999999999,1.352173913043478
1.3333333333333333,0.75,8.0,6.0,10.0,1.0,16.0,50.0,2.452,2.739,2.5955,2.7484123489725096,6.518890533128356,6.219999999999999,2.253623188405797
1.3333333333333333,0.75,8.0,6.0,10.0,1.0,16.0,60.0,2.943,3.282,3.1125,3.298094818767012,13.755426500084544,6.219999999999999,2.704347826086956
1.3333333333333333,0.75,8.0,6.0,10.0,1.0,18.0,30.0,1.337,1.474,1.4055,1.4777178084085962,1.755079974977187,6.219999999999999,1.2116883116883115
1.3333333333333333,0.75,8.0,6.0,10.0,1.0,18.0,50.0,2.184,2.466,2.325,2.462863014014327,4.772342849178677,6.219999999999999,2.019480519480519
1.3333333333333333,0.75,8.0,6.0,10.0,1.0,18.0,60.0,2.675,2.948,2.8114999999999997,2.9554356168171925,8.369446964687421,6.219999999999999,2.423376623376623
1.3333333333333333,0.75,8.0,6.0,10.0,1.0,20.0,30.0,1.191,1.331,1.2610000000000001,1.3386384852642577,1.507518317767781,6.219999999999999,1.0976470588235292
1.3333333333333333,0.75,8.0,6.0,10.0,1.0,20.0,50.0,1.927,2.231,2.0789999999999997,2.2310641421070962,3.763911822131034,6.219999999999999,1.829411764705882
1.3333333333333333,0.75,8.0,6.0,10.0,1.0,20.0,60.0,2.382,2.663,2.5225,2.6772769705285153,6.014464786740863,6.219999999999999,2.1952941176470584
1.0,1.0,8.0,8.0,0.0,1.0,16.0,30.0,1.536,1.687,1.6115,1.6673938036811942,1.998280003769472,6.01,1.4085937499999999
1.0,1.0,8.0,8.0,0.0,1.0,16.0,50.0,2.559,2.813,2.686,2.7789896728019903,4.974749056905886,6.01,2.34765625
1.0,1.0,8.0,8.0,0.0,1.0,16.0,60.0,3.073,3.374,3.2235,3.3347876073623883,7.92635695774128,6.01,2.8171874999999997
1.0,1.0,8.0,8.0,0.0,1.0,18.0,30.0,1.366,1.5,1.433,1.4821278254943948,1.6835084270687568,6.01,1.2520833333333332
1.0,1.0,8.0,8.0,0.0,1.0,18.0,50.0,2.227,2.511,2.3689999999999998,2.470213042490658,3.8886974621134094,6.01,2.0868055555555554
1.0,1.0,8.0,8.0,0.0,1.0,18.0,60.0,2.732,3.0,2.866,2.9642556509887896,5.782185453597512,6.01,2.5041666666666664
1.0,1.0,8.0,8.0,0.0,1.0,20.0,30.0,1.227,1.356,1.2915,1.3339150429449553,1.4544082174358814,6.01,1.1268749999999998
1.0,1.0,8.0,8.0,0.0,1.0,20.0,50.0,2.031,2.251,2.141,2.223191738241592,3.1918710322241073,6.01,1.878125
1.0,1.0,8.0,8.0,0.0,1.0,20.0,60.0,2.454,2.712,2.583,2.6678300858899107,4.551068603255213,6.01,2.2537499999999997
1.0,1.0,8.0,8.0,10.0,1.0,16.0,30.0,1.424,1.564,1.494,1.5465681657332815,1.7891971453823927,6.01,1.3065217391304347
1.0,1.0,8.0,8.0,10.0,1.0,16.0,50.0,2.372,2.605,2.4885,2.577613609555469,4.2354417020661215,6.01,2.177536231884058
1.0,1.0,8.0,8.0,10.0,1.0,16.0,60.0,2.849,3.128,2.9885,3.093136331466563,6.4349596673333265,6.01,2.6130434782608694
1.0,1.0,8.0,8.0,10.0,1.0,18.0,30.0,1.27,1.402,1.3359999999999999,1.3858857589038498,1.5326207143171189,6.01,1.1707792207792207
1.0,1.0,8.0,8.0,10.0,1.0,18.0,50.0,2.099,2.333,2.216,2.3098095981730826,3.421807184431321,6.01,1.9512987012987013
1.0,1.0,8.0,8.0,10.0,1.0,18.0,60.0,2.54,2.805,2.6725000000000003,2.7717715178076996,4.945971318714938,6.01,2.3415584415584414
1.0,1.0,8.0,8.0,10.0,1.0,20.0,30.0,1.135,1.27,1.2025000000000001,1.2554494521834874,1.3404027887444272,6.01,1.0605882352941176
1.0,1.0,8.0,8.0,10.0,1.0,20.0,50.0,1.923,2.113,2.018,2.0924157536391457,2.8703992997412806,6.01,1.7676470588235293
1.0,1.0,8.0,8.0,10.0,1.0,20.0,60.0,2.28,2.54,2.41,2.5108989043669747,4.016574299534374,6.01,2.121176470588235
0.8,1.25,8.0,10.0,0.0,1.0,16.0,30.0,1.449,1.624,1.5365000000000002,1.6011025429449552,1.8180102717948519,5.8648,1.3745625
0.8,1.25,8.0,10.0,0.0,1.0,16.0,50.0,2.459,2.71,2.5845000000000002,2.668504238241592,3.989838790280134,5.8648,2.2909375
0.8,1.25,8.0,10.0,0.0,1.0,16.0,60.0,2.913,3.247,3.08,3.2022050858899105,5.688835754069016,5.8648,2.749125
0.8,1.25,8.0,10.0,0.0,1.0,18.0,30.0,1.28,1.445,1.3625,1.4232022603955157,1.553713871526715,5.8648,1.2218333333333333
0.8,1.25,8.0,10.0,0.0,1.0,18.0,50.0,2.135,2.407,2.271,2.3720037673258596,3.2596963167799546,5.8648,2.036388888888889
0.8,1.25,8.0,10.0,0.0,1.0,18.0,60.0,2.56,2.889,2.7245,2.8464045207910313,4.49303880455833,5.8648,2.4436666666666667
0.8,1.25,8.0,10.0,0.0,1.0,20.0,30.0,1.178,1.299,1.2385,1.2808820343559641,1.356509017505693,5.8648,1.09965
0.8,1.25,8.0,10.0,0.0,1.0,20.0,50.0,1.962,2.174,2.068,2.134803390593274,2.755447973707736,5.8648,1.83275
0.8,1.25,8.0,10.0,0.0,1.0,20.0,60.0,2.322,2.597,2.4595000000000002,2.5617640687119283,3.7126395693557894,5.8648,2.1993
0.8,1.25,8.0,10.0,10.0,1.0,16.0,30.0,1.325,1.518,1.4215,1.485080619543147,1.643300495192219,5.8648,1.2749565217391303
0.8,1.25,8.0,10.0,10.0,1.0,16.0,50.0,2.21,2.521,2.3655,2.475134365905245,3.499875953739793,5.8648,2.1249275362318842
0.8,1.25,8.0,10.0,10.0,1.0,16.0,60.0,2.65,3.035,2.8425000000000002,2.970161239086294,4.877509686888109,5.8648,2.5499130434782606
0.8,1.25,8.0,10.0,10.0,1.0,18.0,30.0,1.215,1.353,1.284,1.3307865292010017,1.4243012081182052,5.8648,1.1424935064935064
0.8,1.25,8.0,10.0,10.0,1.0,18.0,50.0,2.024,2.255,2.1395,2.2179775486683364,2.925133291628645,5.8648,1.9041558441558442
0.8,1.25,8.0,10.0,10.0,1.0,18.0,60.0,2.43,2.705,2.5675,2.6615730584020034,3.971306774121663,5.8648,2.284987012987013
0.8,1.25,8.0,10.0,10.0,1.0,20.0,30.0,1.088,1.223,1.1555,1.205536032335025,1.2568088676653877,5.8648,1.0349647058823528
0.8,1.25,8.0,10.0,10.0,1.0,20.0,50.0,1.848,2.037,1.9425,2.009226720558375,2.512530529612968,5.8648,1.7249411764705882
0.8,1.25,8.0,10.0,10.0,1.0,20.0,60.0,2.176,2.445,2.3105,2.41107206467005,3.3490749975266234,5.8648,2.0699294117647056
0.6666666666666666,1.5,8.0,12.0,0.0,1.0,16.0,30.0,1.415,1.589,1.502,1.556908369120796,1.7148748962600093,5.76,1.3499999999999999
0.6666666666666666,1.5,8.0,12.0,0.0,1.0,16.0,50.0,2.338,2.648,2.4930000000000003,2.5948472818679935,3.5246301436017107,5.76,2.25
0.6666666666666666,1.5,8.0,12.0,0.0,1.0,16.0,60.0,2.83,3.177,3.0035,3.113816738241592,4.78780654833616,5.76,2.6999999999999997
0.6666666666666666,1.5,8.0,12.0,0.0,1.0,18.0,30.0,1.25,1.409,1.3295,1.3839185503295965,1.4777593490828644,5.76,1.2
0.6666666666666666,1.5,8.0,12.0,0.0,1.0,18.0,50.0,2.126,2.348,2.237,2.3065309172159942,2.942404813129559,5.76,2.0
0.6666666666666666,1.5,8.0,12.0,0.0,1.0,18.0,60.0,2.501,2.819,2.66,2.767837100659193,3.9116355801359455,5.76,2.4
0.6666666666666666,1.5,8.0,12.0,0.0,1.0,20.0,30.0,1.133,1.269,1.201,1.2455266952966368,1.2982504186820962,5.76,1.0799999999999998
0.6666666666666666,1.5,8.0,12.0,0.0,1.0,20.0,50.0,1.875,2.112,1.9935,2.075877825494395,2.525262640603135,5.76,1.8
0.6666666666666666,1.5,8.0,12.0,0.0,1.0,20.0,60.0,2.267,2.537,2.402,2.4910533905932737,3.3065375684492833,5.76,2.1599999999999997
0.6666666666666666,1.5,8.0,12.0,10.0,1.0,16.0,30.0,1.332,1.47,1.401,1.4440889220830573,1.5585732505654453,5.76,1.2521739130434781
0.6666666666666666,1.5,8.0,12.0,10.0,1.0,16.0,50.0,2.229,2.458,2.3435,2.4068148701384287,3.1367094215362337,5.76,2.0869565217391304
0.6666666666666666,1.5,8.0,12.0,10.0,1.0,16.0,60.0,2.664,2.94,2.802,2.8881778441661146,4.199851144487752,5.76,2.5043478260869563
0.6666666666666666,1.5,8.0,12.0,10.0,1.0,18.0,30.0,1.196,1.317,1.2565,1.2940537093991034,1.360211659247512,5.76,1.122077922077922
0.6666666666666666,1.5,8.0,12.0,10.0,1.0,18.0,50.0,1.967,2.195,2.081,2.1567561823318386,2.667052271370007,5.76,1.87012987012987
0.6666666666666666,1.5,8.0,12.0,10.0,1.0,18.0,60.0,2.391,2.634,2.5125,2.5881074187982067,3.510159949954374,5.76,2.244155844155844
0.6666666666666666,1.5,8.0,12.0,10.0,1.0,20.0,30.0,1.08,1.194,1.137,1.172260419102717,1.2066409389080421,5.76,1.016470588235294
0.6666666666666666,1.5,8.0,12.0,10.0,1.0,20.0,50.0,1.8,1.996,1.8980000000000001,1.953767365171195,2.3197220307492694,5.76,1.6941176470588235
0.6666666666666666,1.5,8.0,12.0,10.0,1.0,20.0,60.0,2.16,2.387,2.2735000000000003,2.344520838205434,3.015036635535562,5.76,2.032941176470588
0.5714285714285714,1.75,8.0,14.0,0.0,1.0,16.0,30.0,1.392,1.553,1.4725,1.5253411021035395,1.6480920757442628,5.681224489795918,1.3315369897959182
0.5714285714285714,1.75,8.0,14.0,0.0,1.0,16.0,50.0,2.318,2.585,2.4515000000000002,2.5422351701725656,3.253651290766758,5.681224489795918,2.2192283163265305
0.5714285714285714,1.75,8.0,14.0,0.0,1.0,16.0,60.0,2.783,3.106,2.9444999999999997,3.050682204207079,4.3012008801381665,5.681224489795918,2.6630739795918363
0.5714285714285714,1.75,8.0,14.0,0.0,1.0,18.0,30.0,1.245,1.379,1.312,1.3558587574253684,1.427899362378524,5.681224489795918,1.1835884353741495
0.5714285714285714,1.75,8.0,14.0,0.0,1.0,18.0,50.0,2.09,2.296,2.1929999999999996,2.259764595708947,2.751127285513453,5.681224489795918,1.9726473922902494
0.5714285714285714,1.75,8.0,14.0,0.0,1.0,18.0,60.0,2.491,2.758,2.6245000000000003,2.711717514850737,3.5806764887897455,5.681224489795918,2.367176870748299
0.5714285714285714,1.75,8.0,14.0,0.0,1.0,20.0,30.0,1.125,1.242,1.1835,1.2202728816828317,1.2596096900287788,5.681224489795918,1.0652295918367345
0.5714285714285714,1.75,8.0,14.0,0.0,1.0,20.0,50.0,1.872,2.072,1.972,2.0337881361380523,2.3830647235923577,5.681224489795918,1.7753826530612244
0.5714285714285714,1.75,8.0,14.0,0.0,1.0,20.0,60.0,2.249,2.484,2.3665000000000003,2.4405457633656633,3.0669158570901383,5.681224489795918,2.130459183673469
0.5714285714285714,1.75,8.0,14.0,10.0,1.0,16.0,30.0,1.291,1.441,1.366,1.414809138182993,1.5032129339544065,5.681224489795918,1.2350488021295474
0.5714285714285714,1.75,8.0,14.0,10.0,1.0,16.0,50.0,2.166,2.402,2.284,2.3580152303049884,2.9202645370680917,5.681224489795918,2.0584146702159125
0.5714285714285714,1.75,8.0,14.0,10.0,1.0,16.0,60.0,2.581,2.883,2.732,2.829618276365986,3.820687841885243,5.681224489795918,2.4700976042590947
0.5714285714285714,1.75,8.0,14.0,10.0,1.0,18.0,30.0,1.173,1.288,1.2305000000000001,1.2678159809691756,1.3178546914094538,5.681224489795918,1.1067320434667371
0.5714285714285714,1.75,8.0,14.0,10.0,1.0,18.0,50.0,1.929,2.155,2.042,2.1130266349486257,2.508937579140681,5.681224489795918,1.8445534057778954
0.5714285714285714,1.75,8.0,14.0,10.0,1.0,18.0,60.0,2.346,2.577,2.4615,2.535631961938351,3.241316654373441,5.681224489795918,2.2134640869334743
0.5714285714285714,1.75,8.0,14.0,10.0,1.0,20.0,30.0,1.054,1.167,1.1105,1.1484921239367827,1.1731908282990495,5.681224489795918,1.0025690276110442
0.5714285714285714,1.75,8.0,14.0,10.0,1.0,20.0,50.0,1.747,1.946,1.8465,1.9141535398946377,2.1991776149890465,5.681224489795918,1.6709483793517406
0.5714285714285714,1.75,8.0,14.0,10.0,1.0,20.0,60.0,2.108,2.335,2.2215,2.2969842478735654,2.814521134904363,5.681224489795918,2.0051380552220883
0.5,2.0,8.0,16.0,0.0,1.0,16.0,30.0,1.387,1.527,1.4569999999999999,1.501665651840597,1.6013215631659965,5.62,1.3171875
0.5,2.0,8.0,16.0,0.0,1.0,16.0,50.0,2.293,2.538,2.4154999999999998,2.502776086400995,3.076270095936851,5.62,2.1953125
0.5,2.0,8.0,16.0,0.0,1.0,16.0,60.0,2.772,3.054,2.913,3.003331303681194,3.996560007538944,5.62,2.634375
0.5,2.0,8.0,16.0,0.0,1.0,18.0,30.0,1.227,1.354,1.2905000000000002,1.3348139127471974,1.3926578816665183,5.62,1.1708333333333334
0.5,2.0,8.0,16.0,0.0,1.0,18.0,50.0,2.046,2.257,2.1515,2.224689854578662,2.623230608226845,5.62,1.9513888888888888
0.5,2.0,8.0,16.0,0.0,1.0,18.0,60.0,2.451,2.709,2.58,2.669627825494395,3.3670168541375136,5.62,2.341666666666667
0.5,2.0,8.0,16.0,0.0,1.0,20.0,30.0,1.115,1.22,1.1675,1.2013325214724777,1.2321056774348704,5.62,1.05375
0.5,2.0,8.0,16.0,0.0,1.0,20.0,50.0,1.839,2.032,1.9355,2.002220869120796,2.2864998616800123,5.62,1.75625
0.5,2.0,8.0,16.0,0.0,1.0,20.0,60.0,2.23,2.439,2.3345000000000002,2.4026650429449554,2.908816434871763,5.62,2.1075
0.5,2.0,8.0,16.0,10.0,1.0,16.0,30.0,1.295,1.415,1.355,1.3928493002579452,1.4642066143641492,5.62,1.2217391304347827
0.5,2.0,8.0,16.0,10.0,1.0,16.0,50.0,2.158,2.355,2.2565,2.3214155004299086,2.7765691599364,5.62,2.036231884057971
0.5,2.0,8.0,16.0,10.0,1.0,16.0,60.0,2.593,2.83,2.7115,2.7856986005158904,3.5783942907647854,5.62,2.4434782608695653
0.5,2.0,8.0,16.0,10.0,1.0,18.0,30.0,1.141,1.267,1.204,1.24813768464673,1.287778637818576,5.62,1.0948051948051947
0.5,2.0,8.0,16.0,10.0,1.0,18.0,50.0,1.936,2.111,2.0235000000000003,2.0802294744112166,2.402130848032952,5.62,1.8246753246753247
0.5,2.0,8.0,16.0,10.0,1.0,18.0,60.0,2.283,2.535,2.409,2.49627536929346,3.0652414286342378,5.62,2.1896103896103893
0.5,2.0,8.0,16.0,10.0,1.0,20.0,30.0,1.054,1.147,1.1005,1.130665902562332,1.1492955285584179,5.62,0.9917647058823529
0.5,2.0,8.0,16.0,10.0,1.0,20.0,50.0,1.736,1.914,1.825,1.8844431709372198,2.1166825183330307,5.62,1.6529411764705881
0.5,2.0,8.0,16.0,10.0,1.0,20.0,60.0,2.105,2.294,2.1995,2.261331805124664,2.6808055774888544,5.62,1.9835294117647058
0.4444444444444444,2.25,8.0,18.0,0.0,1.0,16.0,30.0,1.35,1.5,1.425,1.4832514127471974,1.566740116874833,5.571111111111111,1.3057291666666666
0.4444444444444444,2.25,8.0,18.0,0.0,1.0,16.0,50.0,2.25,2.507,2.3785,2.4720856879119957,2.951134434255201,5.571111111111111,2.1762152777777777
0.4444444444444444,2.25,8.0,18.0,0.0,1.0,16.0,60.0,2.7,3.0,2.85,2.966502825494395,3.787893960904703,5.571111111111111,2.611458333333333
0.4444444444444444,2.25,8.0,18.0,0.0,1.0,18.0,30.0,1.211,1.334,1.2725,1.318445700219731,1.3664278518617843,5.571111111111111,1.160648148148148
0.4444444444444444,2.25,8.0,18.0,0.0,1.0,18.0,50.0,2.002,2.224,2.113,2.197409500366218,2.5316898289948324,5.571111111111111,1.9344135802469136
0.4444444444444444,2.25,8.0,18.0,0.0,1.0,18.0,60.0,2.421,2.668,2.5445,2.636891400439462,3.217683686945322,5.571111111111111,2.321296296296296
0.4444444444444444,2.25,8.0,18.0,0.0,1.0,20.0,30.0,1.104,1.199,1.1515,1.186601130197758,1.211530203784753,5.571111111111111,1.0445833333333332
0.4444444444444444,2.25,8.0,18.0,0.0,1.0,20.0,50.0,1.825,1.999,1.912,1.9776685503295965,2.2166390236242965,5.571111111111111,1.7409722222222221
0.4444444444444444,2.25,8.0,18.0,0.0,1.0,20.0,60.0,2.208,2.397,2.3025,2.373202260395516,2.7966849687480866,5.571111111111111,2.0891666666666664
0.4444444444444444,2.25,8.0,18.0,10.0,1.0,16.0,30.0,1.246,1.391,1.3185,1.375769426316241,1.4352402096357577,5.571111111111111,1.211111111111111
0.4444444444444444,2.25,8.0,18.0,10.0,1.0,16.0,50.0,2.126,2.316,2.221,2.2929490438604017,2.674222500688789,5.571111111111111,2.0185185185185186
0.4444444444444444,2.25,8.0,18.0,10.0,1.0,16.0,60.0,2.492,2.781,2.6365,2.751538852632482,3.410190983376527,5.571111111111111,2.422222222222222
0.4444444444444444,2.25,8.0,18.0,10.0,1.0,18.0,30.0,1.154,1.246,1.2,1.2328323430626056,1.2653186882854965,5.571111111111111,1.0852813852813852
0.4444444444444444,2.25,8.0,18.0,10.0,1.0,18.0,50.0,1.899,2.082,1.9905,2.0547205717710093,2.3251444096007803,5.571111111111111,1.8088023088023086
0.4444444444444444,2.25,8.0,18.0,10.0,1.0,18.0,60.0,2.308,2.492,2.4,2.465664686125211,2.9409832798368436,5.571111111111111,2.1705627705627704
0.4444444444444444,2.25,8.0,18.0,10.0,1.0,20.0,30.0,1.038,1.132,1.085,1.1168010637155368,1.1313727609960915,5.571111111111111,0.9831372549019607
0.4444444444444444,2.25,8.0,18.0,10.0,1.0,20.0,50.0,1.713,1.884,1.7985,1.8613351061925614,2.056677233622627,5.571111111111111,1.638562091503268
0.4444444444444444,2.25,8.0,18.0,10.0,1.0,20.0,60.0,2.075,2.264,2.1695,2.2336021274310736,2.58527557298659,5.571111111111111,1.9662745098039214
0.4,2.5,8.0,20.0,0.0,1.0,16.0,30.0,1.342,1.48,1.411,1.4685200214724776,1.5401320967935879,5.531199999999999,1.2963749999999998
0.4,2.5,8.0,20.0,0.0,1.0,16.0,50.0,2.256,2.472,2.364,2.447533369120796,2.8581248271000157,5.531199999999999,2.1606249999999996
0.4,2.5,8.0,20.0,0.0,1.0,16.0,60.0,2.685,2.96,2.8225,2.9370400429449552,3.6360205435897037,5.531199999999999,2.5927499999999997
0.4,2.5,8.0,20.0,0.0,1.0,18.0,30.0,1.199,1.318,1.2585000000000002,1.3053511301977578,1.3461446708719478,5.531199999999999,1.1523333333333332
0.4,2.5,8.0,20.0,0.0,1.0,18.0,50.0,1.971,2.195,2.083,2.175585216996263,2.4629322484714407,5.531199999999999,1.9205555555555551
0.4,2.5,8.0,20.0,0.0,1.0,18.0,60.0,2.397,2.636,2.5164999999999997,2.6107022603955157,3.10742774305343,5.531199999999999,2.3046666666666664
0.4,2.5,8.0,20.0,0.0,1.0,20.0,30.0,1.075,1.184,1.1295,1.174816017177982,1.195558084307427,5.531199999999999,1.0371
0.4,2.5,8.0,20.0,0.0,1.0,20.0,50.0,1.796,1.969,1.8825,1.958026695296637,2.1637506978034935,5.531199999999999,1.7284999999999997
0.4,2.5,8.0,20.0,0.0,1.0,20.0,60.0,2.15,2.366,2.258,2.349632034355964,2.713018035011386,5.531199999999999,2.0742
0.4,2.5,8.0,20.0,10.0,1.0,16.0,30.0,1.243,1.371,1.307,1.3621055271628777,1.412879410854638,5.531199999999999,1.2024347826086954
0.4,2.5,8.0,20.0,10.0,1.0,16.0,50.0,2.043,2.288,2.1654999999999998,2.2701758786047965,2.5976220842757423,5.531199999999999,2.0040579710144923
0.4,2.5,8.0,20.0,10.0,1.0,16.0,60.0,2.486,2.742,2.614,2.7242110543257554,3.286600990384438,5.531199999999999,2.404869565217391
0.4,2.5,8.0,20.0,10.0,1.0,18.0,30.0,1.111,1.229,1.17,1.220588069795306,1.2479070441347784,5.531199999999999,1.0775064935064933
0.4,2.5,8.0,20.0,10.0,1.0,18.0,50.0,1.875,2.054,1.9645,2.0343134496588435,2.2670194320791865,5.531199999999999,1.7958441558441556
0.4,2.5,8.0,20.0,10.0,1.0,18.0,60.0,2.221,2.466,2.3435,2.441176139590612,2.8486024162364103,5.531199999999999,2.1550129870129866
0.4,2.5,8.0,20.0,10.0,1.0,20.0,30.0,1.006,1.112,1.0590000000000002,1.1057091926381009,1.11743206451802,5.531199999999999,0.9760941176470587
0.4,2.5,8.0,20.0,10.0,1.0,20.0,50.0,1.684,1.856,1.77,1.8428486543968348,2.011068231513404,5.531199999999999,1.6268235294117643
0.4,2.5,8.0,20.0,10.0,1.0,20.0,60.0,2.013,2.224,2.1185,2.2114183852762017,2.5136177353307754,5.531199999999999,1.9521882352941173
0.36363636363636365,2.75,8.0,22.0,0.0,1.0,16.0,30.0,1.349,1.473,1.411,1.4564670649749798,1.5190249118061525,5.4980165289256195,1.288597623966942
0.36363636363636365,2.75,8.0,22.0,0.0,1.0,16.0,50.0,2.285,2.441,2.363,2.4274451082916326,2.7862771141046196,5.4980165289256195,2.14766270661157
0.36363636363636365,2.75,8.0,22.0,0.0,1.0,16.0,60.0,2.664,2.946,2.805,2.9129341299499596,3.5205311842328775,5.4980165289256195,2.577195247933884
0.36363636363636365,2.75,8.0,22.0,0.0,1.0,18.0,30.0,1.201,1.303,1.252,1.2946373910888709,1.3299918578158285,5.4980165289256195,1.1454201101928374
0.36363636363636365,2.75,8.0,22.0,0.0,1.0,18.0,50.0,2.001,2.171,2.086,2.157728985148118,2.4093935683689183,5.4980165289256195,1.9090335169880623
0.36363636363636365,2.75,8.0,22.0,0.0,1.0,18.0,60.0,2.402,2.606,2.504,2.5892747821777418,3.022685216318534,5.4980165289256195,2.290840220385675
0.36363636363636365,2.75,8.0,22.0,0.0,1.0,20.0,30.0,1.082,1.171,1.1265,1.1651736519799838,1.182799884416989,5.4980165289256195,1.0308780991735538
0.36363636363636365,2.75,8.0,22.0,0.0,1.0,20.0,50.0,1.826,1.953,1.8895,1.941956086633306,2.1223196923409104,5.4980165289256195,1.718130165289256
0.36363636363636365,2.75,8.0,22.0,0.0,1.0,20.0,60.0,2.163,2.341,2.252,2.3303473039599676,2.6481978075360177,5.4980165289256195,2.0617561983471075
0.36363636363636365,2.75,8.0,22.0,10.0,1.0,16.0,30.0,1.254,1.358,1.306,1.3509259733101262,1.3950959362761521,5.4980165289256195,1.1952209845490478
0.36363636363636365,2.75,8.0,22.0,10.0,1.0,16.0,50.0,2.111,2.263,2.1870000000000003,2.25154328885021,2.538138285433206,5.4980165289256195,1.992034974248413
0.36363636363636365,2.75,8.0,22.0,10.0,1.0,16.0,60.0,2.507,2.716,2.6115000000000004,2.7018519466202524,3.1919531014211255,5.4980165289256195,2.3904419690980956
0.36363636363636365,2.75,8.0,22.0,10.0,1.0,18.0,30.0,1.134,1.217,1.1755,1.210570028031152,1.2340136091273328,5.4980165289256195,1.0710421809595363
0.36363636363636365,2.75,8.0,22.0,10.0,1.0,18.0,50.0,1.863,2.031,1.947,2.017616713385253,2.2215808455325106,5.4980165289256195,1.785070301599227
0.36363636363636365,2.75,8.0,22.0,10.0,1.0,18.0,60.0,2.267,2.434,2.3505000000000003,2.421140056062304,2.777226677692065,5.4980165289256195,2.1420843619190726
0.36363636363636365,2.75,8.0,22.0,10.0,1.0,20.0,30.0,1.017,1.103,1.06,1.0966340253929259,1.106279024624104,5.4980165289256195,0.970238210986874
0.36363636363636365,2.75,8.0,22.0,10.0,1.0,20.0,50.0,1.71,1.836,1.7730000000000001,1.8277233756548763,1.9752295658661156,5.4980165289256195,1.6170636849781235
0.36363636363636365,2.75,8.0,22.0,10.0,1.0,20.0,60.0,2.034,2.206,2.12,2.1932680507858517,2.4578777364034123,5.4980165289256195,1.940476421973748
0.3333333333333333,3.0,8.0,24.0,0.0,1.0,16.0,30.0,1.325,1.455,1.3900000000000001,1.446422934560398,1.5018725402655704,5.47,1.28203125
0.3333333333333333,3.0,8.0,24.0,0.0,1.0,16.0,50.0,2.188,2.428,2.308,2.4107048909339968,2.729106740266818,5.47,2.13671875
0.3333333333333333,3.0,8.0,24.0,0.0,1.0,16.0,60.0,2.649,2.911,2.7800000000000002,2.892845869120796,3.4297497925200187,5.47,2.5640625
0.3333333333333333,3.0,8.0,24.0,0.0,1.0,18.0,30.0,1.186,1.292,1.2389999999999999,1.2857092751647983,1.3168243665591153,5.47,1.1395833333333334
0.3333333333333333,3.0,8.0,24.0,0.0,1.0,18.0,50.0,1.98,2.151,2.0655,2.1428487919413306,2.36652441192491,5.47,1.8993055555555556
0.3333333333333333,3.0,8.0,24.0,0.0,1.0,18.0,60.0,2.371,2.585,2.4779999999999998,2.5714185503295965,2.955518698165729,5.47,2.279166666666667
0.3333333333333333,3.0,8.0,24.0,0.0,1.0,20.0,30.0,1.067,1.161,1.1139999999999999,1.1571383476483184,1.1723742201440155,5.47,1.025625
0.3333333333333333,3.0,8.0,24.0,0.0,1.0,20.0,50.0,1.791,1.938,1.8645,1.9285639127471974,2.0889868224997774,5.47,1.709375
0.3333333333333333,3.0,8.0,24.0,0.0,1.0,20.0,60.0,2.135,2.321,2.2279999999999998,2.3142766952966367,2.5965008373641925,5.47,2.05125
0.3333333333333333,3.0,8.0,24.0,10.0,1.0,16.0,30.0,1.241,1.348,1.2945000000000002,1.341609678432833,1.3806147947175755,5.47,1.1891304347826086
0.3333333333333333,3.0,8.0,24.0,10.0,1.0,16.0,50.0,2.047,2.251,2.149,2.236016130721388,2.4906105302498247,5.47,1.9818840579710144
0.3333333333333333,3.0,8.0,24.0,10.0,1.0,16.0,60.0,2.494,2.696,2.595,2.683219356865666,3.1171465011308905,5.47,2.378260869565217
0.3333333333333333,3.0,8.0,24.0,10.0,1.0,18.0,30.0,1.102,1.211,1.1565,1.202221659894357,1.2226698924841806,5.47,1.0655844155844156
0.3333333333333333,3.0,8.0,24.0,10.0,1.0,18.0,50.0,1.831,2.019,1.925,2.0037027664905946,2.1850839064278644,5.47,1.775974025974026
0.3333333333333333,3.0,8.0,24.0,10.0,1.0,18.0,60.0,2.206,2.423,2.3145,2.404443319788714,2.720423318495024,5.47,2.1311688311688313
0.3333333333333333,3.0,8.0,24.0,10.0,1.0,20.0,30.0,1.004,1.097,1.0505,1.0890713860219468,1.0971534909985363,5.47,0.9652941176470587
0.3333333333333333,3.0,8.0,24.0,10.0,1.0,20.0,50.0,1.662,1.83,1.746,1.8151189767032445,1.9463254793863183,5.47,1.6088235294117648
0.3333333333333333,3.0,8.0,24.0,10.0,1.0,20.0,60.0,2.002,2.194,2.098,2.1781427720438935,2.4132818778160843,5.47,1.9305882352941175
0.3076923076923077,3.25,8.0,26.0,0.0,1.0,16.0,30.0,1.347,1.436,1.3915,1.437924054978829,1.487658684184294,5.446035502958579,1.276414571005917
0.3076923076923077,3.25,8.0,26.0,0.0,1.0,16.0,50.0,2.241,2.397,2.319,2.3965400916313815,2.682532998568358,5.446035502958579,2.127357618343195
0.3076923076923077,3.25,8.0,26.0,0.0,1.0,16.0,60.0,2.688,2.872,2.7800000000000002,2.875848109957658,3.3565134964949217,5.446035502958579,2.552829142011834
0.3076923076923077,3.25,8.0,26.0,0.0,1.0,18.0,30.0,1.195,1.276,1.2355,1.278154715536737,1.3058845966314285,5.446035502958579,1.1345907297830373
0.3076923076923077,3.25,8.0,26.0,0.0,1.0,18.0,50.0,1.997,2.135,2.066,2.1302578592278945,2.3314243524436695,5.446035502958579,1.8909845496383955
0.3076923076923077,3.25,8.0,26.0,0.0,1.0,18.0,60.0,2.391,2.551,2.471,2.556309431073474,2.900973933428987,5.446035502958579,2.2691814595660746
0.3076923076923077,3.25,8.0,26.0,0.0,1.0,20.0,30.0,1.078,1.153,1.1155,1.1503392439830633,1.1636949948572801,5.446035502958579,1.0211316568047335
0.3076923076923077,3.25,8.0,26.0,0.0,1.0,20.0,50.0,1.795,1.925,1.8599999999999999,1.9172320733051051,2.0615891695832858,5.446035502958579,1.7018860946745558
0.3076923076923077,3.25,8.0,26.0,0.0,1.0,20.0,60.0,2.156,2.306,2.231,2.3006784879661266,2.5543081401012984,5.446035502958579,2.042263313609467
0.3076923076923077,3.25,8.0,26.0,10.0,1.0,16.0,30.0,1.247,1.333,1.29,1.3337266596905082,1.368594287843079,5.446035502958579,1.1839207615127345
0.3076923076923077,3.25,8.0,26.0,10.0,1.0,16.0,50.0,2.081,2.229,2.1550000000000002,2.2228777661508468,2.4517633145039324,5.446035502958579,1.9732012691878908
0.3076923076923077,3.25,8.0,26.0,10.0,1.0,16.0,60.0,2.494,2.666,2.58,2.6674533193810164,3.0565340307970734,5.446035502958579,2.367841523025469
0.3076923076923077,3.25,8.0,26.0,10.0,1.0,18.0,30.0,1.116,1.198,1.157,1.1951576560862995,1.2132330008460603,5.446035502958579,1.0609160070698531
0.3076923076923077,3.25,8.0,26.0,10.0,1.0,18.0,50.0,1.863,1.996,1.9295,1.991929426810499,2.1551256693522878,5.446035502958579,1.7681933451164216
0.3076923076923077,3.25,8.0,26.0,10.0,1.0,18.0,60.0,2.232,2.397,2.3145,2.390315312172599,2.6741429672787502,5.446035502958579,2.1218320141397062
0.3076923076923077,3.25,8.0,26.0,10.0,1.0,20.0,30.0,1.015,1.086,1.0505,1.0826722296311184,1.0895486602060938,5.446035502958579,0.9610650887573963
0.3076923076923077,3.25,8.0,26.0,10.0,1.0,20.0,50.0,1.69,1.809,1.7494999999999998,1.8044537160518637,1.9225208154947782,5.446035502958579,1.6017751479289937
0.3076923076923077,3.25,8.0,26.0,10.0,1.0,20.0,60.0,2.029,2.171,2.0999999999999996,2.165344459262237,2.376791805153094,5.446035502958579,1.9221301775147925
0.2857142857142857,3.5,8.0,28.0,0.0,1.0,16.0,30.0,1.309,1.433,1.371,1.4306393010517697,1.4756877916603433,5.425306122448979,1.2715561224489795
0.2857142857142857,3.5,8.0,28.0,0.0,1.0,16.0,50.0,2.182,2.375,2.2785,2.384398835086283,2.643859611573387,5.425306122448979,2.119260204081632
0.2857142857142857,3.5,8.0,28.0,0.0,1.0,16.0,60.0,2.617,2.865,2.741,2.8612786021035395,3.2961841514885255,5.425306122448979,2.543112244897959
0.2857142857142857,3.5,8.0,28.0,0.0,1.0,18.0,30.0,1.167,1.271,1.2189999999999999,1.271679378712684,1.2966513009182958,5.425306122448979,1.1302721088435375
0.2857142857142857,3.5,8.0,28.0,0.0,1.0,18.0,50.0,1.951,2.12,2.0355,2.119465631187807,2.30215689523307,5.425306122448979,1.883786848072562
0.2857142857142857,3.5,8.0,28.0,0.0,1.0,18.0,60.0,2.333,2.542,2.4375,2.543358757425368,2.855798724757048,5.425306122448979,2.260544217687075
0.2857142857142857,3.5,8.0,28.0,0.0,1.0,20.0,30.0,1.047,1.14,1.0935,1.1445114408414159,1.1563572947800158,5.425306122448979,1.0172448979591837
0.2857142857142857,3.5,8.0,28.0,0.0,1.0,20.0,50.0,1.745,1.91,1.8275000000000001,1.9075190680690262,2.038671099881264,5.425306122448979,1.6954081632653057
0.2857142857142857,3.5,8.0,28.0,0.0,1.0,20.0,60.0,2.094,2.28,2.187,2.2890228816828317,2.5192193800575575,5.425306122448979,2.0344897959183674
0.2857142857142857,3.5,8.0,28.0,10.0,1.0,16.0,30.0,1.223,1.328,1.2755,1.326969786482801,1.3584563608310067,5.425306122448979,1.1794143744454302
0.2857142857142857,3.5,8.0,28.0,10.0,1.0,16.0,50.0,2.036,2.214,2.125,2.211616310804668,2.419417498974362,5.425306122448979,1.9656906240757168
0.2857142857142857,3.5,8.0,28.0,10.0,1.0,16.0,60.0,2.446,2.656,2.551,2.653939572965602,3.006425867908813,5.425306122448979,2.3588287488908604
0.2857142857142857,3.5,8.0,28.0,10.0,1.0,18.0,30.0,1.091,1.184,1.1375,1.189102795679393,1.2052594183048997,5.425306122448979,1.0568778160614896
0.2857142857142857,3.5,8.0,28.0,10.0,1.0,18.0,50.0,1.813,1.984,1.8984999999999999,1.9818379927989882,2.1300934131757665,5.425306122448979,1.761463026769149
0.2857142857142857,3.5,8.0,28.0,10.0,1.0,18.0,60.0,2.182,2.368,2.275,2.378205591358786,2.6357093828189075,5.425306122448979,2.113755632122979
0.2857142857142857,3.5,8.0,28.0,10.0,1.0,20.0,30.0,0.993,1.078,1.0355,1.0771872384389796,1.0831136475616692,5.425306122448979,0.957406962785114
0.2857142857142857,3.5,8.0,28.0,10.0,1.0,20.0,50.0,1.654,1.796,1.725,1.7953120640649658,1.9025754642886843,5.425306122448979,1.5956782713085231
0.2857142857142857,3.5,8.0,28.0,10.0,1.0,20.0,60.0,1.986,2.155,2.0705,2.154374476877959,2.346381656598099,5.425306122448979,1.914813925570228
0.26666666666666666,3.75,8.0,30.0,0.0,1.0,16.0,30.0,1.327,1.422,1.3744999999999998,1.4243258476483185,1.4654677751800194,5.4072,1.2673124999999998
0.26666666666666666,3.75,8.0,30.0,0.0,1.0,16.0,50.0,2.212,2.366,2.289,2.3738764127471974,2.6112335281247216,5.4072,2.1121874999999997
0.26666666666666666,3.75,8.0,30.0,0.0,1.0,16.0,60.0,2.653,2.844,2.7485,2.848651695296637,3.2456260467052402,5.4072,2.5346249999999997
0.26666666666666666,3.75,8.0,30.0,0.0,1.0,18.0,30.0,1.183,1.26,1.2215,1.2660674201318387,1.288754083527096,5.4072,1.1264999999999998
0.26666666666666666,3.75,8.0,30.0,0.0,1.0,18.0,50.0,1.966,2.107,2.0365,2.1101123668863977,2.2773797531029736,5.4072,1.8774999999999997
0.26666666666666666,3.75,8.0,30.0,0.0,1.0,18.0,60.0,2.365,2.519,2.442,2.5321348402636774,2.8177698088066445,5.4072,2.2529999999999997
0.26666666666666666,3.75,8.0,30.0,0.0,1.0,20.0,30.0,1.053,1.138,1.0955,1.1394606781186547,1.1500723992354898,5.4072,1.01385
0.26666666666666666,3.75,8.0,30.0,0.0,1.0,20.0,50.0,1.77,1.893,1.8315000000000001,1.8991011301977578,2.019217006307922,5.4072,1.6897499999999996
0.26666666666666666,3.75,8.0,30.0,0.0,1.0,20.0,60.0,2.105,2.276,2.1905,2.2789213562373094,2.4895797438339278,5.4072,2.0277
0.26666666666666666,3.75,8.0,30.0,10.0,1.0,16.0,30.0,1.234,1.319,1.2765,1.3211138297027882,1.349790872981941,5.4072,1.175478260869565
0.26666666666666666,3.75,8.0,30.0,10.0,1.0,16.0,50.0,2.057,2.195,2.126,2.2018563828379802,2.3920670160595963,5.4072,1.9591304347826084
0.26666666666666666,3.75,8.0,30.0,10.0,1.0,16.0,60.0,2.467,2.637,2.552,2.6422276594055765,2.9643091200790836,5.4072,2.35095652173913
0.26666666666666666,3.75,8.0,30.0,10.0,1.0,18.0,30.0,1.108,1.182,1.145,1.1838552499934076,1.1984332776550108,5.4072,1.0533506493506493
0.26666666666666666,3.75,8.0,30.0,10.0,1.0,18.0,50.0,1.841,1.972,1.9064999999999999,1.973092083322346,2.108864480475827,5.4072,1.7555844155844154
0.26666666666666666,3.75,8.0,30.0,10.0,1.0,18.0,60.0,2.204,2.365,2.2845000000000004,2.3677104999868153,2.6032829086927074,5.4072,2.1067012987012985
0.26666666666666666,3.75,8.0,30.0,10.0,1.0,20.0,30.0,1.005,1.068,1.0365,1.0724335794057926,1.077597808749006,5.4072,0.9542117647058822
0.26666666666666666,3.75,8.0,30.0,10.0,1.0,20.0,50.0,1.667,1.783,1.725,1.7873892990096545,1.8856212683268192,5.4072,1.5903529411764703
0.26666666666666666,3.75,8.0,30.0,10.0,1.0,20.0,60.0,2.011,2.136,2.0735,2.1448671588115853,2.320648746417697,5.4072,1.9084235294117644
2.5,0.4,10.0,4.0,0.0,1.0,16.0,30.0,1.425,1.567,1.496,1.7316626073623884,3.170542783096512,6.64,1.2449999999999999
2.5,0.4,10.0,4.0,0.0,1.0,16.0,50.0,2.394,2.614,2.504,2.8861043456039805,-16.987851001688757,6.64,2.075
2.5,0.4,10.0,4.0,0.0,1.0,16.0,60.0,2.85,3.137,2.9935,3.463325214724777,-6.560265760295864,6.64,2.4899999999999998
2.5,0.4,10.0,4.0,0.0,1.0,18.0,30.0,1.277,1.393,1.335,1.5392556509887896,2.3128741814390046,6.64,1.1066666666666667
2.5,0.4,10.0,4.0,0.0,1.0,18.0,50.0,2.124,2.324,2.224,2.565426084981316,88.41857231264497,6.64,1.8444444444444446
2.5,0.4,10.0,4.0,0.0,1.0,18.0,60.0,2.555,2.786,2.6705,3.078511301977579,-10.643583789661884,6.64,2.2133333333333334
2.5,0.4,10.0,4.0,0.0,1.0,20.0,30.0,1.148,1.254,1.201,1.3853300858899107,1.8204274413020851,6.64,0.996
2.5,0.4,10.0,4.0,0.0,1.0,20.0,50.0,1.923,2.094,2.0084999999999997,2.3088834764831843,12.27215521823332,6.64,1.66
2.5,0.4,10.0,4.0,0.0,1.0,20.0,60.0,2.297,2.509,2.403,2.7706601717798214,-28.18983114994794,6.64,1.992
2.5,0.4,10.0,4.0,10.0,1.0,16.0,30.0,1.348,1.474,1.411,1.6298001010469538,2.6746339341322916,6.64,1.1717647058823528
2.5,0.4,10.0,4.0,10.0,1.0,16.0,50.0,2.252,2.462,2.357,2.716333501744923,-42.05589708916656,6.64,1.9529411764705882
2.5,0.4,10.0,4.0,10.0,1.0,16.0,60.0,2.695,2.948,2.8215,3.2596002020939077,-8.117338866443463,6.64,2.3435294117647056
2.5,0.4,10.0,4.0,10.0,1.0,18.0,30.0,1.212,1.32,1.266,1.4582421956735903,2.0373154501985895,6.64,1.048421052631579
2.5,0.4,10.0,4.0,10.0,1.0,18.0,50.0,1.992,2.201,2.0965,2.4304036594559837,21.552857352482796,6.64,1.7473684210526317
2.5,0.4,10.0,4.0,10.0,1.0,18.0,60.0,2.425,2.64,2.5324999999999998,2.9164843913471805,-15.452714129184239,6.64,2.096842105263158
2.5,0.4,10.0,4.0,10.0,1.0,20.0,30.0,1.086,1.199,1.1425,1.3193619865618196,1.6452751579127838,6.64,0.9485714285714285
2.5,0.4,10.0,4.0,10.0,1.0,20.0,50.0,1.811,1.992,1.9015,2.1989366442696996,8.578315810081053,6.64,1.5809523809523809
2.5,0.4,10.0,4.0,10.0,1.0,20.0,60.0,2.172,2.398,2.285,2.638723973123639,-160.41017305526583,6.64,1.897142857142857
1.6666666666666667,0.6,10.0,6.0,0.0,1.0,16.0,30.0,1.298,1.469,1.3835000000000002,1.5106917382415923,1.9151226193344644,6.39,1.1981249999999999
1.6666666666666667,0.6,10.0,6.0,0.0,1.0,16.0,50.0,2.163,2.446,2.3045,2.517819563735987,6.761747143806918,6.39,1.996875
1.6666666666666667,0.6,10.0,6.0,0.0,1.0,16.0,60.0,2.596,2.938,2.7670000000000003,3.0213834764831846,18.408232827349977,6.39,2.3962499999999998
1.6666666666666667,0.6,10.0,6.0,0.0,1.0,18.0,30.0,1.155,1.304,1.2295,1.342837100659193,1.5646542320543781,6.39,1.065
1.6666666666666667,0.6,10.0,6.0,0.0,1.0,18.0,50.0,1.879,2.171,2.025,2.2380618344319885,4.585763199023104,6.39,1.775
1.6666666666666667,0.6,10.0,6.0,0.0,1.0,18.0,60.0,2.309,2.608,2.4585,2.685674201318386,8.865008373641924,6.39,2.13
1.6666666666666667,0.6,10.0,6.0,0.0,1.0,20.0,30.0,1.026,1.181,1.1035,1.2085533905932737,1.3226150273797133,6.39,0.9584999999999999
1.6666666666666667,0.6,10.0,6.0,0.0,1.0,20.0,50.0,1.684,1.956,1.8199999999999998,2.0142556509887894,3.4693112721585067,6.39,1.5975
1.6666666666666667,0.6,10.0,6.0,0.0,1.0,20.0,60.0,2.053,2.361,2.207,2.4171067811865474,5.838305191657993,6.39,1.9169999999999998
1.6666666666666667,0.6,10.0,6.0,10.0,1.0,16.0,30.0,1.206,1.38,1.293,1.421827518345028,1.7222395798447683,6.39,1.1276470588235294
1.6666666666666667,0.6,10.0,6.0,10.0,1.0,16.0,50.0,2.016,2.3,2.158,2.369712530575047,5.465123234324568,6.39,1.8794117647058823
1.6666666666666667,0.6,10.0,6.0,10.0,1.0,16.0,60.0,2.423,2.76,2.5915,2.843655036690056,11.966977958782008,6.39,2.255294117647059
1.6666666666666667,0.6,10.0,6.0,10.0,1.0,18.0,30.0,1.081,1.235,1.158,1.2721614637823935,1.4334895806524104,6.39,1.0089473684210526
1.6666666666666667,0.6,10.0,6.0,10.0,1.0,18.0,50.0,1.838,2.058,1.948,2.120269106303989,3.9501658277000957,6.39,1.681578947368421
1.6666666666666667,0.6,10.0,6.0,10.0,1.0,18.0,60.0,2.162,2.471,2.3165,2.544322927564787,7.040130672867072,6.39,2.017894736842105
1.6666666666666667,0.6,10.0,6.0,10.0,1.0,20.0,30.0,0.965,1.118,1.0415,1.1510032291364511,1.2276605104421985,6.39,0.9128571428571428
1.6666666666666667,0.6,10.0,6.0,10.0,1.0,20.0,50.0,1.622,1.865,1.7435,1.9183387152274187,3.0928214378714567,6.39,1.5214285714285714
1.6666666666666667,0.6,10.0,6.0,10.0,1.0,20.0,60.0,1.929,2.236,2.0825,2.3020064582729023,4.986975262786716,6.39,1.8257142857142856
1.25,0.8,10.0,8.0,0.0,1.0,16.0,30.0,1.266,1.405,1.3355000000000001,1.4002063036811943,1.5986240030155776,6.17125,1.1571093749999999
1.25,0.8,10.0,8.0,0.0,1.0,16.0,50.0,2.109,2.332,2.2205,2.3336771728019903,3.979799245524709,6.17125,1.928515625
1.25,0.8,10.0,8.0,0.0,1.0,16.0,60.0,2.516,2.81,2.6630000000000003,2.8004126073623885,6.341085566193024,6.17125,2.3142187499999998
1.25,0.8,10.0,8.0,0.0,1.0,18.0,30.0,1.116,1.241,1.1785,1.2446278254943948,1.3468067416550054,6.17125,1.0285416666666667
1.25,0.8,10.0,8.0,0.0,1.0,18.0,50.0,1.861,2.073,1.967,2.074379709157325,3.1109579696907272,6.17125,1.714236111111111
1.25,0.8,10.0,8.0,0.0,1.0,18.0,60.0,2.232,2.483,2.3575,2.4892556509887895,4.625748362878009,6.17125,2.0570833333333334
1.25,0.8,10.0,8.0,0.0,1.0,20.0,30.0,1.016,1.117,1.0665,1.1201650429449552,1.163526573948705,6.17125,0.9256875
1.25,0.8,10.0,8.0,0.0,1.0,20.0,50.0,1.674,1.865,1.7694999999999999,1.8669417382415923,2.553496825779286,6.17125,1.5428125
1.25,0.8,10.0,8.0,0.0,1.0,20.0,60.0,2.036,2.235,2.1355,2.2403300858899104,3.6408548826041702,6.17125,1.851375
1.25,0.8,10.0,8.0,10.0,1.0,16.0,30.0,1.183,1.317,1.25,1.3178412269940651,1.4619509139901283,6.17125,1.0890441176470587
1.25,0.8,10.0,8.0,10.0,1.0,16.0,50.0,1.985,2.19,2.0875,2.1964020449901085,3.492148385525584,6.17125,1.8150735294117648
1.25,0.8,10.0,8.0,10.0,1.0,16.0,60.0,2.305,2.635,2.4699999999999998,2.6356824539881303,5.349267868264583,6.17125,2.1780882352941173
1.25,0.8,10.0,8.0,10.0,1.0,18.0,30.0,1.063,1.178,1.1204999999999998,1.1791210978367952,1.2484759885457746,6.17125,0.9744078947368421
1.25,0.8,10.0,8.0,10.0,1.0,18.0,50.0,1.778,1.963,1.8705,1.965201829727992,2.804796432338339,6.17125,1.6240131578947368
1.25,0.8,10.0,8.0,10.0,1.0,18.0,60.0,2.126,2.355,2.2405,2.3582421956735904,4.074630900397179,6.17125,1.9488157894736842
1.25,0.8,10.0,8.0,10.0,1.0,20.0,30.0,0.965,1.065,1.015,1.066823850423767,1.0894010164993635,6.17125,0.8816071428571428
1.25,0.8,10.0,8.0,10.0,1.0,20.0,50.0,1.609,1.773,1.6909999999999998,1.7780397507062784,2.3435254310649882,6.17125,1.469345238095238
1.25,0.8,10.0,8.0,10.0,1.0,20.0,60.0,1.931,2.13,2.0305,2.133647700847534,3.2905503158255676,6.17125,1.7632142857142856
1.0,1.0,10.0,10.0,0.0,1.0,16.0,30.0,1.217,1.347,1.282,1.3339150429449553,1.4544082174358814,6.01,1.1268749999999998
1.0,1.0,10.0,10.0,0.0,1.0,16.0,50.0,2.043,2.254,2.1485000000000003,2.223191738241592,3.1918710322241073,6.01,1.878125
1.0,1.0,10.0,10.0,0.0,1.0,16.0,60.0,2.434,2.694,2.564,2.6678300858899107,4.551068603255213,6.01,2.2537499999999997
1.0,1.0,10.0,10.0,0.0,1.0,18.0,30.0,1.1,1.202,1.151,1.1857022603955159,1.242971097221372,6.01,1.0016666666666665
1.0,1.0,10.0,10.0,0.0,1.0,18.0,50.0,1.816,2.004,1.9100000000000001,1.9761704339925263,2.607757053423964,6.01,1.6694444444444445
1.0,1.0,10.0,10.0,0.0,1.0,18.0,60.0,2.199,2.404,2.3015,2.3714045207910317,3.5944310436466633,6.01,2.003333333333333
1.0,1.0,10.0,10.0,0.0,1.0,20.0,30.0,0.989,1.082,1.0355,1.0671320343559643,1.0852072140045543,6.01,0.9015
1.0,1.0,10.0,10.0,0.0,1.0,20.0,50.0,1.648,1.801,1.7245,1.7785533905932738,2.2043583789661887,6.01,1.5025
1.0,1.0,10.0,10.0,0.0,1.0,20.0,60.0,1.978,2.164,2.071,2.1342640687119285,2.9701116554846316,6.01,1.803
1.0,1.0,10.0,10.0,10.0,1.0,16.0,30.0,1.172,1.266,1.2189999999999999,1.2554494521834874,1.3404027887444272,6.01,1.0605882352941176
1.0,1.0,10.0,10.0,10.0,1.0,16.0,50.0,1.94,2.107,2.0235000000000003,2.0924157536391457,2.8703992997412806,6.01,1.7676470588235293
1.0,1.0,10.0,10.0,10.0,1.0,16.0,60.0,2.344,2.531,2.4375,2.5108989043669747,4.016574299534374,6.01,2.121176470588235
1.0,1.0,10.0,10.0,10.0,1.0,18.0,30.0,1.043,1.137,1.0899999999999999,1.1232968782694361,1.1587438943141102,6.01,0.9489473684210525
1.0,1.0,10.0,10.0,10.0,1.0,18.0,50.0,1.736,1.898,1.817,1.8721614637823933,2.389149301087351,6.01,1.581578947368421
1.0,1.0,10.0,10.0,10.0,1.0,18.0,60.0,2.086,2.274,2.1799999999999997,2.2465937565388723,3.2525834705846335,6.01,1.897894736842105
1.0,1.0,10.0,10.0,10.0,1.0,20.0,30.0,0.934,1.03,0.982,1.0163162231961564,1.0204471767133327,6.01,0.8585714285714285
1.0,1.0,10.0,10.0,10.0,1.0,20.0,50.0,1.571,1.714,1.6425,1.693860371993594,2.0461008507369978,6.01,1.430952380952381
1.0,1.0,10.0,10.0,10.0,1.0,20.0,60.0,1.868,2.061,1.9645000000000001,2.032632446392313,2.7327821761489406,6.01,1.717142857142857
0.8333333333333334,1.2,10.0,12.0,0.0,1.0,16.0,30.0,1.143,1.312,1.2275,1.2897208691207962,1.3718999170080075,5.89,1.1043749999999999
0.8333333333333334,1.2,10.0,12.0,0.0,1.0,16.0,50.0,1.933,2.188,2.0605,2.1495347818679935,2.8197041148813686,5.89,1.840625
0.8333333333333334,1.2,10.0,12.0,0.0,1.0,16.0,60.0,2.286,2.624,2.455,2.5794417382415924,3.8302452386689287,5.89,2.2087499999999998
0.8333333333333334,1.2,10.0,12.0,0.0,1.0,18.0,30.0,1.044,1.166,1.105,1.1464185503295965,1.1822074792662915,5.89,0.9816666666666666
0.8333333333333334,1.2,10.0,12.0,0.0,1.0,18.0,50.0,1.721,1.943,1.832,1.910697583882661,2.353923850503647,5.89,1.636111111111111
0.8333333333333334,1.2,10.0,12.0,0.0,1.0,18.0,60.0,2.088,2.331,2.2095000000000002,2.292837100659193,3.1293084641087563,5.89,1.9633333333333332
0.8333333333333334,1.2,10.0,12.0,0.0,1.0,20.0,30.0,0.918,1.051,0.9844999999999999,1.031776695296637,1.038600334945677,5.89,0.8835
0.8333333333333334,1.2,10.0,12.0,0.0,1.0,20.0,50.0,1.564,1.748,1.6560000000000001,1.7196278254943949,2.0202101124825083,5.89,1.4725
0.8333333333333334,1.2,10.0,12.0,0.0,1.0,20.0,60.0,1.857,2.101,1.979,2.063553390593274,2.6452300547594265,5.89,1.767
0.8333333333333334,1.2,10.0,12.0,10.0,1.0,16.0,30.0,1.087,1.234,1.1604999999999999,1.2138549356431023,1.2700095109998184,5.89,1.0394117647058823
0.8333333333333334,1.2,10.0,12.0,10.0,1.0,16.0,50.0,1.798,2.059,1.9285,2.02309155940517,2.5658469498738237,5.89,1.7323529411764707
0.8333333333333334,1.2,10.0,12.0,10.0,1.0,16.0,60.0,2.175,2.468,2.3215,2.4277098712862046,3.4444791596895366,5.89,2.0788235294117645
0.8333333333333334,1.2,10.0,12.0,10.0,1.0,18.0,30.0,0.987,1.105,1.046,1.0860807318911967,1.1057607741505016,5.89,0.9299999999999999
0.8333333333333334,1.2,10.0,12.0,10.0,1.0,18.0,50.0,1.613,1.84,1.7265000000000001,1.8101345531519946,2.174337049135449,5.89,1.55
0.8333333333333334,1.2,10.0,12.0,10.0,1.0,18.0,60.0,1.974,2.21,2.092,2.1721614637823934,2.8669791613048208,5.89,1.8599999999999999
0.8333333333333334,1.2,10.0,12.0,10.0,1.0,20.0,30.0,0.874,0.999,0.9365,0.9826444717110827,0.9791309913452738,5.89,0.8414285714285714
0.8333333333333334,1.2,10.0,12.0,10.0,1.0,20.0,50.0,1.462,1.667,1.5645,1.6377407861851379,1.8864872814949392,5.89,1.4023809523809523
0.8333333333333334,1.2,10.0,12.0,10.0,1.0,20.0,60.0,1.748,1.997,1.8725,1.9652889434221654,2.455321020884397,5.89,1.6828571428571428
0.7142857142857143,1.4,10.0,14.0,0.0,1.0,16.0,30.0,1.148,1.283,1.2155,1.2581536021035395,1.3184736605954104,5.798163265306122,1.087155612244898
0.7142857142857143,1.4,10.0,14.0,0.0,1.0,16.0,50.0,1.914,2.14,2.027,2.096922670172566,2.602921032613406,5.798163265306122,1.811926020408163
0.7142857142857143,1.4,10.0,14.0,0.0,1.0,16.0,60.0,2.296,2.566,2.431,2.516307204207079,3.4409607041105335,5.798163265306122,2.174311224489796
0.7142857142857143,1.4,10.0,14.0,0.0,1.0,18.0,30.0,1.027,1.138,1.0825,1.1183587574253684,1.1423194899028195,5.798163265306122,0.966360544217687
0.7142857142857143,1.4,10.0,14.0,0.0,1.0,18.0,50.0,1.732,1.895,1.8135,1.8639312623756141,2.200901828410762,5.798163265306122,1.6106009070294782
0.7142857142857143,1.4,10.0,14.0,0.0,1.0,18.0,60.0,2.053,2.277,2.165,2.2367175148507368,2.8645411910317966,5.798163265306122,1.932721088435374
0.7142857142857143,1.4,10.0,14.0,0.0,1.0,20.0,30.0,0.917,1.026,0.9715,1.0065228816828315,1.0076877520230232,5.798163265306122,0.8697244897959183
0.7142857142857143,1.4,10.0,14.0,0.0,1.0,20.0,50.0,1.539,1.714,1.6265,1.6775381361380528,1.906451778873886,5.798163265306122,1.4495408163265304
0.7142857142857143,1.4,10.0,14.0,0.0,1.0,20.0,60.0,1.834,2.052,1.943,2.013045763365663,2.4535326856721107,5.798163265306122,1.7394489795918366
0.7142857142857143,1.4,10.0,14.0,10.0,1.0,16.0,30.0,1.088,1.207,1.1475,1.1841445666856842,1.2240916381912985,5.798163265306122,1.023205282112845
0.7142857142857143,1.4,10.0,14.0,10.0,1.0,16.0,50.0,1.793,2.016,1.9045,1.9735742778094738,2.385089469625576,5.798163265306122,1.7053421368547417
0.7142857142857143,1.4,10.0,14.0,10.0,1.0,16.0,60.0,2.175,2.413,2.2939999999999996,2.3682891333713685,3.1264041586411757,5.798163265306122,2.04641056422569
0.7142857142857143,1.4,10.0,14.0,10.0,1.0,18.0,30.0,0.967,1.08,1.0235,1.0594977701924544,1.0707883549649568,5.798163265306122,0.9154994629430719
0.7142857142857143,1.4,10.0,14.0,10.0,1.0,18.0,50.0,1.611,1.801,1.706,1.765829616987424,2.0431224613623584,5.798163265306122,1.5258324382384532
0.7142857142857143,1.4,10.0,14.0,10.0,1.0,18.0,60.0,1.934,2.161,2.0475,2.118995540384909,2.643154497134091,5.798163265306122,1.8309989258861439
0.7142857142857143,1.4,10.0,14.0,10.0,1.0,20.0,30.0,0.868,0.975,0.9215,0.9585932206503158,0.9516102108436548,5.798163265306122,0.8283090379008746
0.7142857142857143,1.4,10.0,14.0,10.0,1.0,20.0,50.0,1.448,1.632,1.54,1.5976553677505265,1.7869193055816008,5.798163265306122,1.3805150631681242
0.7142857142857143,1.4,10.0,14.0,10.0,1.0,20.0,60.0,1.737,1.95,1.8435000000000001,1.9171864413006316,2.2892968754083283,5.798163265306122,1.6566180758017492
0.625,1.6,10.0,16.0,0.0,1.0,16.0,30.0,1.139,1.257,1.198,1.234478151840597,1.281057250532797,5.7259375,1.0736132812499999
0.625,1.6,10.0,16.0,0.0,1.0,16.0,50.0,1.908,2.094,2.001,2.057463586400995,2.461016076749481,5.7259375,1.78935546875
0.625,1.6,10.0,16.0,0.0,1.0,16.0,60.0,2.282,2.515,2.3985000000000003,2.468956303681194,3.197248006031155,5.7259375,2.1472265624999998
0.625,1.6,10.0,16.0,0.0,1.0,18.0,30.0,1.009,1.118,1.0635,1.0973139127471974,1.1141263053332144,5.7259375,0.9543229166666666
0.625,1.6,10.0,16.0,0.0,1.0,18.0,50.0,1.679,1.86,1.7695,1.8288565212453292,2.0985844865814762,5.7259375,1.5905381944444446
0.625,1.6,10.0,16.0,0.0,1.0,18.0,60.0,2.027,2.235,2.1310000000000002,2.1946278254943947,2.6936134833100107,5.7259375,1.9086458333333332
0.625,1.6,10.0,16.0,0.0,1.0,20.0,30.0,0.907,1.006,0.9565,0.9875825214724776,0.9856845419478962,5.7259375,0.8588906249999999
0.625,1.6,10.0,16.0,0.0,1.0,20.0,50.0,1.529,1.675,1.6019999999999999,1.6459708691207962,1.82919988934401,5.7259375,1.431484375
0.625,1.6,10.0,16.0,0.0,1.0,20.0,60.0,1.814,2.012,1.913,1.9751650429449552,2.32705314789741,5.7259375,1.7177812499999998
0.625,1.6,10.0,16.0,10.0,1.0,16.0,30.0,1.068,1.183,1.1255000000000002,1.1618617899676207,1.1917746996558567,5.7259375,1.0104595588235294
0.625,1.6,10.0,16.0,10.0,1.0,16.0,50.0,1.792,1.97,1.881,1.9364363166127014,2.2653958776253416,5.7259375,1.6840992647058823
0.625,1.6,10.0,16.0,10.0,1.0,16.0,60.0,2.137,2.366,2.2515,2.3237235799352414,2.9239018279802567,5.7259375,2.020919117647059
0.625,1.6,10.0,16.0,10.0,1.0,18.0,30.0,0.954,1.058,1.006,1.0395605489183974,1.0459771444331945,5.7259375,0.9040953947368421
0.625,1.6,10.0,16.0,10.0,1.0,18.0,50.0,1.612,1.764,1.6880000000000002,1.732600914863996,1.9546544021930377,5.7259375,1.5068256578947368
0.625,1.6,10.0,16.0,10.0,1.0,18.0,60.0,1.908,2.117,2.0125,2.079121097836795,2.496951977091549,5.7259375,1.8081907894736842
0.625,1.6,10.0,16.0,10.0,1.0,20.0,30.0,0.862,0.958,0.9099999999999999,0.9405547823547405,0.9319639313742921,5.7259375,0.8179910714285714
0.625,1.6,10.0,16.0,10.0,1.0,20.0,50.0,1.437,1.596,1.5165000000000002,1.5675913039245677,1.7188780790956717,5.7259375,1.3633184523809523
0.625,1.6,10.0,16.0,10.0,1.0,20.0,60.0,1.723,1.915,1.819,1.881109564709481,2.178802032998727,5.7259375,1.6359821428571428
0.5555555555555556,1.8,10.0,18.0,0.0,1.0,16.0,30.0,1.11,1.237,1.1735000000000002,1.2160639127471975,1.2533920934998664,5.667777777777777,1.0627083333333334
0.5555555555555556,1.8,10.0,18.0,0.0,1.0,16.0,50.0,1.873,2.06,1.9665,2.0267731879119957,2.3609075474041608,5.667777777777777,1.7711805555555553
0.5555555555555556,1.8,10.0,18.0,0.0,1.0,16.0,60.0,2.22,2.474,2.3470000000000004,2.432127825494395,3.0303151687237624,5.667777777777777,2.1254166666666667
0.5555555555555556,1.8,10.0,18.0,0.0,1.0,18.0,30.0,0.996,1.099,1.0474999999999999,1.0809457002197311,1.0931422814894274,5.667777777777777,0.9446296296296296
0.5555555555555556,1.8,10.0,18.0,0.0,1.0,18.0,50.0,1.637,1.832,1.7345000000000002,1.8015761670328851,2.025351863195866,5.667777777777777,1.5743827160493826
0.5555555555555556,1.8,10.0,18.0,0.0,1.0,18.0,60.0,1.991,2.198,2.0945,2.1618914004394623,2.5741469495562574,5.667777777777777,1.8892592592592592
0.5555555555555556,1.8,10.0,18.0,0.0,1.0,20.0,30.0,0.901,0.992,0.9465,0.9728511301977579,0.9692241630278025,5.667777777777777,0.8501666666666666
0.5555555555555556,1.8,10.0,18.0,0.0,1.0,20.0,50.0,1.494,1.65,1.572,1.6214185503295966,1.7733112188994373,5.667777777777777,1.4169444444444443
0.5555555555555556,1.8,10.0,18.0,0.0,1.0,20.0,60.0,1.803,1.983,1.893,1.9457022603955159,2.2373479749984693,5.667777777777777,1.7003333333333333
0.5555555555555556,1.8,10.0,18.0,10.0,1.0,16.0,30.0,1.052,1.165,1.1085,1.144530741409127,1.167795287631791,5.667777777777777,1.0001960784313726
0.5555555555555556,1.8,10.0,18.0,10.0,1.0,16.0,50.0,1.759,1.943,1.851,1.9075512356818782,2.1802944387705887,5.667777777777777,1.6669934640522874
0.5555555555555556,1.8,10.0,18.0,10.0,1.0,16.0,60.0,2.105,2.329,2.217,2.289061482818254,2.7836664368991237,5.667777777777777,2.000392156862745
0.5555555555555556,1.8,10.0,18.0,10.0,1.0,18.0,30.0,0.936,1.04,0.988,1.024053821260798,1.0274603872299777,5.667777777777777,0.8949122807017543
0.5555555555555556,1.8,10.0,18.0,10.0,1.0,18.0,50.0,1.563,1.734,1.6484999999999999,1.7067563687679963,1.8909701142766415,5.667777777777777,1.4915204678362572
0.5555555555555556,1.8,10.0,18.0,10.0,1.0,18.0,60.0,1.872,2.08,1.976,2.048107642521596,2.3939596966201364,5.667777777777777,1.7898245614035087
0.5555555555555556,1.8,10.0,18.0,10.0,1.0,20.0,30.0,0.853,0.941,0.897,0.9265248859026266,0.9172354628090581,5.667777777777777,0.8096825396825397
0.5555555555555556,1.8,10.0,18.0,10.0,1.0,20.0,50.0,1.424,1.568,1.496,1.5442081431710444,1.6694364674281996,5.667777777777777,1.3494708994708993
0.5555555555555556,1.8,10.0,18.0,10.0,1.0,20.0,60.0,1.706,1.882,1.794,1.8530497718052532,2.0999689877937904,5.667777777777777,1.6193650793650793
0.5,2.0,10.0,20.0,0.0,1.0,16.0,30.0,1.128,1.217,1.1724999999999999,1.2013325214724777,1.2321056774348704,5.62,1.05375
0.5,2.0,10.0,20.0,0.0,1.0,16.0,50.0,1.871,2.028,1.9495,2.002220869120796,2.2864998616800123,5.62,1.75625
0.5,2.0,10.0,20.0,0.0,1.0,16.0,60.0,2.256,2.434,2.3449999999999998,2.4026650429449554,2.908816434871763,5.62,2.1075
0.5,2.0,10.0,20.0,0.0,1.0,18.0,30.0,1.003,1.081,1.0419999999999998,1.067851130197758,1.0769157366975584,5.62,0.9366666666666666
0.5,2.0,10.0,20.0,0.0,1.0,18.0,50.0,1.671,1.805,1.738,1.7797518836629298,1.9703457987771527,5.62,1.5611111111111111
0.5,2.0,10.0,20.0,0.0,1.0,18.0,60.0,2.006,2.162,2.0839999999999996,2.135702260395516,2.485942194442744,5.62,1.8733333333333333
0.5,2.0,10.0,20.0,0.0,1.0,20.0,30.0,0.896,0.973,0.9345,0.9610660171779821,0.9564464674459415,5.62,0.843
0.5,2.0,10.0,20.0,0.0,1.0,20.0,50.0,1.5,1.622,1.561,1.6017766952966368,1.731000558242795,5.62,1.405
0.5,2.0,10.0,20.0,0.0,1.0,20.0,60.0,1.793,1.947,1.87,1.9221320343559642,2.1704144280091087,5.62,1.686
0.5,2.0,10.0,20.0,10.0,1.0,16.0,30.0,1.067,1.146,1.1065,1.130665902562332,1.1492955285584179,5.62,0.9917647058823529
0.5,2.0,10.0,20.0,10.0,1.0,16.0,50.0,1.769,1.908,1.8384999999999998,1.8844431709372198,2.1166825183330307,5.62,1.6529411764705881
0.5,2.0,10.0,20.0,10.0,1.0,16.0,60.0,2.133,2.291,2.2119999999999997,2.261331805124664,2.6808055774888544,5.62,1.9835294117647058
0.5,2.0,10.0,20.0,10.0,1.0,18.0,30.0,0.948,1.024,0.986,1.011648439134718,1.013112420406367,5.62,0.8873684210526316
0.5,2.0,10.0,20.0,10.0,1.0,18.0,50.0,1.592,1.71,1.651,1.6860807318911968,1.8429346235841695,5.62,1.4789473684210526
0.5,2.0,10.0,20.0,10.0,1.0,18.0,60.0,1.895,2.048,1.9715,2.023296878269436,2.3174877886282204,5.62,1.7747368421052632
0.5,2.0,10.0,20.0,10.0,1.0,20.0,30.0,0.864,0.927,0.8955,0.9153009687409354,0.9057836835621303,5.62,0.8028571428571428
0.5,2.0,10.0,20.0,10.0,1.0,20.0,50.0,1.415,1.546,1.4805000000000001,1.5255016145682256,1.6318849855754562,5.62,1.338095238095238
0.5,2.0,10.0,20.0,10.0,1.0,20.0,60.0,1.729,1.854,1.7915,1.8306019374818707,2.0408943534266655,5.62,1.6057142857142856
0.45454545454545453,2.2,10.0,22.0,0.0,1.0,16.0,30.0,1.115,1.204,1.1595,1.1892795649749797,1.215219929444922,5.580082644628099,1.0462654958677686
0.45454545454545453,2.2,10.0,22.0,0.0,1.0,16.0,50.0,1.839,2.013,1.926,1.9821326082916328,2.2290216912836955,5.580082644628099,1.743775826446281
0.45454545454545453,2.2,10.0,22.0,0.0,1.0,16.0,60.0,2.23,2.407,2.3185000000000002,2.3785591299499593,2.816424947386302,5.580082644628099,2.0925309917355372
0.45454545454545453,2.2,10.0,22.0,0.0,1.0,18.0,30.0,0.996,1.073,1.0345,1.0571373910888708,1.0639934862526625,5.580082644628099,0.9300137741046831
0.45454545454545453,2.2,10.0,22.0,0.0,1.0,18.0,50.0,1.661,1.783,1.722,1.7618956518147848,1.9275148546951346,5.580082644628099,1.5500229568411388
0.45454545454545453,2.2,10.0,22.0,0.0,1.0,18.0,60.0,1.993,2.147,2.07,2.1142747821777417,2.418148173054827,5.580082644628099,1.8600275482093662
0.45454545454545453,2.2,10.0,22.0,0.0,1.0,20.0,30.0,0.891,0.967,0.929,0.9514236519799837,0.946239907533591,5.580082644628099,0.8370123966942148
0.45454545454545453,2.2,10.0,22.0,0.0,1.0,20.0,50.0,1.491,1.605,1.548,1.5857060866333064,1.6978557538727284,5.580082644628099,1.3950206611570248
0.45454545454545453,2.2,10.0,22.0,0.0,1.0,20.0,60.0,1.783,1.934,1.8584999999999998,1.9028473039599674,2.1185582460288144,5.580082644628099,1.6740247933884296
0.45454545454545453,2.2,10.0,22.0,10.0,1.0,16.0,30.0,1.055,1.132,1.0935,1.1193219435058632,1.1345897495940116,5.580082644628099,0.9847204666990763
0.45454545454545453,2.2,10.0,22.0,10.0,1.0,16.0,50.0,1.747,1.889,1.818,1.8655365725097721,2.067332921946058,5.580082644628099,1.641200777831794
0.45454545454545453,2.2,10.0,22.0,10.0,1.0,16.0,60.0,2.11,2.264,2.187,2.2386438870117265,2.602134953267893,5.580082644628099,1.9694409333981526
0.45454545454545453,2.2,10.0,22.0,10.0,1.0,18.0,30.0,0.944,1.016,0.98,1.0014985810315618,1.0016678671840968,5.580082644628099,0.8810656807307524
0.45454545454545453,2.2,10.0,22.0,10.0,1.0,18.0,50.0,1.57,1.689,1.6295000000000002,1.6691643017192699,1.805411109686294,5.580082644628099,1.468442801217921
0.45454545454545453,2.2,10.0,22.0,10.0,1.0,18.0,60.0,1.888,2.032,1.96,2.0029971620631235,2.258461217853985,5.580082644628099,1.7621313614615048
0.45454545454545453,2.2,10.0,22.0,10.0,1.0,20.0,30.0,0.853,0.917,0.885,0.9061177637904607,0.8966245878217325,5.580082644628099,0.7971546635182999
0.45454545454545453,2.2,10.0,22.0,10.0,1.0,20.0,50.0,1.416,1.535,1.4754999999999998,1.5101962729841012,1.6023948647137676,5.580082644628099,1.3285911058638333
0.45454545454545453,2.2,10.0,22.0,10.0,1.0,20.0,60.0,1.696,1.841,1.7685,1.8122355275809214,1.994977100229684,5.580082644628099,1.5943093270365998
0.4166666666666667,2.4,10.0,24.0,0.0,1.0,16.0,30.0,1.087,1.191,1.139,1.1792354345603981,1.2014980322124564,5.54625,1.0399218749999999
0.4166666666666667,2.4,10.0,24.0,0.0,1.0,16.0,50.0,1.842,1.984,1.913,1.9653923909339965,2.1832853922134543,5.54625,1.733203125
0.4166666666666667,2.4,10.0,24.0,0.0,1.0,16.0,60.0,2.182,2.382,2.282,2.3584708691207963,2.743799834016015,5.54625,2.0798437499999998
0.4166666666666667,2.4,10.0,24.0,0.0,1.0,18.0,30.0,0.989,1.063,1.026,1.0482092751647982,1.0534594932472923,5.54625,0.924375
0.4166666666666667,2.4,10.0,24.0,0.0,1.0,18.0,50.0,1.637,1.762,1.6995,1.747015458607997,1.893219529539928,5.54625,1.540625
0.4166666666666667,2.4,10.0,24.0,0.0,1.0,18.0,60.0,1.978,2.125,2.0515,2.0964185503295965,2.364414958532583,5.54625,1.84875
0.4166666666666667,2.4,10.0,24.0,0.0,1.0,20.0,30.0,0.884,0.954,0.919,0.9433883476483185,0.9378993761152123,5.54625,0.8319375
0.4166666666666667,2.4,10.0,24.0,0.0,1.0,20.0,50.0,1.471,1.589,1.53,1.5723139127471972,1.6711894579998219,5.54625,1.3865625
0.4166666666666667,2.4,10.0,24.0,0.0,1.0,20.0,60.0,1.768,1.909,1.8385,1.886776695296637,2.077200669891354,5.54625,1.663875
0.4166666666666667,2.4,10.0,24.0,10.0,1.0,16.0,30.0,1.039,1.119,1.079,1.1098686442921393,1.1226193787344991,5.54625,0.9787499999999999
0.4166666666666667,2.4,10.0,24.0,10.0,1.0,16.0,50.0,1.734,1.874,1.804,1.849781073820232,2.027932565978545,5.54625,1.63125
0.4166666666666667,2.4,10.0,24.0,10.0,1.0,16.0,60.0,2.078,2.238,2.158,2.2197372885842785,2.540019021999637,5.54625,1.9574999999999998
0.4166666666666667,2.4,10.0,24.0,10.0,1.0,18.0,30.0,0.925,1.003,0.964,0.9930403659455984,0.992326412562277,5.54625,0.8757236842105263
0.4166666666666667,2.4,10.0,24.0,10.0,1.0,18.0,50.0,1.523,1.676,1.5995,1.655067276575997,1.7752892726433942,5.54625,1.4595394736842104
0.4166666666666667,2.4,10.0,24.0,10.0,1.0,18.0,60.0,1.851,2.005,1.928,1.9860807318911968,2.211521548301003,5.54625,1.7514473684210525
0.4166666666666667,2.4,10.0,24.0,10.0,1.0,20.0,30.0,0.835,0.911,0.873,0.8984650929983985,0.8891323206296886,5.54625,0.7923214285714285
0.4166666666666667,2.4,10.0,24.0,10.0,1.0,20.0,50.0,1.408,1.518,1.463,1.4974418216639973,1.5786218710169622,5.54625,1.3205357142857144
0.4166666666666667,2.4,10.0,24.0,10.0,1.0,20.0,60.0,1.669,1.821,1.745,1.796930185996797,1.9582619826905476,5.54625,1.584642857142857
0.38461538461538464,2.6,10.0,26.0,0.0,1.0,16.0,30.0,1.101,1.184,1.1425,1.170736554978829,1.190126947347435,5.517218934911242,1.034478550295858
0.38461538461538464,2.6,10.0,26.0,0.0,1.0,16.0,50.0,1.823,1.961,1.892,1.9512275916313815,2.1460263988546866,5.517218934911242,1.7241309171597632
0.38461538461538464,2.6,10.0,26.0,0.0,1.0,16.0,60.0,2.201,2.369,2.285,2.341473109957658,2.6852107971959374,5.517218934911242,2.068957100591716
0.38461538461538464,2.6,10.0,26.0,0.0,1.0,18.0,30.0,0.958,1.053,1.0055,1.0406547155367367,1.0447076773051427,5.517218934911242,0.9195364891518737
0.38461538461538464,2.6,10.0,26.0,0.0,1.0,18.0,50.0,1.622,1.756,1.689,1.7344245258945614,1.8651394819549358,5.517218934911242,1.5325608152531227
0.38461538461538464,2.6,10.0,26.0,0.0,1.0,18.0,60.0,1.915,2.106,2.0105,2.0813094310734734,2.3207791467431895,5.517218934911242,1.8390729783037474
0.38461538461538464,2.6,10.0,26.0,0.0,1.0,20.0,30.0,0.871,0.943,0.907,0.9365892439830631,0.930955995885824,5.517218934911242,0.8275828402366864
0.38461538461538464,2.6,10.0,26.0,0.0,1.0,20.0,50.0,1.457,1.571,1.514,1.5609820733051052,1.6492713356666284,5.517218934911242,1.3793047337278106
0.38461538461538464,2.6,10.0,26.0,0.0,1.0,20.0,60.0,1.752,1.886,1.819,1.8731784879661262,2.043446512081039,5.517218934911242,1.6551656804733728
0.38461538461538464,2.6,10.0,26.0,10.0,1.0,16.0,30.0,1.025,1.108,1.0665,1.1018696988036036,1.1126861425416519,5.517218934911242,0.9736268708666899
0.38461538461538464,2.6,10.0,26.0,10.0,1.0,16.0,50.0,1.719,1.846,1.7825000000000002,1.8364494980060062,1.9957482112475216,5.517218934911242,1.622711451444483
0.38461538461538464,2.6,10.0,26.0,10.0,1.0,16.0,60.0,2.05,2.215,2.1325,2.2037393976072073,2.4897298206868976,5.517218934911242,1.9472537417333797
0.38461538461538464,2.6,10.0,26.0,10.0,1.0,18.0,30.0,0.917,0.998,0.9575,0.9858834147190138,0.9845571281516056,5.517218934911242,0.871139831828091
0.38461538461538464,2.6,10.0,26.0,10.0,1.0,18.0,50.0,1.541,1.654,1.5975,1.6431390245316897,1.7505756977439515,5.517218934911242,1.4518997197134849
0.38461538461538464,2.6,10.0,26.0,10.0,1.0,18.0,60.0,1.808,1.996,1.9020000000000001,1.9717668294380275,2.1733010267853254,5.517218934911242,1.742279663656182
0.38461538461538464,2.6,10.0,26.0,10.0,1.0,20.0,30.0,0.823,0.902,0.8625,0.8919897561743458,0.8828898219972338,5.517218934911242,0.7881741335587489
0.38461538461538464,2.6,10.0,26.0,10.0,1.0,20.0,50.0,1.398,1.501,1.4495,1.4866495936239097,1.5590503844413925,5.517218934911242,1.3136235559312481
0.38461538461538464,2.6,10.0,26.0,10.0,1.0,20.0,60.0,1.649,1.804,1.7265000000000001,1.7839795123486917,1.9282346862315218,5.517218934911242,1.5763482671174978
0.35714285714285715,2.8,10.0,28.0,0.0,1.0,16.0,30.0,1.074,1.173,1.1235,1.1634518010517696,1.1805502333282745,5.49204081632653,1.0297576530612242
0.35714285714285715,2.8,10.0,28.0,0.0,1.0,16.0,50.0,1.767,1.956,1.8615,1.939086335086283,2.1150876892587096,5.49204081632653,1.7162627551020406
0.35714285714285715,2.8,10.0,28.0,0.0,1.0,16.0,60.0,2.148,2.346,2.247,2.326903602103539,2.6369473211908208,5.49204081632653,2.0595153061224485
0.35714285714285715,2.8,10.0,28.0,0.0,1.0,18.0,30.0,0.956,1.042,0.999,1.034179378712684,1.0373210407346367,5.49204081632653,0.9153401360544217
0.35714285714285715,2.8,10.0,28.0,0.0,1.0,18.0,50.0,1.594,1.734,1.6640000000000001,1.7236322978544738,1.8417255161864559,5.49204081632653,1.525566893424036
0.35714285714285715,2.8,10.0,28.0,0.0,1.0,18.0,60.0,1.912,2.084,1.998,2.068358757425368,2.284638979805639,5.49204081632653,1.8306802721088433
0.35714285714285715,2.8,10.0,28.0,0.0,1.0,20.0,30.0,0.859,0.936,0.8975,0.9307614408414158,0.9250858358240126,5.49204081632653,0.8238061224489794
0.35714285714285715,2.8,10.0,28.0,0.0,1.0,20.0,50.0,1.421,1.559,1.49,1.5512690680690264,1.6309368799050115,5.49204081632653,1.3730102040816325
0.35714285714285715,2.8,10.0,28.0,0.0,1.0,20.0,60.0,1.719,1.872,1.7955,1.8615228816828315,2.0153755040460464,5.49204081632653,1.6476122448979589
0.35714285714285715,2.8,10.0,28.0,10.0,1.0,16.0,30.0,1.009,1.1,1.0545,1.0950134598134302,1.104310796570484,5.49204081632653,0.9691836734693876
0.35714285714285715,2.8,10.0,28.0,10.0,1.0,16.0,50.0,1.682,1.84,1.7610000000000001,1.825022433022384,1.968963791830733,5.49204081632653,1.6153061224489795
0.35714285714285715,2.8,10.0,28.0,10.0,1.0,16.0,60.0,2.019,2.2,2.1095,2.1900269196268605,2.448183276382597,5.49204081632653,1.9383673469387752
0.35714285714285715,2.8,10.0,28.0,10.0,1.0,18.0,30.0,0.906,0.983,0.9445,0.9797488850962272,0.9779939251626003,5.49204081632653,0.8671643394199784
0.35714285714285715,2.8,10.0,28.0,10.0,1.0,18.0,50.0,1.515,1.647,1.581,1.632914808493712,1.7299338227587782,5.49204081632653,1.4452738990332974
0.35714285714285715,2.8,10.0,28.0,10.0,1.0,18.0,60.0,1.812,1.967,1.8895,1.9594977701924543,2.1415767099299137,5.49204081632653,1.7343286788399568
0.35714285714285715,2.8,10.0,28.0,10.0,1.0,20.0,30.0,0.818,0.892,0.855,0.886439467468015,0.8776084583825481,5.49204081632653,0.7845772594752185
0.35714285714285715,2.8,10.0,28.0,10.0,1.0,20.0,50.0,1.366,1.49,1.428,1.4773991124466919,1.5426570127095018,5.49204081632653,1.307628765792031
0.35714285714285715,2.8,10.0,28.0,10.0,1.0,20.0,60.0,1.636,1.785,1.7105,1.77287893493603,1.9032204216873096,5.49204081632653,1.569154518950437
0.3333333333333333,3.0,10.0,30.0,0.0,1.0,16.0,30.0,1.083,1.164,1.1235,1.1571383476483184,1.1723742201440155,5.47,1.025625
0.3333333333333333,3.0,10.0,30.0,0.0,1.0,16.0,50.0,1.816,1.941,1.8785,1.9285639127471974,2.0889868224997774,5.47,1.709375
0.3333333333333333,3.0,10.0,30.0,0.0,1.0,16.0,60.0,2.158,2.329,2.2435,2.3142766952966367,2.5965008373641925,5.47,2.05125
0.3333333333333333,3.0,10.0,30.0,0.0,1.0,18.0,30.0,0.961,1.035,0.998,1.0285674201318387,1.0310032668216769,5.47,0.9116666666666666
0.3333333333333333,3.0,10.0,30.0,0.0,1.0,18.0,50.0,1.589,1.724,1.6564999999999999,1.7142790335530644,1.821903802482379,5.47,1.5194444444444444
0.3333333333333333,3.0,10.0,30.0,0.0,1.0,18.0,60.0,1.921,2.07,1.9954999999999998,2.0571348402636773,2.2542158470453155,5.47,1.8233333333333333
0.3333333333333333,3.0,10.0,30.0,0.0,1.0,20.0,30.0,0.866,0.932,0.899,0.9257106781186547,0.9200579193883918,5.47,0.8205
0.3333333333333333,3.0,10.0,30.0,0.0,1.0,20.0,50.0,1.445,1.547,1.496,1.5428511301977579,1.6153736050463374,5.47,1.3675
0.3333333333333333,3.0,10.0,30.0,0.0,1.0,20.0,60.0,1.733,1.864,1.7985000000000002,1.8514213562373094,1.991663795067142,5.47,1.641
0.3333333333333333,3.0,10.0,30.0,10.0,1.0,16.0,30.0,1.012,1.091,1.0514999999999999,1.0890713860219468,1.0971534909985363,5.47,0.9652941176470587
0.3333333333333333,3.0,10.0,30.0,10.0,1.0,16.0,50.0,1.686,1.819,1.7525,1.8151189767032445,1.9463254793863183,5.47,1.6088235294117648
0.3333333333333333,3.0,10.0,30.0,10.0,1.0,16.0,60.0,2.023,2.181,2.1020000000000003,2.1781427720438935,2.4132818778160843,5.47,1.9305882352941175
0.3333333333333333,3.0,10.0,30.0,10.0,1.0,18.0,30.0,0.913,0.98,0.9465,0.9744322927564787,0.9723761891826739,5.47,0.8636842105263157
0.3333333333333333,3.0,10.0,30.0,10.0,1.0,18.0,50.0,1.522,1.635,1.5785,1.6240538212607978,1.7124339787166296,5.47,1.4394736842105262
0.3333333333333333,3.0,10.0,30.0,10.0,1.0,18.0,60.0,1.826,1.96,1.893,1.9488645855129574,2.1148221180349,5.47,1.7273684210526314
0.3333333333333333,3.0,10.0,30.0,10.0,1.0,20.0,30.0,0.818,0.888,0.853,0.8816292172558616,0.8730821228168107,5.47,0.7814285714285714
0.3333333333333333,3.0,10.0,30.0,10.0,1.0,20.0,50.0,1.361,1.471,1.416,1.4693820287597694,1.5287257713484304,5.47,1.3023809523809524
0.3333333333333333,3.0,10.0,30.0,10.0,1.0,20.0,60.0,1.637,1.775,1.706,1.7632584345117233,1.8820605257882672,5.47,1.5628571428571427
3.0,0.3333333333333333,12.0,4.0,0.0,1.0,16.0,30.0,1.226,1.347,1.2865,1.5535376073623883,2.64211898591376,6.669999999999999,1.0421874999999998
3.0,0.3333333333333333,12.0,4.0,0.0,1.0,16.0,50.0,2.034,2.25,2.142,2.5892293456039805,-14.156542501407298,6.669999999999999,1.7369791666666663
3.0,0.3333333333333333,12.0,4.0,0.0,1.0,16.0,60.0,2.453,2.694,2.5735,3.1070752147247767,-5.466888133579887,6.669999999999999,2.0843749999999996
3.0,0.3333333333333333,12.0,4.0,0.0,1.0,18.0,30.0,1.089,1.198,1.1435,1.3809223176554564,1.9273951511991705,6.669999999999999,0.9263888888888887
3.0,0.3333333333333333,12.0,4.0,0.0,1.0,18.0,50.0,1.821,1.998,1.9095,2.3015371960924274,73.6821435938708,6.669999999999999,1.5439814814814812
3.0,0.3333333333333333,12.0,4.0,0.0,1.0,18.0,60.0,2.178,2.396,2.287,2.7618446353109127,-8.86965315805157,6.669999999999999,1.8527777777777774
3.0,0.3333333333333333,12.0,4.0,0.0,1.0,20.0,30.0,0.98,1.079,1.0295,1.2428300858899106,1.5170228677517377,6.669999999999999,0.8337499999999999
3.0,0.3333333333333333,12.0,4.0,0.0,1.0,20.0,50.0,1.634,1.795,1.7145,2.0713834764831844,10.226796015194433,6.669999999999999,1.3895833333333332
3.0,0.3333333333333333,12.0,4.0,0.0,1.0,20.0,60.0,1.962,2.157,2.0595,2.4856601717798212,-23.491525958289948,6.669999999999999,1.6674999999999998
3.0,0.3333333333333333,12.0,4.0,10.0,1.0,16.0,30.0,1.156,1.281,1.2185,1.4766298050177156,2.2885200262120766,6.669999999999999,0.9905940594059405
3.0,0.3333333333333333,12.0,4.0,10.0,1.0,16.0,50.0,1.936,2.138,2.037,2.461049675029526,-28.1286057653598,6.669999999999999,1.6509900990099007
3.0,0.3333333333333333,12.0,4.0,10.0,1.0,16.0,60.0,2.312,2.562,2.437,2.953259610035431,-6.507042294536077,6.669999999999999,1.981188118811881
3.0,0.3333333333333333,12.0,4.0,10.0,1.0,18.0,30.0,1.031,1.145,1.088,1.3198195602370733,1.7321581237791586,6.669999999999999,0.8853982300884954
3.0,0.3333333333333333,12.0,4.0,10.0,1.0,18.0,50.0,1.716,1.905,1.8105,2.199699267061789,20.550959478513807,6.669999999999999,1.475663716814159
3.0,0.3333333333333333,12.0,4.0,10.0,1.0,18.0,60.0,2.062,2.29,2.176,2.6396391204741465,-11.975443522273949,6.669999999999999,1.7707964601769908
3.0,0.3333333333333333,12.0,4.0,10.0,1.0,20.0,30.0,0.936,1.036,0.986,1.1931168824543141,1.3934070566937784,6.669999999999999,0.8003999999999999
3.0,0.3333333333333333,12.0,4.0,10.0,1.0,20.0,50.0,1.551,1.728,1.6395,1.988528137423857,7.526150273797134,6.669999999999999,1.3339999999999999
3.0,0.3333333333333333,12.0,4.0,10.0,1.0,20.0,60.0,1.871,2.073,1.972,2.3862337649086283,-75.02564647812494,6.669999999999999,1.6007999999999998
2.0,0.5,12.0,6.0,0.0,1.0,16.0,30.0,1.093,1.262,1.1775,1.3325667382415922,1.5959355161120536,6.5200000000000005,1.01875
2.0,0.5,12.0,6.0,0.0,1.0,16.0,50.0,1.868,2.102,1.9849999999999999,2.220944563735987,5.6347892865057645,6.5200000000000005,1.6979166666666667
2.0,0.5,12.0,6.0,0.0,1.0,16.0,60.0,2.185,2.525,2.355,2.6651334764831844,15.340194022791648,6.5200000000000005,2.0375
2.0,0.5,12.0,6.0,0.0,1.0,18.0,30.0,0.978,1.118,1.048,1.1845037673258598,1.303878526711982,6.5200000000000005,0.9055555555555557
2.0,0.5,12.0,6.0,0.0,1.0,18.0,50.0,1.67,1.869,1.7694999999999999,1.9741729455430996,3.8214693325192535,6.5200000000000005,1.5092592592592593
2.0,0.5,12.0,6.0,0.0,1.0,18.0,60.0,1.956,2.236,2.096,2.3690075346517196,7.387506978034938,6.5200000000000005,1.8111111111111113
2.0,0.5,12.0,6.0,0.0,1.0,20.0,30.0,0.876,1.006,0.9410000000000001,1.0660533905932739,1.1021791894830943,6.5200000000000005,0.8150000000000001
2.0,0.5,12.0,6.0,0.0,1.0,20.0,50.0,1.488,1.683,1.5855000000000001,1.7767556509887896,2.891092726798756,6.5200000000000005,1.3583333333333334
2.0,0.5,12.0,6.0,0.0,1.0,20.0,60.0,1.751,2.012,1.8815,2.1321067811865477,4.8652543263816606,6.5200000000000005,1.6300000000000001
2.0,0.5,12.0,6.0,10.0,1.0,16.0,30.0,1.037,1.201,1.119,1.2665980878335925,1.459702153015949,6.5200000000000005,0.9683168316831684
2.0,0.5,12.0,6.0,10.0,1.0,16.0,50.0,1.746,2.001,1.8735,2.1109968130559875,4.704628269930456,6.5200000000000005,1.613861386138614
2.0,0.5,12.0,6.0,10.0,1.0,16.0,60.0,2.074,2.403,2.2385,2.533196175667185,10.590080356530477,6.5200000000000005,1.9366336633663368
2.0,0.5,12.0,6.0,10.0,1.0,18.0,30.0,0.927,1.067,0.997,1.1320920962052465,1.211501302533229,6.5200000000000005,0.8654867256637169
2.0,0.5,12.0,6.0,10.0,1.0,18.0,50.0,1.544,1.783,1.6635,1.8868201603420776,3.3696449519768703,6.5200000000000005,1.4424778761061947
2.0,0.5,12.0,6.0,10.0,1.0,18.0,60.0,1.854,2.134,1.994,2.264184192410493,6.075207604587531,6.5200000000000005,1.7309734513274337
2.0,0.5,12.0,6.0,10.0,1.0,20.0,30.0,0.854,0.967,0.9105,1.0234112549695429,1.0354399846283537,6.5200000000000005,0.7824000000000001
2.0,0.5,12.0,6.0,10.0,1.0,20.0,50.0,1.405,1.612,1.5085000000000002,1.7056854249492381,2.6248255653560757,6.5200000000000005,1.304
2.0,0.5,12.0,6.0,10.0,1.0,20.0,60.0,1.706,1.934,1.8199999999999998,2.0468225099390858,4.259327139459698,6.5200000000000005,1.5648000000000002
1.5,0.6666666666666666,12.0,8.0,0.0,1.0,16.0,30.0,1.06,1.207,1.1335000000000002,1.2220813036811942,1.332186669179648,6.31,0.9859374999999999
1.5,0.6666666666666666,12.0,8.0,0.0,1.0,16.0,50.0,1.766,2.001,1.8835,2.0368021728019903,3.3164993712705906,6.31,1.6432291666666667
1.5,0.6666666666666666,12.0,8.0,0.0,1.0,16.0,60.0,2.119,2.414,2.2665,2.4441626073623883,5.28423797182752,6.31,1.9718749999999998
1.5,0.6666666666666666,12.0,8.0,0.0,1.0,18.0,30.0,0.948,1.067,1.0074999999999998,1.0862944921610616,1.1223389513791713,6.31,0.8763888888888888
1.5,0.6666666666666666,12.0,8.0,0.0,1.0,18.0,50.0,1.564,1.779,1.6715,1.8104908202684358,2.5924649747422728,6.31,1.4606481481481481
1.5,0.6666666666666666,12.0,8.0,0.0,1.0,18.0,60.0,1.896,2.134,2.0149999999999997,2.172588984322123,3.854790302398341,6.31,1.7527777777777775
1.5,0.6666666666666666,12.0,8.0,0.0,1.0,20.0,30.0,0.851,0.961,0.9059999999999999,0.9776650429449554,0.9696054782905876,6.31,0.78875
1.5,0.6666666666666666,12.0,8.0,0.0,1.0,20.0,50.0,1.418,1.599,1.5085,1.6294417382415922,2.127914021482738,6.31,1.3145833333333334
1.5,0.6666666666666666,12.0,8.0,0.0,1.0,20.0,60.0,1.698,1.922,1.81,1.9553300858899108,3.0340457355034753,6.31,1.5775
1.5,0.6666666666666666,12.0,8.0,10.0,1.0,16.0,30.0,1.01,1.14,1.075,1.161582229241531,1.2359028503689657,6.31,0.9371287128712871
1.5,0.6666666666666666,12.0,8.0,10.0,1.0,16.0,50.0,1.672,1.908,1.79,1.9359703820692185,2.970792951740032,6.31,1.561881188118812
1.5,0.6666666666666666,12.0,8.0,10.0,1.0,16.0,60.0,2.021,2.28,2.1505,2.323164458483062,4.577040052424153,6.31,1.8742574257425741
1.5,0.6666666666666666,12.0,8.0,10.0,1.0,18.0,30.0,0.906,1.018,0.962,1.038228364189333,1.0532125497057152,6.31,0.8376106194690265
1.5,0.6666666666666666,12.0,8.0,10.0,1.0,18.0,50.0,1.494,1.698,1.596,1.7303806069822218,2.376307309188091,6.31,1.3960176991150441
1.5,0.6666666666666666,12.0,8.0,10.0,1.0,18.0,60.0,1.813,2.036,1.9245,2.076456728378666,3.464316247558317,6.31,1.675221238938053
1.5,0.6666666666666666,12.0,8.0,10.0,1.0,20.0,30.0,0.813,0.921,0.867,0.9385584412271571,0.9175769608633185,6.31,0.7572
1.5,0.6666666666666666,12.0,8.0,10.0,1.0,20.0,50.0,1.362,1.534,1.448,1.5642640687119285,1.9800744369897543,6.31,1.262
1.5,0.6666666666666666,12.0,8.0,10.0,1.0,20.0,60.0,1.626,1.842,1.734,1.8771168824543143,2.786814113387557,6.31,1.5144
1.2,0.8333333333333334,12.0,10.0,0.0,1.0,16.0,30.0,1.049,1.156,1.1025,1.1557900429449555,1.2120068478632346,6.1408,0.9594999999999999
1.2,0.8333333333333334,12.0,10.0,0.0,1.0,16.0,50.0,1.763,1.928,1.8455,1.9263167382415922,2.6598925268534224,6.1408,1.5991666666666664
1.2,0.8333333333333334,12.0,10.0,0.0,1.0,16.0,60.0,2.097,2.312,2.2045,2.311580085889911,3.7925571693793443,6.1408,1.9189999999999998
1.2,0.8333333333333334,12.0,10.0,0.0,1.0,18.0,30.0,0.933,1.029,0.981,1.0273689270621826,1.0358092476844767,6.1408,0.8528888888888888
1.2,0.8333333333333334,12.0,10.0,0.0,1.0,18.0,50.0,1.553,1.714,1.6335,1.7122815451036375,2.173130877853303,6.1408,1.4214814814814813
1.2,0.8333333333333334,12.0,10.0,0.0,1.0,18.0,60.0,1.865,2.058,1.9615,2.0547378541243653,2.9953592030388863,6.1408,1.7057777777777776
1.2,0.8333333333333334,12.0,10.0,0.0,1.0,20.0,30.0,0.839,0.922,0.8805000000000001,0.9246320343559643,0.9043393450037954,6.1408,0.7676
1.2,0.8333333333333334,12.0,10.0,0.0,1.0,20.0,50.0,1.41,1.541,1.4754999999999998,1.5410533905932737,1.8369653158051573,6.1408,1.2793333333333332
1.2,0.8333333333333334,12.0,10.0,0.0,1.0,20.0,60.0,1.679,1.845,1.762,1.8492640687119286,2.4750930462371934,6.1408,1.5352
1.2,0.8333333333333334,12.0,10.0,10.0,1.0,16.0,30.0,1.002,1.095,1.0485,1.0985727140862942,1.1317884091376735,6.1408,0.9119999999999999
1.2,0.8333333333333334,12.0,10.0,10.0,1.0,16.0,50.0,1.672,1.831,1.7515,1.830954523477157,2.432836921693249,6.1408,1.5199999999999998
1.2,0.8333333333333334,12.0,10.0,10.0,1.0,16.0,60.0,2.005,2.19,2.0975,2.1971454281725884,3.4139701261622784,6.1408,1.8239999999999998
1.2,0.8333333333333334,12.0,10.0,10.0,1.0,18.0,30.0,0.89,0.982,0.9359999999999999,0.9819101249797851,0.9766500018556384,6.1408,0.815150442477876
1.2,0.8333333333333334,12.0,10.0,10.0,1.0,18.0,50.0,1.501,1.632,1.5665,1.6365168749663084,2.0191688375553816,6.1408,1.35858407079646
1.2,0.8333333333333334,12.0,10.0,10.0,1.0,18.0,60.0,1.78,1.964,1.8719999999999999,1.9638202499595703,2.7541415633260073,6.1408,1.630300884955752
1.2,0.8333333333333334,12.0,10.0,10.0,1.0,20.0,30.0,0.805,0.887,0.8460000000000001,0.8876467529817258,0.8589153149824527,6.1408,0.736896
1.2,0.8333333333333334,12.0,10.0,10.0,1.0,20.0,50.0,1.343,1.48,1.4115,1.4794112549695428,1.7257333077139227,6.1408,1.22816
1.2,0.8333333333333334,12.0,10.0,10.0,1.0,20.0,60.0,1.61,1.775,1.6925,1.7752935059634516,2.3080563715160576,6.1408,1.473792
1.0,1.0,12.0,12.0,0.0,1.0,16.0,30.0,1.006,1.123,1.0645,1.111595869120796,1.1432499308400061,6.01,0.9390624999999999
1.0,1.0,12.0,12.0,0.0,1.0,16.0,50.0,1.659,1.875,1.767,1.8526597818679935,2.3497534290678073,6.01,1.5651041666666667
1.0,1.0,12.0,12.0,0.0,1.0,16.0,60.0,2.013,2.245,2.129,2.223191738241592,3.1918710322241073,6.01,1.8781249999999998
1.0,1.0,12.0,12.0,0.0,1.0,18.0,30.0,0.911,1.0,0.9555,0.9880852169962632,0.9851728993885763,6.01,0.8347222222222221
1.0,1.0,12.0,12.0,0.0,1.0,18.0,50.0,1.472,1.662,1.567,1.646808694993772,1.9616032087530393,6.01,1.3912037037037037
1.0,1.0,12.0,12.0,0.0,1.0,18.0,60.0,1.822,1.999,1.9105,1.9761704339925263,2.607757053423964,6.01,1.6694444444444443
1.0,1.0,12.0,12.0,0.0,1.0,20.0,30.0,0.82,0.898,0.859,0.8892766952966369,0.8655002791213975,6.01,0.75125
1.0,1.0,12.0,12.0,0.0,1.0,20.0,50.0,1.359,1.497,1.428,1.4821278254943948,1.6835084270687568,6.01,1.2520833333333334
1.0,1.0,12.0,12.0,0.0,1.0,20.0,60.0,1.641,1.797,1.7189999999999999,1.7785533905932738,2.2043583789661887,6.01,1.5025
1.0,1.0,12.0,12.0,10.0,1.0,16.0,30.0,0.965,1.069,1.017,1.0565663706494697,1.0716058756787503,6.01,0.8925742574257425
1.0,1.0,12.0,12.0,10.0,1.0,16.0,50.0,1.602,1.782,1.6920000000000002,1.7609439510824494,2.1707782165069993,6.01,1.4876237623762376
1.0,1.0,12.0,12.0,10.0,1.0,16.0,60.0,1.93,2.138,2.034,2.1131327412989394,2.919404306031898,6.01,1.785148514851485
1.0,1.0,12.0,12.0,10.0,1.0,18.0,30.0,0.837,0.952,0.8945,0.9443646321734197,0.9315065259959002,6.01,0.7977876106194689
1.0,1.0,12.0,12.0,10.0,1.0,18.0,50.0,1.462,1.593,1.5274999999999999,1.5739410536223661,1.8352839496444266,6.01,1.329646017699115
1.0,1.0,12.0,12.0,10.0,1.0,18.0,60.0,1.673,1.905,1.7890000000000001,1.8887292643468394,2.423002605066458,6.01,1.5955752212389378
1.0,1.0,12.0,12.0,10.0,1.0,20.0,30.0,0.753,0.864,0.8085,0.8537056274847714,0.8238042104608563,6.01,0.7212
1.0,1.0,12.0,12.0,10.0,1.0,20.0,50.0,1.303,1.445,1.374,1.422842712474619,1.5896094480663758,6.01,1.202
1.0,1.0,12.0,12.0,10.0,1.0,20.0,60.0,1.507,1.728,1.6175,1.7074112549695428,2.0708799692567075,6.01,1.4424
0.8571428571428571,1.1666666666666667,12.0,14.0,0.0,1.0,16.0,30.0,0.996,1.101,1.0485,1.0800286021035397,1.0987280504961754,5.9077551020408166,0.9230867346938775
0.8571428571428571,1.1666666666666667,12.0,14.0,0.0,1.0,16.0,50.0,1.657,1.833,1.745,1.8000476701725658,2.1691008605111723,5.9077551020408166,1.5384778911564627
0.8571428571428571,1.1666666666666667,12.0,14.0,0.0,1.0,16.0,60.0,1.993,2.202,2.0975,2.1600572042070794,2.8674672534254446,5.9077551020408166,1.846173469387755
0.8571428571428571,1.1666666666666667,12.0,14.0,0.0,1.0,18.0,30.0,0.883,0.978,0.9305,0.9600254240920352,0.9519329082523496,5.9077551020408166,0.8205215419501134
0.8571428571428571,1.1666666666666667,12.0,14.0,0.0,1.0,18.0,50.0,1.476,1.629,1.5525,1.6000423734867253,1.8340848570089687,5.9077551020408166,1.367535903250189
0.8571428571428571,1.1666666666666667,12.0,14.0,0.0,1.0,18.0,60.0,1.766,1.956,1.861,1.9200508481840703,2.387117659193164,5.9077551020408166,1.6410430839002268
0.8571428571428571,1.1666666666666667,12.0,14.0,0.0,1.0,20.0,30.0,0.79,0.88,0.835,0.8640228816828317,0.8397397933525194,5.9077551020408166,0.738469387755102
0.8571428571428571,1.1666666666666667,12.0,14.0,0.0,1.0,20.0,50.0,1.313,1.464,1.3885,1.4400381361380528,1.5887098157282387,5.9077551020408166,1.2307823129251703
0.8571428571428571,1.1666666666666667,12.0,14.0,0.0,1.0,20.0,60.0,1.58,1.76,1.67,1.7280457633656634,2.0446105713934255,5.9077551020408166,1.476938775510204
0.8571428571428571,1.1666666666666667,12.0,14.0,10.0,1.0,16.0,30.0,0.944,1.045,0.9944999999999999,1.0265618396231664,1.0323935613166302,5.9077551020408166,0.8773893715902202
0.8571428571428571,1.1666666666666667,12.0,14.0,10.0,1.0,16.0,50.0,1.582,1.742,1.662,1.7109363993719438,2.015689172164992,5.9077551020408166,1.462315619317034
0.8571428571428571,1.1666666666666667,12.0,14.0,10.0,1.0,16.0,60.0,1.888,2.09,1.9889999999999999,2.0531236792463328,2.6456455575094004,5.9077551020408166,1.7547787431804405
0.8571428571428571,1.1666666666666667,12.0,14.0,10.0,1.0,18.0,30.0,0.848,0.935,0.8915,0.917546423026016,0.9017346127889578,5.9077551020408166,0.7842152790319667
0.8571428571428571,1.1666666666666667,12.0,14.0,10.0,1.0,18.0,50.0,1.405,1.557,1.4809999999999999,1.5292440383766932,1.72319088151683,5.9077551020408166,1.307025465053278
0.8571428571428571,1.1666666666666667,12.0,14.0,10.0,1.0,18.0,60.0,1.696,1.871,1.7835,1.835092846052032,2.2313707437921897,5.9077551020408166,1.5684305580639335
0.8571428571428571,1.1666666666666667,12.0,14.0,10.0,1.0,20.0,30.0,0.766,0.844,0.8049999999999999,0.8294619664155184,0.8004324829532332,5.9077551020408166,0.708930612244898
0.8571428571428571,1.1666666666666667,12.0,14.0,10.0,1.0,20.0,50.0,1.285,1.407,1.346,1.3824366106925305,1.5048245679376575,5.9077551020408166,1.1815510204081634
0.8571428571428571,1.1666666666666667,12.0,14.0,10.0,1.0,20.0,60.0,1.531,1.688,1.6095,1.6589239328310368,1.9292711506423246,5.9077551020408166,1.417861224489796
0.75,1.3333333333333333,12.0,16.0,0.0,1.0,16.0,30.0,0.98,1.074,1.0270000000000001,1.056353151840597,1.067547708777331,5.82625,0.9103515624999999
0.75,1.3333333333333333,12.0,16.0,0.0,1.0,16.0,50.0,1.593,1.789,1.6909999999999998,1.760588586400995,2.0508467306245675,5.82625,1.5172526041666667
0.75,1.3333333333333333,12.0,16.0,0.0,1.0,16.0,60.0,1.959,2.149,2.0540000000000003,2.112706303681194,2.664373338359296,5.82625,1.8207031249999999
0.75,1.3333333333333333,12.0,16.0,0.0,1.0,18.0,30.0,0.871,0.954,0.9125,0.938980579413864,0.9284385877776788,5.82625,0.8092013888888888
0.75,1.3333333333333333,12.0,16.0,0.0,1.0,18.0,50.0,1.432,1.595,1.5135,1.56496763235644,1.7488204054845633,5.82625,1.3486689814814814
0.75,1.3333333333333333,12.0,16.0,0.0,1.0,18.0,60.0,1.743,1.908,1.8255,1.877961158827728,2.2446779027583426,5.82625,1.6184027777777776
0.75,1.3333333333333333,12.0,16.0,0.0,1.0,20.0,30.0,0.781,0.858,0.8195,0.8450825214724776,0.8214037849565802,5.82625,0.72828125
0.75,1.3333333333333333,12.0,16.0,0.0,1.0,20.0,50.0,1.303,1.433,1.3679999999999999,1.4084708691207959,1.5243332411200083,5.82625,1.2138020833333334
0.75,1.3333333333333333,12.0,16.0,0.0,1.0,20.0,60.0,1.561,1.717,1.639,1.6901650429449553,1.9392109565811753,5.82625,1.4565625
0.75,1.3333333333333333,12.0,16.0,10.0,1.0,16.0,30.0,0.917,1.021,0.969,1.0040584413534388,1.0048172770875812,5.82625,0.8652846534653466
0.75,1.3333333333333333,12.0,16.0,10.0,1.0,16.0,50.0,1.543,1.706,1.6244999999999998,1.6734307355890645,1.9131755115713371,5.82625,1.4421410891089108
0.75,1.3333333333333333,12.0,16.0,10.0,1.0,16.0,60.0,1.834,2.041,1.9375,2.0081168827068776,2.4718057007379315,5.82625,1.730569306930693
0.75,1.3333333333333333,12.0,16.0,10.0,1.0,18.0,30.0,0.828,0.913,0.8705,0.897432766165463,0.8806253394435164,5.82625,0.773396017699115
0.75,1.3333333333333333,12.0,16.0,10.0,1.0,18.0,50.0,1.383,1.52,1.4515,1.4957212769424382,1.647713229414826,5.82625,1.2889933628318584
0.75,1.3333333333333333,12.0,16.0,10.0,1.0,18.0,60.0,1.657,1.825,1.741,1.794865532330926,2.1064250994114304,5.82625,1.54679203539823
0.75,1.3333333333333333,12.0,16.0,10.0,1.0,20.0,30.0,0.75,0.825,0.7875,0.8112792206135786,0.7837558313678469,5.82625,0.6991499999999999
0.75,1.3333333333333333,12.0,16.0,10.0,1.0,20.0,50.0,1.25,1.372,1.311,1.3521320343559642,1.4469429520060726,5.82625,1.16525
0.75,1.3333333333333333,12.0,16.0,10.0,1.0,20.0,60.0,1.501,1.65,1.5755,1.6225584412271572,1.835153921726637,5.82625,1.3982999999999999
0.6666666666666666,1.5,12.0,18.0,0.0,1.0,16.0,30.0,0.96,1.056,1.008,1.0379389127471974,1.0444934112498887,5.76,0.8999999999999999
0.6666666666666666,1.5,12.0,18.0,0.0,1.0,16.0,50.0,1.608,1.76,1.6840000000000002,1.7298981879119957,1.9674229561701337,5.76,1.5
0.6666666666666666,1.5,12.0,18.0,0.0,1.0,16.0,60.0,1.92,2.111,2.0155000000000003,2.075877825494395,2.525262640603135,5.76,1.7999999999999998
0.6666666666666666,1.5,12.0,18.0,0.0,1.0,18.0,30.0,0.857,0.938,0.8975,0.9226123668863977,0.9109519012411895,5.76,0.7999999999999999
0.6666666666666666,1.5,12.0,18.0,0.0,1.0,18.0,50.0,1.421,1.563,1.492,1.537687278143996,1.6877932193298884,5.76,1.3333333333333333
0.6666666666666666,1.5,12.0,18.0,0.0,1.0,18.0,60.0,1.714,1.876,1.795,1.8452247337727954,2.145122457963548,5.76,1.5999999999999999
0.6666666666666666,1.5,12.0,18.0,0.0,1.0,20.0,30.0,0.767,0.844,0.8055,0.830351130197758,0.8076868025231687,5.76,0.72
0.6666666666666666,1.5,12.0,18.0,0.0,1.0,20.0,50.0,1.26,1.408,1.334,1.3839185503295965,1.4777593490828644,5.76,1.2
0.6666666666666666,1.5,12.0,18.0,0.0,1.0,20.0,60.0,1.534,1.688,1.611,1.660702260395516,1.8644566458320577,5.76,1.44
0.6666666666666666,1.5,12.0,18.0,10.0,1.0,16.0,30.0,0.911,1.003,0.957,0.9865557982547619,0.9843668229006096,5.76,0.8554455445544553
0.6666666666666666,1.5,12.0,18.0,10.0,1.0,16.0,50.0,1.519,1.672,1.5955,1.6442596637579365,1.8403773214266368,5.76,1.4257425742574257
0.6666666666666666,1.5,12.0,18.0,10.0,1.0,16.0,60.0,1.823,2.006,1.9144999999999999,1.9731115965095238,2.3516232723450683,5.76,1.7108910891089106
0.6666666666666666,1.5,12.0,18.0,10.0,1.0,18.0,30.0,0.82,0.898,0.859,0.8817888108294775,0.8648780806610706,5.76,0.7646017699115043
0.6666666666666666,1.5,12.0,18.0,10.0,1.0,18.0,50.0,1.352,1.495,1.4235000000000002,1.4696480180491291,1.5934290526443984,5.76,1.2743362831858407
0.6666666666666666,1.5,12.0,18.0,10.0,1.0,18.0,60.0,1.639,1.795,1.717,1.763577621658955,2.0185153632981856,5.76,1.5292035398230086
0.6666666666666666,1.5,12.0,18.0,10.0,1.0,20.0,30.0,0.739,0.811,0.775,0.7971370849898476,0.7712578668284601,5.76,0.6911999999999999
0.6666666666666666,1.5,12.0,18.0,10.0,1.0,20.0,50.0,1.23,1.352,1.291,1.3285618083164126,1.4049129208901376,5.76,1.152
0.6666666666666666,1.5,12.0,18.0,10.0,1.0,20.0,60.0,1.479,1.622,1.5505,1.5942741699796952,1.7680681540179417,5.76,1.3823999999999999
0.6,1.6666666666666667,12.0,20.0,0.0,1.0,16.0,30.0,0.959,1.041,1.0,1.0232075214724776,1.0267547311957252,5.7052,0.8914374999999999
0.6,1.6666666666666667,12.0,20.0,0.0,1.0,16.0,50.0,1.582,1.737,1.6595,1.705345869120796,1.9054165514000103,5.7052,1.4857291666666665
0.6,1.6666666666666667,12.0,20.0,0.0,1.0,16.0,60.0,1.919,2.083,2.0010000000000003,2.0464150429449552,2.4240136957264693,5.7052,1.7828749999999998
0.6,1.6666666666666667,12.0,20.0,0.0,1.0,18.0,30.0,0.85,0.926,0.888,0.9095177968644246,0.8974297805812986,5.7052,0.7923888888888888
0.6,1.6666666666666667,12.0,20.0,0.0,1.0,18.0,50.0,1.407,1.545,1.476,1.515862994774041,1.6419548323142938,5.7052,1.320648148148148
0.6,1.6666666666666667,12.0,20.0,0.0,1.0,18.0,60.0,1.702,1.852,1.7770000000000001,1.8190355937288492,2.0716184953689534,5.7052,1.5847777777777776
0.6,1.6666666666666667,12.0,20.0,0.0,1.0,20.0,30.0,0.763,0.834,0.7985,0.8185660171779822,0.797038722871618,5.7052,0.71315
0.6,1.6666666666666667,12.0,20.0,0.0,1.0,20.0,50.0,1.264,1.391,1.3275000000000001,1.364276695296637,1.442500465202329,5.7052,1.1885833333333333
0.6,1.6666666666666667,12.0,20.0,0.0,1.0,20.0,60.0,1.526,1.668,1.597,1.6371320343559643,1.8086786900075909,5.7052,1.4263
0.6,1.6666666666666667,12.0,20.0,10.0,1.0,16.0,30.0,0.899,0.989,0.944,0.9725536837758204,0.9685962084118037,5.7052,0.8473069306930692
0.6,1.6666666666666667,12.0,20.0,10.0,1.0,16.0,50.0,1.514,1.653,1.5835,1.6209228062930339,1.7860097927979173,5.7052,1.412178217821782
0.6,1.6666666666666667,12.0,20.0,10.0,1.0,16.0,60.0,1.798,1.978,1.888,1.9451073675516408,2.263576818275347,5.7052,1.6946138613861383
0.6,1.6666666666666667,12.0,20.0,10.0,1.0,18.0,30.0,0.805,0.887,0.8460000000000001,0.8692736465606891,0.8526800457084237,5.7052,0.7573274336283184
0.6,1.6666666666666667,12.0,20.0,10.0,1.0,18.0,50.0,1.332,1.474,1.403,1.4487894109344817,1.5525108766598337,5.7052,1.262212389380531
0.6,1.6666666666666667,12.0,20.0,10.0,1.0,18.0,60.0,1.632,1.773,1.7025,1.7385472931213781,1.9533000037112769,5.7052,1.514654867256637
0.6,1.6666666666666667,12.0,20.0,10.0,1.0,20.0,30.0,0.73,0.8,0.765,0.7858233764908629,0.7615428659539609,5.7052,0.6846239999999999
0.6,1.6666666666666667,12.0,20.0,10.0,1.0,20.0,50.0,1.218,1.335,1.2765,1.3097056274847714,1.3730070174347606,5.7052,1.14104
0.6,1.6666666666666667,12.0,20.0,10.0,1.0,20.0,60.0,1.461,1.601,1.5310000000000001,1.5716467529817257,1.7178306299649053,5.7052,1.3692479999999998
0.5454545454545454,1.8333333333333333,12.0,22.0,0.0,1.0,16.0,30.0,0.954,1.03,0.992,1.0111545649749798,1.012683274537435,5.659173553719008,0.884245867768595
0.5454545454545454,1.8333333333333333,12.0,22.0,0.0,1.0,16.0,50.0,1.588,1.715,1.6515,1.6852576082916328,1.857518076069746,5.659173553719008,1.4737431129476584
0.5454545454545454,1.8333333333333333,12.0,22.0,0.0,1.0,16.0,60.0,1.908,2.061,1.9845,2.0223091299499596,2.3470207894885853,5.659173553719008,1.76849173553719
0.5454545454545454,1.8333333333333333,12.0,22.0,0.0,1.0,18.0,30.0,0.848,0.912,0.88,0.8988040577555375,0.8866612385438856,5.659173553719008,0.7859963269054178
0.5454545454545454,1.8333333333333333,12.0,22.0,0.0,1.0,18.0,50.0,1.407,1.53,1.4685000000000001,1.4980067629258957,1.606262378912612,5.659173553719008,1.3099938781756963
0.5454545454545454,1.8333333333333333,12.0,22.0,0.0,1.0,18.0,60.0,1.697,1.824,1.7605,1.797608115511075,2.015123477545689,5.659173553719008,1.5719926538108355
0.5454545454545454,1.8333333333333333,12.0,22.0,0.0,1.0,20.0,30.0,0.753,0.821,0.7869999999999999,0.8089236519799837,0.7885332562779925,5.659173553719008,0.707396694214876
0.5454545454545454,1.8333333333333333,12.0,22.0,0.0,1.0,20.0,50.0,1.263,1.376,1.3195,1.3482060866333063,1.41487979489394,5.659173553719008,1.1789944903581266
0.5454545454545454,1.8333333333333333,12.0,22.0,0.0,1.0,20.0,60.0,1.506,1.642,1.5739999999999998,1.6178473039599675,1.765465205024012,5.659173553719008,1.414793388429752
0.5454545454545454,1.8333333333333333,12.0,22.0,10.0,1.0,16.0,30.0,0.901,0.977,0.9390000000000001,0.96109740829305,0.9560639763923868,5.659173553719008,0.8404713198592586
0.5454545454545454,1.8333333333333333,12.0,22.0,10.0,1.0,16.0,50.0,1.51,1.629,1.5695000000000001,1.60182901382175,1.7438601217442338,5.659173553719008,1.4007855330987644
0.5454545454545454,1.8333333333333333,12.0,22.0,10.0,1.0,16.0,60.0,1.803,1.954,1.8784999999999998,1.9221948165861,2.1962969693988246,5.659173553719008,1.6809426397185172
0.5454545454545454,1.8333333333333333,12.0,22.0,10.0,1.0,18.0,30.0,0.804,0.873,0.8385,0.8590339667044076,0.8429528403309096,5.659173553719008,0.7512177283697798
0.5454545454545454,1.8333333333333333,12.0,22.0,10.0,1.0,18.0,50.0,1.332,1.456,1.3940000000000001,1.4317232778406792,1.5205633041673798,5.659173553719008,1.2520295472829666
0.5454545454545454,1.8333333333333333,12.0,22.0,10.0,1.0,18.0,60.0,1.619,1.745,1.682,1.7180679334088151,1.9029956635324752,5.659173553719008,1.5024354567395597
0.5454545454545454,1.8333333333333333,12.0,22.0,10.0,1.0,20.0,30.0,0.732,0.789,0.7605,0.7765667059007845,0.7537744145468988,5.659173553719008,0.679100826446281
0.5454545454545454,1.8333333333333333,12.0,22.0,10.0,1.0,20.0,50.0,1.22,1.314,1.267,1.294277843167974,1.3479604274177983,5.659173553719008,1.1318347107438016
0.5454545454545454,1.8333333333333333,12.0,22.0,10.0,1.0,20.0,60.0,1.464,1.578,1.521,1.553133411801569,1.6788024196997426,5.659173553719008,1.358201652892562
0.5,2.0,12.0,24.0,0.0,1.0,16.0,30.0,0.938,1.016,0.977,1.001110434560398,1.001248360177047,5.62,0.8781249999999999
0.5,2.0,12.0,24.0,0.0,1.0,16.0,50.0,1.554,1.7,1.627,1.6685173909339968,1.819404493511212,5.62,1.4635416666666667
0.5,2.0,12.0,24.0,0.0,1.0,16.0,60.0,1.876,2.032,1.954,2.002220869120796,2.2864998616800123,5.62,1.7562499999999999
0.5,2.0,12.0,24.0,0.0,1.0,18.0,30.0,0.834,0.902,0.868,0.8898759418314649,0.8778829110394102,5.62,0.7805555555555556
0.5,2.0,12.0,24.0,0.0,1.0,18.0,50.0,1.389,1.506,1.4475,1.4831265697191083,1.5776829412832731,5.62,1.3009259259259258
0.5,2.0,12.0,24.0,0.0,1.0,18.0,60.0,1.657,1.805,1.7309999999999999,1.7797518836629298,1.9703457987771527,5.62,1.5611111111111111
0.5,2.0,12.0,24.0,0.0,1.0,20.0,30.0,0.754,0.812,0.783,0.8008883476483184,0.7815828134293437,5.62,0.7025
0.5,2.0,12.0,24.0,0.0,1.0,20.0,50.0,1.25,1.355,1.3025,1.3348139127471974,1.3926578816665183,5.62,1.1708333333333334
0.5,2.0,12.0,24.0,0.0,1.0,20.0,60.0,1.509,1.624,1.5665,1.6017766952966368,1.731000558242795,5.62,1.405
0.5,2.0,12.0,24.0,10.0,1.0,16.0,30.0,0.893,0.966,0.9295,0.951550512057408,0.9458655347050352,5.62,0.8346534653465346
0.5,2.0,12.0,24.0,10.0,1.0,16.0,50.0,1.491,1.607,1.549,1.58591752009568,1.7102258085631872,5.62,1.391089108910891
0.5,2.0,12.0,24.0,10.0,1.0,16.0,60.0,1.791,1.933,1.862,1.903101024114816,2.1432117513575006,5.62,1.6693069306930692
0.5,2.0,12.0,24.0,10.0,1.0,18.0,30.0,0.791,0.867,0.829,0.8505009001575063,0.8350147708190848,5.62,0.7460176991150442
0.5,2.0,12.0,24.0,10.0,1.0,18.0,50.0,1.334,1.437,1.3855,1.4175015002625104,1.4949277813171498,5.62,1.2433628318584071
0.5,2.0,12.0,24.0,10.0,1.0,18.0,60.0,1.582,1.734,1.658,1.7010018003150127,1.8630130519918005,5.62,1.4920353982300885
0.5,2.0,12.0,24.0,10.0,1.0,20.0,30.0,0.719,0.78,0.7495,0.7688528137423857,0.7474207540287992,5.62,0.6744
0.5,2.0,12.0,24.0,10.0,1.0,20.0,50.0,1.201,1.3,1.2505000000000002,1.2814213562373096,1.3277758633780947,5.62,1.124
0.5,2.0,12.0,24.0,10.0,1.0,20.0,60.0,1.439,1.56,1.4995,1.5377056274847714,1.6476084209217126,5.62,1.3488
0.46153846153846156,2.1666666666666665,12.0,26.0,0.0,1.0,16.0,30.0,0.924,1.009,0.9664999999999999,0.9926115549788289,0.9917724561228626,5.5862721893491125,0.8728550295857987
0.46153846153846156,2.1666666666666665,12.0,26.0,0.0,1.0,16.0,50.0,1.55,1.676,1.613,1.6543525916313815,1.7883553323789054,5.5862721893491125,1.4547583826429982
0.46153846153846156,2.1666666666666665,12.0,26.0,0.0,1.0,16.0,60.0,1.847,2.018,1.9324999999999999,1.9852231099576578,2.237675664329948,5.5862721893491125,1.7457100591715975
0.46153846153846156,2.1666666666666665,12.0,26.0,0.0,1.0,18.0,30.0,0.826,0.896,0.861,0.8823213822034035,0.870589731087619,5.5862721893491125,0.7758711374095989
0.46153846153846156,2.1666666666666665,12.0,26.0,0.0,1.0,18.0,50.0,1.376,1.494,1.435,1.4705356370056724,1.554282901629113,5.5862721893491125,1.2931185623493318
0.46153846153846156,2.1666666666666665,12.0,26.0,0.0,1.0,18.0,60.0,1.653,1.792,1.7225000000000001,1.764642764406807,1.933982622285991,5.5862721893491125,1.5517422748191978
0.46153846153846156,2.1666666666666665,12.0,26.0,0.0,1.0,20.0,30.0,0.748,0.805,0.7765,0.7940892439830631,0.7757966632381867,5.5862721893491125,0.6982840236686391
0.46153846153846156,2.1666666666666665,12.0,26.0,0.0,1.0,20.0,50.0,1.23,1.344,1.287,1.3234820733051051,1.3743927797221904,5.5862721893491125,1.1638067061143986
0.46153846153846156,2.1666666666666665,12.0,26.0,0.0,1.0,20.0,60.0,1.496,1.61,1.553,1.5881784879661263,1.7028720934008654,5.5862721893491125,1.3965680473372781
0.46153846153846156,2.1666666666666665,12.0,26.0,10.0,1.0,16.0,30.0,0.873,0.954,0.9135,0.943472369088788,0.9374045047731822,5.5862721893491125,0.8296443845567989
0.46153846153846156,2.1666666666666665,12.0,26.0,10.0,1.0,16.0,50.0,1.486,1.591,1.5385,1.5724539484813131,1.682763108577004,5.5862721893491125,1.3827406409279983
0.46153846153846156,2.1666666666666665,12.0,26.0,10.0,1.0,16.0,60.0,1.745,1.909,1.827,1.886944738177576,2.100257668054291,5.5862721893491125,1.6592887691135978
0.46153846153846156,2.1666666666666665,12.0,26.0,10.0,1.0,18.0,30.0,0.794,0.853,0.8235,0.8432806130793591,0.8284137930011763,5.5862721893491125,0.7415405561082893
0.46153846153846156,2.1666666666666665,12.0,26.0,10.0,1.0,18.0,50.0,1.317,1.43,1.3735,1.4054676884655983,1.473901834271633,5.5862721893491125,1.2359009268471488
0.46153846153846156,2.1666666666666665,12.0,26.0,10.0,1.0,18.0,60.0,1.589,1.706,1.6475,1.6865612261587182,1.8304709550999518,5.5862721893491125,1.4830811122165786
0.46153846153846156,2.1666666666666665,12.0,26.0,10.0,1.0,20.0,30.0,0.718,0.774,0.746,0.7623256742237406,0.7421276484227946,5.5862721893491125,0.6703526627218934
0.46153846153846156,2.1666666666666665,12.0,26.0,10.0,1.0,20.0,50.0,1.201,1.29,1.2455,1.270542790372901,1.3111628581341388,5.5862721893491125,1.1172544378698226
0.46153846153846156,2.1666666666666665,12.0,26.0,10.0,1.0,20.0,60.0,1.436,1.548,1.492,1.5246513484474813,1.6221049236062117,5.5862721893491125,1.3407053254437868
0.42857142857142855,2.3333333333333335,12.0,28.0,0.0,1.0,16.0,30.0,0.93,0.998,0.964,0.9853268010517698,0.9837918611068955,5.556938775510204,0.8682716836734694
0.42857142857142855,2.3333333333333335,12.0,28.0,0.0,1.0,16.0,50.0,1.537,1.663,1.6,1.6422113350862828,1.762573074382258,5.556938775510204,1.447119472789116
0.42857142857142855,2.3333333333333335,12.0,28.0,0.0,1.0,16.0,60.0,1.86,1.996,1.928,1.9706536021035397,2.197456100992351,5.556938775510204,1.7365433673469388
0.42857142857142855,2.3333333333333335,12.0,28.0,0.0,1.0,18.0,30.0,0.817,0.889,0.853,0.875846045379351,0.8644342006121973,5.556938775510204,0.771797052154195
0.42857142857142855,2.3333333333333335,12.0,28.0,0.0,1.0,18.0,50.0,1.378,1.481,1.4295,1.4597434089655847,1.5347712634887132,5.556938775510204,1.2863284202569918
0.42857142857142855,2.3333333333333335,12.0,28.0,0.0,1.0,18.0,60.0,1.635,1.778,1.7065000000000001,1.751692090758702,1.903865816504699,5.556938775510204,1.54359410430839
0.42857142857142855,2.3333333333333335,12.0,28.0,0.0,1.0,20.0,30.0,0.744,0.8,0.772,0.7882614408414158,0.7709048631866772,5.556938775510204,0.6946173469387755
0.42857142857142855,2.3333333333333335,12.0,28.0,0.0,1.0,20.0,50.0,1.24,1.33,1.2850000000000001,1.3137690680690262,1.3591140665875094,5.556938775510204,1.1576955782312928
0.42857142857142855,2.3333333333333335,12.0,28.0,0.0,1.0,20.0,60.0,1.488,1.599,1.5434999999999999,1.5765228816828316,1.6794795867050387,5.556938775510204,1.389234693877551
0.42857142857142855,2.3333333333333335,12.0,28.0,10.0,1.0,16.0,30.0,0.884,0.949,0.9165,0.9365482465442565,0.9302717568381812,5.556938775510204,0.825287936956961
0.42857142857142855,2.3333333333333335,12.0,28.0,10.0,1.0,16.0,50.0,1.475,1.581,1.528,1.5609137442404273,1.6599161114432024,5.556938775510204,1.3754798949282685
0.42857142857142855,2.3333333333333335,12.0,28.0,10.0,1.0,16.0,60.0,1.768,1.898,1.833,1.873096493088513,2.0647871226332604,5.556938775510204,1.650575873913922
0.42857142857142855,2.3333333333333335,12.0,28.0,10.0,1.0,18.0,30.0,0.789,0.847,0.8180000000000001,0.8370917955838044,0.8228383185018338,5.556938775510204,0.7376467401119741
0.42857142857142855,2.3333333333333335,12.0,28.0,10.0,1.0,18.0,50.0,1.315,1.414,1.3645,1.395152992639674,1.4563447354300763,5.556938775510204,1.2294112335199567
0.42857142857142855,2.3333333333333335,12.0,28.0,10.0,1.0,18.0,60.0,1.578,1.694,1.6360000000000001,1.6741835911676088,1.8034692255779157,5.556938775510204,1.4752934802239481
0.42857142857142855,2.3333333333333335,12.0,28.0,10.0,1.0,20.0,30.0,0.708,0.765,0.7364999999999999,0.7567309832077592,0.7376500105289872,5.556938775510204,0.6668326530612245
0.42857142857142855,2.3333333333333335,12.0,28.0,10.0,1.0,20.0,50.0,1.191,1.275,1.233,1.2612183053462651,1.2972505082154595,5.556938775510204,1.111387755102041
0.42857142857142855,2.3333333333333335,12.0,28.0,10.0,1.0,20.0,60.0,1.421,1.53,1.4755,1.5134619664155184,1.6008649659064664,5.556938775510204,1.333665306122449
0.4,2.5,12.0,30.0,0.0,1.0,16.0,30.0,0.926,0.992,0.9590000000000001,0.9790133476483184,0.9769785167866795,5.531199999999999,0.8642499999999999
0.4,2.5,12.0,30.0,0.0,1.0,16.0,50.0,1.539,1.653,1.596,1.6316889127471974,1.7408223520831478,5.531199999999999,1.4404166666666665
0.4,2.5,12.0,30.0,0.0,1.0,16.0,60.0,1.851,1.984,1.9175,1.9580266952966368,2.1637506978034935,5.531199999999999,1.7284999999999997
0.4,2.5,12.0,30.0,0.0,1.0,18.0,30.0,0.821,0.882,0.8514999999999999,0.8702340867985052,0.859169389018064,5.531199999999999,0.7682222222222221
0.4,2.5,12.0,30.0,0.0,1.0,18.0,50.0,1.358,1.471,1.4145,1.4503901446641754,1.5182531687353158,5.531199999999999,1.2803703703703702
0.4,2.5,12.0,30.0,0.0,1.0,18.0,60.0,1.643,1.764,1.7035,1.7404681735970104,1.878513205871096,5.531199999999999,1.5364444444444443
0.4,2.5,12.0,30.0,0.0,1.0,20.0,30.0,0.742,0.794,0.768,0.7832106781186547,0.7667149328236598,5.531199999999999,0.6913999999999999
0.4,2.5,12.0,30.0,0.0,1.0,20.0,50.0,1.229,1.316,1.2725,1.3053511301977578,1.346144670871948,5.531199999999999,1.1523333333333332
0.4,2.5,12.0,30.0,0.0,1.0,20.0,60.0,1.479,1.588,1.5335,1.5664213562373095,1.6597198292226183,5.531199999999999,1.3827999999999998
0.4,2.5,12.0,30.0,10.0,1.0,16.0,30.0,0.878,0.938,0.9079999999999999,0.9305473403389957,0.924177268979899,5.531199999999999,0.8214653465346533
0.4,2.5,12.0,30.0,10.0,1.0,16.0,50.0,1.458,1.562,1.51,1.5509122338983263,1.640611371501016,5.531199999999999,1.3691089108910888
0.4,2.5,12.0,30.0,10.0,1.0,16.0,60.0,1.755,1.876,1.8155,1.8610946806779913,2.035001132854796,5.531199999999999,1.6429306930693066
0.4,2.5,12.0,30.0,10.0,1.0,18.0,30.0,0.776,0.838,0.8069999999999999,0.8317281537543236,0.8180665950616206,5.531199999999999,0.7342300884955751
0.4,2.5,12.0,30.0,10.0,1.0,18.0,50.0,1.307,1.398,1.3525,1.3862135895905394,1.441463467768451,5.531199999999999,1.2237168141592918
0.4,2.5,12.0,30.0,10.0,1.0,18.0,60.0,1.552,1.677,1.6145,1.6634563075086473,1.7807039684311825,5.531199999999999,1.4684601769911503
0.4,2.5,12.0,30.0,10.0,1.0,20.0,30.0,0.709,0.758,0.7335,0.7518822509939086,0.7338128693819455,5.531199999999999,0.6637439999999999
0.4,2.5,12.0,30.0,10.0,1.0,20.0,50.0,1.181,1.263,1.222,1.2531370849898475,1.2854297780474335,5.531199999999999,1.10624
0.4,2.5,12.0,30.0,10.0,1.0,20.0,60.0,1.419,1.516,1.4675,1.5037645019878172,1.5829018862873827,5.531199999999999,1.3274879999999998
3.5,0.2857142857142857,14.0,4.0,0.0,1.0,16.0,30.0,1.063,1.191,1.127,1.4263054645052455,2.2646734164975086,7.2,0.9642857142857143
3.5,0.2857142857142857,14.0,4.0,0.0,1.0,16.0,50.0,1.801,1.986,1.8935,2.377175774175409,-12.13417928692054,7.2,1.6071428571428572
3.5,0.2857142857142857,14.0,4.0,0.0,1.0,16.0,60.0,2.112,2.382,2.247,2.852610929010491,-4.6859041144970455,7.2,1.9285714285714286
3.5,0.2857142857142857,14.0,4.0,0.0,1.0,18.0,30.0,0.958,1.059,1.0085,1.2678270795602182,1.652052986742146,7.2,0.8571428571428571
3.5,0.2857142857142857,14.0,4.0,0.0,1.0,18.0,50.0,1.607,1.762,1.6844999999999999,2.1130451326003636,63.156123080460695,7.2,1.4285714285714286
3.5,0.2857142857142857,14.0,4.0,0.0,1.0,18.0,60.0,1.916,2.118,2.017,2.5356541591204365,-7.602559849758489,7.2,1.7142857142857142
3.5,0.2857142857142857,14.0,4.0,0.0,1.0,20.0,30.0,0.861,0.953,0.907,1.1410443716041965,1.300305315215775,7.2,0.7714285714285715
3.5,0.2857142857142857,14.0,4.0,0.0,1.0,20.0,50.0,1.446,1.584,1.5150000000000001,1.901740619340327,8.765825155880941,7.2,1.2857142857142858
3.5,0.2857142857142857,14.0,4.0,0.0,1.0,20.0,60.0,1.723,1.907,1.815,2.282088743208393,-20.135593678534242,7.2,1.542857142857143
3.5,0.2857142857142857,14.0,4.0,10.0,1.0,16.0,30.0,1.029,1.14,1.0844999999999998,1.3653522395263888,1.9998228004772496,7.2,0.9230769230769231
3.5,0.2857142857142857,14.0,4.0,10.0,1.0,16.0,50.0,1.7,1.896,1.798,2.2755870658773145,-21.13087487270681,7.2,1.5384615384615385
3.5,0.2857142857142857,14.0,4.0,10.0,1.0,16.0,60.0,2.058,2.28,2.1689999999999996,2.7307044790527777,-5.429877348691414,7.2,1.8461538461538463
3.5,0.2857142857142857,14.0,4.0,10.0,1.0,18.0,30.0,0.916,1.016,0.966,1.2194367330121183,1.506507372460165,7.2,0.8244274809160306
3.5,0.2857142857142857,14.0,4.0,10.0,1.0,18.0,50.0,1.534,1.693,1.6135000000000002,2.032394555020197,19.63807160175253,7.2,1.3740458015267176
3.5,0.2857142857142857,14.0,4.0,10.0,1.0,18.0,60.0,1.832,2.032,1.932,2.4388734660242366,-9.775660567070751,7.2,1.6488549618320612
3.5,0.2857142857142857,14.0,4.0,10.0,1.0,20.0,30.0,0.821,0.918,0.8694999999999999,1.1016980139626724,1.2084158664368885,7.2,0.7448275862068966
3.5,0.2857142857142857,14.0,4.0,10.0,1.0,20.0,50.0,1.386,1.53,1.458,1.8361633566044537,6.703890653101013,7.2,1.2413793103448276
3.5,0.2857142857142857,14.0,4.0,10.0,1.0,20.0,60.0,1.643,1.836,1.7395,2.203396027925345,-48.9631263535696,7.2,1.4896551724137932
2.3333333333333335,0.42857142857142855,14.0,6.0,0.0,1.0,16.0,30.0,0.997,1.111,1.054,1.2053345953844494,1.367944728096046,6.609999999999999,0.885267857142857
2.3333333333333335,0.42857142857142855,14.0,6.0,0.0,1.0,16.0,50.0,1.639,1.85,1.7445,2.0088909923074154,4.8298193884335126,6.609999999999999,1.4754464285714286
2.3333333333333335,0.42857142857142855,14.0,6.0,0.0,1.0,16.0,60.0,1.995,2.222,2.1085000000000003,2.410669190768899,13.148737733821413,6.609999999999999,1.770535714285714
2.3333333333333335,0.42857142857142855,14.0,6.0,0.0,1.0,18.0,30.0,0.888,0.985,0.9365,1.0714085292306217,1.1176101657531272,6.609999999999999,0.7869047619047619
2.3333333333333335,0.42857142857142855,14.0,6.0,0.0,1.0,18.0,50.0,1.46,1.643,1.5514999999999999,1.7856808820510361,3.27554514215936,6.609999999999999,1.3115079365079365
2.3333333333333335,0.42857142857142855,14.0,6.0,0.0,1.0,18.0,60.0,1.776,1.969,1.8725,2.1428170584612434,6.3321488383156606,6.609999999999999,1.5738095238095238
2.3333333333333335,0.42857142857142855,14.0,6.0,0.0,1.0,20.0,30.0,0.811,0.887,0.849,0.9642676763075595,0.944725019556938,6.609999999999999,0.7082142857142857
2.3333333333333335,0.42857142857142855,14.0,6.0,0.0,1.0,20.0,50.0,1.322,1.479,1.4005,1.6071127938459324,2.478079480113219,6.609999999999999,1.1803571428571429
2.3333333333333335,0.42857142857142855,14.0,6.0,0.0,1.0,20.0,60.0,1.622,1.774,1.698,1.928535352615119,4.1702179940414235,6.609999999999999,1.4164285714285714
2.3333333333333335,0.42857142857142855,14.0,6.0,10.0,1.0,16.0,30.0,0.945,1.061,1.003,1.1538245699406695,1.266619279775913,6.609999999999999,0.8474358974358973
2.3333333333333335,0.42857142857142855,14.0,6.0,10.0,1.0,16.0,50.0,1.612,1.773,1.6925,1.9230409499011158,4.129930947604352,6.609999999999999,1.4123931623931625
2.3333333333333335,0.42857142857142855,14.0,6.0,10.0,1.0,16.0,60.0,1.89,2.121,2.0055,2.307649139881339,9.497335135409092,6.609999999999999,1.6948717948717946
2.3333333333333335,0.42857142857142855,14.0,6.0,10.0,1.0,18.0,30.0,0.842,0.948,0.895,1.030515073916476,1.0490472493645222,6.609999999999999,0.7568702290076336
2.3333333333333335,0.42857142857142855,14.0,6.0,10.0,1.0,18.0,50.0,1.401,1.587,1.494,1.7175251231941264,2.9378893779443684,6.609999999999999,1.2614503816793894
2.3333333333333335,0.42857142857142855,14.0,6.0,10.0,1.0,18.0,60.0,1.685,1.895,1.79,2.061030147832952,5.34290671669691,6.609999999999999,1.5137404580152671
2.3333333333333335,0.42857142857142855,14.0,6.0,10.0,1.0,20.0,30.0,0.775,0.86,0.8175,0.9310170667797126,0.8952642845438217,6.609999999999999,0.6837931034482758
2.3333333333333335,0.42857142857142855,14.0,6.0,10.0,1.0,20.0,50.0,1.267,1.436,1.3515,1.551695111299521,2.2798464710688586,6.609999999999999,1.139655172413793
2.3333333333333335,0.42857142857142855,14.0,6.0,10.0,1.0,20.0,60.0,1.551,1.721,1.6360000000000001,1.8620341335594253,3.7169831930161203,6.609999999999999,1.3675862068965516
1.75,0.5714285714285714,14.0,8.0,0.0,1.0,16.0,30.0,0.967,1.053,1.01,1.0948491608240514,1.1418742878682697,6.42625,0.8606584821428571
1.75,0.5714285714285714,14.0,8.0,0.0,1.0,16.0,50.0,1.558,1.762,1.6600000000000001,1.8247486013734187,2.8427137468033634,6.42625,1.4344308035714286
1.75,0.5714285714285714,14.0,8.0,0.0,1.0,16.0,60.0,1.933,2.107,2.02,2.1896983216481027,4.529346832995017,6.42625,1.7213169642857142
1.75,0.5714285714285714,14.0,8.0,0.0,1.0,18.0,30.0,0.835,0.937,0.886,0.9731992540658234,0.962004815467861,6.42625,0.7650297619047619
1.75,0.5714285714285714,14.0,8.0,0.0,1.0,18.0,50.0,1.392,1.574,1.483,1.6219987567763723,2.222112835493377,6.42625,1.2750496031746033
1.75,0.5714285714285714,14.0,8.0,0.0,1.0,18.0,60.0,1.67,1.874,1.772,1.9463985081316468,3.304105973484292,6.42625,1.5300595238095238
1.75,0.5714285714285714,14.0,8.0,0.0,1.0,20.0,30.0,0.735,0.85,0.7925,0.875879328659241,0.8310904099633608,6.42625,0.6885267857142857
1.75,0.5714285714285714,14.0,8.0,0.0,1.0,20.0,50.0,1.248,1.407,1.3275000000000001,1.459798881098735,1.8239263041280611,6.42625,1.1475446428571427
1.75,0.5714285714285714,14.0,8.0,0.0,1.0,20.0,60.0,1.47,1.699,1.5845,1.751758657318482,2.60061063043155,6.42625,1.3770535714285714
1.75,0.5714285714285714,14.0,8.0,10.0,1.0,16.0,30.0,0.909,1.015,0.962,1.0480607351478097,1.070397154065094,6.42625,0.8238782051282051
1.75,0.5714285714285714,14.0,8.0,10.0,1.0,16.0,50.0,1.517,1.682,1.5995,1.7467678919130163,2.5848859941860907,6.42625,1.3731303418803418
1.75,0.5714285714285714,14.0,8.0,10.0,1.0,16.0,60.0,1.818,2.031,1.9245,2.0961214702956195,3.999645600954499,6.42625,1.6477564102564102
1.75,0.5714285714285714,14.0,8.0,10.0,1.0,18.0,30.0,0.822,0.908,0.865,0.9360542443686546,0.9107672438672368,6.42625,0.7358301526717557
1.75,0.5714285714285714,14.0,8.0,10.0,1.0,18.0,50.0,1.343,1.502,1.4224999999999999,1.5600904072810908,2.0613886860800665,6.42625,1.2263835877862594
1.75,0.5714285714285714,14.0,8.0,10.0,1.0,18.0,60.0,1.643,1.816,1.7295,1.8721084887373092,3.01301474492033,6.42625,1.4716603053435113
1.75,0.5714285714285714,14.0,8.0,10.0,1.0,20.0,30.0,0.71,0.814,0.762,0.8456765931882327,0.7925700939233906,6.42625,0.6647844827586207
1.75,0.5714285714285714,14.0,8.0,10.0,1.0,20.0,50.0,1.178,1.362,1.27,1.4094609886470544,1.7142206172877203,6.42625,1.1079741379310344
1.75,0.5714285714285714,14.0,8.0,10.0,1.0,20.0,60.0,1.402,1.628,1.515,1.6913531863764655,2.416831732873777,6.42625,1.3295689655172414
1.4,0.7142857142857143,14.0,10.0,0.0,1.0,16.0,30.0,0.93,1.016,0.9730000000000001,1.0285579000878124,1.038863012454201,6.257199999999999,0.838017857142857
1.4,0.7142857142857143,14.0,10.0,0.0,1.0,16.0,50.0,1.517,1.694,1.6055,1.7142631668130208,2.2799078801600765,6.257199999999999,1.3966964285714283
1.4,0.7142857142857143,14.0,10.0,0.0,1.0,16.0,60.0,1.861,2.032,1.9465,2.057115800175625,3.2507632880394377,6.257199999999999,1.676035714285714
1.4,0.7142857142857143,14.0,10.0,0.0,1.0,18.0,30.0,0.813,0.904,0.8585,0.9142736889669444,0.8878364980152655,6.257199999999999,0.7449047619047618
1.4,0.7142857142857143,14.0,10.0,0.0,1.0,18.0,50.0,1.379,1.507,1.443,1.523789481611574,1.8626836095885455,6.257199999999999,1.2415079365079362
1.4,0.7142857142857143,14.0,10.0,0.0,1.0,18.0,60.0,1.616,1.809,1.7125,1.8285473779338888,2.567450745461902,6.257199999999999,1.4898095238095237
1.4,0.7142857142857143,14.0,10.0,0.0,1.0,20.0,30.0,0.73,0.816,0.7729999999999999,0.8228463200702499,0.7751480100032532,6.257199999999999,0.6704142857142856
1.4,0.7142857142857143,14.0,10.0,0.0,1.0,20.0,50.0,1.239,1.362,1.3005,1.3714105334504165,1.5745416992615633,6.257199999999999,1.1173571428571427
1.4,0.7142857142857143,14.0,10.0,0.0,1.0,20.0,60.0,1.46,1.632,1.5459999999999998,1.6456926401404999,2.121508325346165,6.257199999999999,1.3408285714285713
1.4,0.7142857142857143,14.0,10.0,10.0,1.0,16.0,30.0,0.892,0.978,0.935,0.9846024342720939,0.9793644453221592,6.257199999999999,0.8022051282051281
1.4,0.7142857142857143,14.0,10.0,10.0,1.0,16.0,50.0,1.476,1.621,1.5485,1.6410040571201567,2.1110321329598554,6.257199999999999,1.3370085470085469
1.4,0.7142857142857143,14.0,10.0,10.0,1.0,16.0,60.0,1.785,1.955,1.87,1.9692048685441879,2.9685938199944464,6.257199999999999,1.6044102564102563
1.4,0.7142857142857143,14.0,10.0,10.0,1.0,18.0,30.0,0.796,0.868,0.8320000000000001,0.8793777466399618,0.8440150163548678,6.257199999999999,0.716473282442748
1.4,0.7142857142857143,14.0,10.0,10.0,1.0,18.0,50.0,1.327,1.448,1.3875,1.4656295777332697,1.7484120822742037,6.257199999999999,1.19412213740458
1.4,0.7142857142857143,14.0,10.0,10.0,1.0,18.0,60.0,1.593,1.737,1.665,1.7587554932799236,2.388167080243788,6.257199999999999,1.432946564885496
1.4,0.7142857142857143,14.0,10.0,10.0,1.0,20.0,30.0,0.717,0.789,0.753,0.7944723090333448,0.7415340540754054,6.257199999999999,0.6472965517241379
1.4,0.7142857142857143,14.0,10.0,10.0,1.0,20.0,50.0,1.183,1.308,1.2455,1.3241205150555746,1.4921071409063695,6.257199999999999,1.0788275862068963
1.4,0.7142857142857143,14.0,10.0,10.0,1.0,20.0,60.0,1.435,1.578,1.5065,1.5889446180666895,1.9975928333407766,6.257199999999999,1.2945931034482758
1.1666666666666667,0.8571428571428571,14.0,12.0,0.0,1.0,16.0,30.0,0.875,0.986,0.9305,0.9843637262636532,0.9799285121485768,6.12,0.8196428571428571
1.1666666666666667,0.8571428571428571,14.0,12.0,0.0,1.0,16.0,50.0,1.44,1.646,1.543,1.6406062104394221,2.0140743677724062,6.12,1.3660714285714286
1.1666666666666667,0.8571428571428571,14.0,12.0,0.0,1.0,16.0,60.0,1.751,1.972,1.8615,1.9687274525273064,2.735889456192092,6.12,1.6392857142857142
1.1666666666666667,0.8571428571428571,14.0,12.0,0.0,1.0,18.0,30.0,0.782,0.877,0.8295,0.8749899789010251,0.8444339137616368,6.12,0.7285714285714285
1.1666666666666667,0.8571428571428571,14.0,12.0,0.0,1.0,18.0,50.0,1.319,1.463,1.391,1.4583166315017084,1.6813741789311765,6.12,1.2142857142857142
1.1666666666666667,0.8571428571428571,14.0,12.0,0.0,1.0,18.0,60.0,1.563,1.755,1.6589999999999998,1.7499799578020503,2.2352203315062544,6.12,1.457142857142857
1.1666666666666667,0.8571428571428571,14.0,12.0,0.0,1.0,20.0,30.0,0.696,0.789,0.7424999999999999,0.7874909810109226,0.7418573821040549,6.12,0.6557142857142857
1.1666666666666667,0.8571428571428571,14.0,12.0,0.0,1.0,20.0,50.0,1.187,1.315,1.251,1.3124849683515376,1.4430072232017914,6.12,1.0928571428571427
1.1666666666666667,0.8571428571428571,14.0,12.0,0.0,1.0,20.0,60.0,1.392,1.578,1.4849999999999999,1.5749819620218453,1.889450039113876,6.12,1.3114285714285714
1.1666666666666667,0.8571428571428571,14.0,12.0,10.0,1.0,16.0,30.0,0.836,0.945,0.8905,0.9422969003549502,0.9268165826253771,6.12,0.7846153846153846
1.1666666666666667,0.8571428571428571,14.0,12.0,10.0,1.0,16.0,50.0,1.395,1.581,1.488,1.570494833924917,1.881135858479065,6.12,1.3076923076923077
1.1666666666666667,0.8571428571428571,14.0,12.0,10.0,1.0,16.0,60.0,1.698,1.89,1.794,1.8845938007099003,2.533238559551826,6.12,1.5692307692307692
1.1666666666666667,0.8571428571428571,14.0,12.0,10.0,1.0,18.0,30.0,0.77,0.843,0.8065,0.8415934148208333,0.8046963194670661,6.12,0.7007633587786259
1.1666666666666667,0.8571428571428571,14.0,12.0,10.0,1.0,18.0,50.0,1.282,1.406,1.3439999999999999,1.4026556913680555,1.587706504529858,6.12,1.16793893129771
1.1666666666666667,0.8571428571428571,14.0,12.0,10.0,1.0,18.0,60.0,1.536,1.686,1.611,1.6831868296416665,2.0980944987290444,6.12,1.4015267175572519
1.1666666666666667,0.8571428571428571,14.0,12.0,10.0,1.0,20.0,30.0,0.69,0.762,0.726,0.7603361195967528,0.7110112452027308,6.12,0.6331034482758621
1.1666666666666667,0.8571428571428571,14.0,12.0,10.0,1.0,20.0,50.0,1.134,1.271,1.2025,1.267226865994588,1.3734661169698474,6.12,1.0551724137931036
1.1666666666666667,0.8571428571428571,14.0,12.0,10.0,1.0,20.0,60.0,1.381,1.524,1.4525000000000001,1.5206722391935057,1.7905285690876434,6.12,1.2662068965517241
1.0,1.0,14.0,14.0,0.0,1.0,16.0,30.0,0.858,0.965,0.9115,0.9527964592463967,0.9417669004252931,6.01,0.8049107142857143
1.0,1.0,14.0,14.0,0.0,1.0,16.0,50.0,1.43,1.605,1.5175,1.5879940987439944,1.859229309009576,6.01,1.3415178571428572
1.0,1.0,14.0,14.0,0.0,1.0,16.0,60.0,1.716,1.931,1.8235000000000001,1.9055929184927933,2.4578290743646667,6.01,1.6098214285714285
1.0,1.0,14.0,14.0,0.0,1.0,18.0,30.0,0.766,0.858,0.812,0.846930185996797,0.8159424927877281,6.01,0.7154761904761904
1.0,1.0,14.0,14.0,0.0,1.0,18.0,50.0,1.277,1.431,1.354,1.4115503099946618,1.5720727345791161,6.01,1.1924603174603174
1.0,1.0,14.0,14.0,0.0,1.0,18.0,60.0,1.533,1.716,1.6244999999999998,1.693860371993594,2.0461008507369978,6.01,1.4309523809523808
1.0,1.0,14.0,14.0,0.0,1.0,20.0,30.0,0.691,0.773,0.732,0.7622371673971173,0.7197769657307308,6.01,0.6439285714285714
1.0,1.0,14.0,14.0,0.0,1.0,20.0,50.0,1.131,1.285,1.208,1.2703952789951956,1.3617512706242045,6.01,1.0732142857142857
1.0,1.0,14.0,14.0,0.0,1.0,20.0,60.0,1.365,1.545,1.455,1.5244743347942347,1.7525233469086505,6.01,1.2878571428571428
1.0,1.0,14.0,14.0,10.0,1.0,16.0,30.0,0.826,0.924,0.875,0.9120786618427045,0.8926073641319959,6.01,0.7705128205128204
1.0,1.0,14.0,14.0,10.0,1.0,16.0,50.0,1.42,1.542,1.4809999999999999,1.5201311030711742,1.7453682623968287,6.01,1.2841880341880343
1.0,1.0,14.0,14.0,10.0,1.0,16.0,60.0,1.651,1.848,1.7495,1.824157323685409,2.2930368891390343,6.01,1.5410256410256409
1.0,1.0,14.0,14.0,10.0,1.0,18.0,30.0,0.743,0.826,0.7845,0.8146046063785987,0.7787821730443119,6.01,0.6881679389312977
1.0,1.0,14.0,14.0,10.0,1.0,18.0,50.0,1.264,1.37,1.3170000000000002,1.357674343964331,1.4898897502328043,6.01,1.1469465648854962
1.0,1.0,14.0,14.0,10.0,1.0,18.0,60.0,1.489,1.653,1.5710000000000002,1.6292092127571973,1.9305979802730278,6.01,1.3763358778625954
1.0,1.0,14.0,14.0,10.0,1.0,20.0,30.0,0.679,0.746,0.7125,0.7359531271420443,0.6907037129401455,6.01,0.6217241379310344
1.0,1.0,14.0,14.0,10.0,1.0,20.0,50.0,1.137,1.244,1.1905000000000001,1.2265885452367404,1.299652885762536,6.01,1.0362068965517242
1.0,1.0,14.0,14.0,10.0,1.0,20.0,60.0,1.359,1.492,1.4255,1.4719062542840886,1.667095738620233,6.01,1.2434482758620689
0.875,1.1428571428571428,14.0,16.0,0.0,1.0,16.0,30.0,0.862,0.94,0.901,0.9291210089834543,0.9150408932377124,5.9209375,0.7929827008928572
0.875,1.1428571428571428,14.0,16.0,0.0,1.0,16.0,50.0,1.399,1.569,1.484,1.5485350149724237,1.757868626249629,5.9209375,1.3216378348214286
0.875,1.1428571428571428,14.0,16.0,0.0,1.0,16.0,60.0,1.724,1.881,1.8025,1.8582420179669086,2.2837485757365394,5.9209375,1.5859654017857143
0.875,1.1428571428571428,14.0,16.0,0.0,1.0,18.0,30.0,0.76,0.839,0.7995,0.825885341318626,0.795804503809439,5.9209375,0.704873511904762
0.875,1.1428571428571428,14.0,16.0,0.0,1.0,18.0,50.0,1.266,1.393,1.3295,1.3764755688643766,1.4989889189867684,5.9209375,1.1747891865079365
0.875,1.1428571428571428,14.0,16.0,0.0,1.0,18.0,60.0,1.52,1.678,1.599,1.651770682637252,1.924009630935722,5.9209375,1.409747023809524
0.875,1.1428571428571428,14.0,16.0,0.0,1.0,20.0,30.0,0.682,0.753,0.7175,0.7432968071867634,0.7040603871056402,5.9209375,0.6343861607142858
0.875,1.1428571428571428,14.0,16.0,0.0,1.0,20.0,50.0,1.14,1.255,1.1974999999999998,1.238828011977939,1.3065713495314355,5.9209375,1.0573102678571429
0.875,1.1428571428571428,14.0,16.0,0.0,1.0,20.0,60.0,1.363,1.507,1.435,1.4865936143735268,1.6621808199267216,5.9209375,1.2687723214285715
0.875,1.1428571428571428,14.0,16.0,10.0,1.0,16.0,30.0,0.821,0.9,0.8605,0.8894149829585204,0.8685630727731711,5.9209375,0.7590945512820513
0.875,1.1428571428571428,14.0,16.0,10.0,1.0,16.0,50.0,1.368,1.504,1.436,1.482358304930867,1.6557430553668206,5.9209375,1.2651575854700854
0.875,1.1428571428571428,14.0,16.0,10.0,1.0,16.0,60.0,1.657,1.8,1.7285,1.7788299659170408,2.140794308130188,5.9209375,1.5181891025641026
0.875,1.1428571428571428,14.0,16.0,10.0,1.0,18.0,30.0,0.727,0.805,0.766,0.7943630000469227,0.7604160523906399,5.9209375,0.6779699427480916
0.875,1.1428571428571428,14.0,16.0,10.0,1.0,18.0,50.0,1.222,1.34,1.2810000000000001,1.3239383334115378,1.4240874686307872,5.9209375,1.1299499045801527
0.875,1.1428571428571428,14.0,16.0,10.0,1.0,18.0,60.0,1.453,1.61,1.5315,1.5887260000938455,1.8215344877344737,5.9209375,1.3559398854961833
0.875,1.1428571428571428,14.0,16.0,10.0,1.0,20.0,30.0,0.66,0.728,0.694,0.717665882801013,0.6762183657962568,5.9209375,0.612510775862069
0.875,1.1428571428571428,14.0,16.0,10.0,1.0,20.0,50.0,1.103,1.213,1.158,1.196109804668355,1.2492977815186144,5.9209375,1.0208512931034484
0.875,1.1428571428571428,14.0,16.0,10.0,1.0,20.0,60.0,1.32,1.456,1.388,1.435331765602026,1.5851401878467812,5.9209375,1.225021551724138
0.7777777777777778,1.2857142857142858,14.0,18.0,0.0,1.0,16.0,30.0,0.847,0.925,0.886,0.9107067698900545,0.8952800667856189,5.847777777777777,0.7831845238095237
0.7777777777777778,1.2857142857142858,14.0,18.0,0.0,1.0,16.0,50.0,1.412,1.54,1.476,1.5178446164834243,1.6863625338601147,5.847777777777777,1.3053075396825395
0.7777777777777778,1.2857142857142858,14.0,18.0,0.0,1.0,16.0,60.0,1.693,1.85,1.7715,1.821413539780109,2.1645108348026874,5.847777777777777,1.5663690476190475
0.7777777777777778,1.2857142857142858,14.0,18.0,0.0,1.0,18.0,30.0,0.754,0.821,0.7875,0.8095171287911596,0.7808159153495909,5.847777777777777,0.6961640211640211
0.7777777777777778,1.2857142857142858,14.0,18.0,0.0,1.0,18.0,50.0,1.243,1.369,1.306,1.3491952146519326,1.4466799022827614,5.847777777777777,1.1602733686067017
0.7777777777777778,1.2857142857142858,14.0,18.0,0.0,1.0,18.0,60.0,1.508,1.643,1.5755,1.6190342575823191,1.838676392540184,5.847777777777777,1.3923280423280422
0.7777777777777778,1.2857142857142858,14.0,18.0,0.0,1.0,20.0,30.0,0.675,0.74,0.7075,0.7285654159120436,0.6923029735912875,5.847777777777777,0.6265476190476189
0.7777777777777778,1.2857142857142858,14.0,18.0,0.0,1.0,20.0,50.0,1.115,1.236,1.1755,1.2142756931867393,1.2666508706424553,5.847777777777777,1.0442460317460316
0.7777777777777778,1.2857142857142858,14.0,18.0,0.0,1.0,20.0,60.0,1.351,1.479,1.415,1.4571308318240872,1.598105696427478,5.847777777777777,1.2530952380952378
0.7777777777777778,1.2857142857142858,14.0,18.0,10.0,1.0,16.0,30.0,0.805,0.886,0.8455,0.8717876771597103,0.8507391429984387,5.847777777777777,0.7497150997150996
0.7777777777777778,1.2857142857142858,14.0,18.0,10.0,1.0,16.0,50.0,1.333,1.477,1.405,1.4529794619328507,1.5921538132029904,5.847777777777777,1.2495251661918327
0.7777777777777778,1.2857142857142858,14.0,18.0,10.0,1.0,16.0,60.0,1.621,1.768,1.6945000000000001,1.7435753543194206,2.0356734863433115,5.847777777777777,1.4994301994301993
0.7777777777777778,1.2857142857142858,14.0,18.0,10.0,1.0,18.0,30.0,0.721,0.79,0.7555000000000001,0.7786195284556191,0.7467194011553001,5.847777777777777,0.6695928753180661
0.7777777777777778,1.2857142857142858,14.0,18.0,10.0,1.0,18.0,50.0,1.184,1.321,1.2525,1.2976992140926986,1.3767929316236425,5.847777777777777,1.11598812553011
0.7777777777777778,1.2857142857142858,14.0,18.0,10.0,1.0,18.0,60.0,1.443,1.579,1.5110000000000001,1.5572390569112382,1.7448679840497885,5.847777777777777,1.3391857506361322
0.7777777777777778,1.2857142857142858,14.0,18.0,10.0,1.0,20.0,30.0,0.646,0.714,0.6799999999999999,0.7034424705357663,0.6653652911589049,5.847777777777777,0.6049425287356321
0.7777777777777778,1.2857142857142858,14.0,18.0,10.0,1.0,20.0,50.0,1.092,1.191,1.1415000000000002,1.1724041175596105,1.2127514771543675,5.847777777777777,1.0082375478927201
0.7777777777777778,1.2857142857142858,14.0,18.0,10.0,1.0,20.0,60.0,1.292,1.428,1.3599999999999999,1.4068849410715325,1.5267627645245525,5.847777777777777,1.2098850574712643
0.7,1.4285714285714286,14.0,20.0,0.0,1.0,16.0,30.0,0.834,0.911,0.8725,0.8959753786153348,0.8800754838820503,5.7868,0.7750178571428572
0.7,1.4285714285714286,14.0,20.0,0.0,1.0,16.0,50.0,1.387,1.519,1.4529999999999998,1.4932922976922247,1.6332141869142947,5.7868,1.2916964285714287
0.7,1.4285714285714286,14.0,20.0,0.0,1.0,16.0,60.0,1.664,1.823,1.7435,1.7919507572306697,2.077726024908402,5.7868,1.5500357142857144
0.7,1.4285714285714286,14.0,20.0,0.0,1.0,18.0,30.0,0.746,0.81,0.778,0.7964225587691866,0.7692255262125417,5.7868,0.6889047619047619
0.7,1.4285714285714286,14.0,20.0,0.0,1.0,18.0,50.0,1.235,1.35,1.2925,1.3273709312819775,1.4073898562693947,5.7868,1.1481746031746034
0.7,1.4285714285714286,14.0,20.0,0.0,1.0,18.0,60.0,1.482,1.62,1.5510000000000002,1.592845117538373,1.775672996030531,5.7868,1.3778095238095238
0.7,1.4285714285714286,14.0,20.0,0.0,1.0,20.0,30.0,0.662,0.73,0.696,0.7167803028922679,0.6831760481756726,5.7868,0.6200142857142857
0.7,1.4285714285714286,14.0,20.0,0.0,1.0,20.0,50.0,1.11,1.214,1.162,1.1946338381537798,1.236428970173425,5.7868,1.0333571428571429
0.7,1.4285714285714286,14.0,20.0,0.0,1.0,20.0,60.0,1.325,1.461,1.393,1.4335606057845358,1.5502960200065063,5.7868,1.2400285714285715
0.7,1.4285714285714286,14.0,20.0,10.0,1.0,16.0,30.0,0.799,0.874,0.8365,0.8576858325206624,0.8369981976924266,5.7868,0.741897435897436
0.7,1.4285714285714286,14.0,20.0,10.0,1.0,16.0,50.0,1.333,1.453,1.393,1.4294763875344374,1.5446943043756285,5.7868,1.2364957264957266
0.7,1.4285714285714286,14.0,20.0,10.0,1.0,16.0,60.0,1.598,1.747,1.6725,1.7153716650413249,1.9587288906443183,5.7868,1.483794871794872
0.7,1.4285714285714286,14.0,20.0,10.0,1.0,18.0,30.0,0.713,0.778,0.7455,0.7660247511825764,0.7361122886349545,5.7868,0.6626106870229008
0.7,1.4285714285714286,14.0,20.0,10.0,1.0,18.0,50.0,1.195,1.298,1.2465000000000002,1.2767079186376271,1.3411605324451101,5.7868,1.104351145038168
0.7,1.4285714285714286,14.0,20.0,10.0,1.0,18.0,60.0,1.427,1.558,1.4925000000000002,1.5320495023651528,1.6880300327097355,5.7868,1.3252213740458016
0.7,1.4285714285714286,14.0,20.0,10.0,1.0,20.0,30.0,0.644,0.704,0.6739999999999999,0.692063740723569,0.6569304826177244,5.7868,0.5986344827586207
0.7,1.4285714285714286,14.0,20.0,10.0,1.0,20.0,50.0,1.071,1.172,1.1215,1.153439567872615,1.1850187420045515,5.7868,0.9977241379310345
0.7,1.4285714285714286,14.0,20.0,10.0,1.0,20.0,60.0,1.288,1.407,1.3475000000000001,1.384127481447138,1.4830681081508108,5.7868,1.1972689655172415
0.6363636363636364,1.5714285714285714,14.0,22.0,0.0,1.0,16.0,30.0,0.813,0.899,0.856,0.8839224221178369,0.8680142353178014,5.735289256198347,0.7681190968122786
0.6363636363636364,1.5714285714285714,14.0,22.0,0.0,1.0,16.0,50.0,1.364,1.501,1.4325,1.4732040368630612,1.5921583509169253,5.735289256198347,1.280198494687131
0.6363636363636364,1.5714285714285714,14.0,22.0,0.0,1.0,16.0,60.0,1.668,1.799,1.7334999999999998,1.7678448442356738,2.01173210527593,5.735289256198347,1.5362381936245573
0.6363636363636364,1.5714285714285714,14.0,22.0,0.0,1.0,18.0,30.0,0.731,0.8,0.7655000000000001,0.7857088196602995,0.7599953473233305,5.735289256198347,0.6827725304998032
0.6363636363636364,1.5714285714285714,14.0,22.0,0.0,1.0,18.0,50.0,1.213,1.335,1.274,1.3095146994338323,1.3767963247822388,5.735289256198347,1.137954217499672
0.6363636363636364,1.5714285714285714,14.0,22.0,0.0,1.0,18.0,60.0,1.463,1.6,1.5315,1.571417639320599,1.7272486950391621,5.735289256198347,1.3655450609996065
0.6363636363636364,1.5714285714285714,14.0,22.0,0.0,1.0,20.0,30.0,0.66,0.72,0.69,0.7071379376942696,0.6758856482382793,5.735289256198347,0.6144952774498229
0.6363636363636364,1.5714285714285714,14.0,22.0,0.0,1.0,20.0,50.0,1.085,1.197,1.141,1.1785632294904491,1.2127541099090915,5.735289256198347,1.024158795749705
0.6363636363636364,1.5714285714285714,14.0,22.0,0.0,1.0,20.0,60.0,1.32,1.441,1.3805,1.4142758753885392,1.5132558900205817,5.735289256198347,1.2289905548996458
0.6363636363636364,1.5714285714285714,14.0,22.0,10.0,1.0,16.0,30.0,0.792,0.863,0.8275,0.8461479596341687,0.826081459505916,5.735289256198347,0.7352934943844035
0.6363636363636364,1.5714285714285714,14.0,22.0,10.0,1.0,16.0,50.0,1.307,1.432,1.3695,1.4102465993902809,1.50791819157597,5.735289256198347,1.225489157307339
0.6363636363636364,1.5714285714285714,14.0,22.0,10.0,1.0,16.0,60.0,1.584,1.725,1.6545,1.6922959192683373,1.899970921037845,5.735289256198347,1.470586988768807
0.6363636363636364,1.5714285714285714,14.0,22.0,10.0,1.0,18.0,30.0,0.715,0.77,0.7424999999999999,0.7557199334137231,0.7276553093378406,5.735289256198347,0.6567125102517192
0.6363636363636364,1.5714285714285714,14.0,22.0,10.0,1.0,18.0,50.0,1.191,1.282,1.2365,1.259533222356205,1.3133501607649294,5.735289256198347,1.0945208504195318
0.6363636363636364,1.5714285714285714,14.0,22.0,10.0,1.0,18.0,60.0,1.429,1.54,1.4845000000000002,1.5114398668274462,1.6442089922264491,5.735289256198347,1.3134250205034383
0.6363636363636364,1.5714285714285714,14.0,22.0,10.0,1.0,20.0,30.0,0.637,0.696,0.6665,0.6827538708772257,0.6501867087573228,5.735289256198347,0.5933057851239669
0.6363636363636364,1.5714285714285714,14.0,22.0,10.0,1.0,20.0,50.0,1.056,1.159,1.1075,1.1379231181287093,1.1632544059886496,5.735289256198347,0.9888429752066116
0.6363636363636364,1.5714285714285714,14.0,22.0,10.0,1.0,20.0,60.0,1.273,1.391,1.3319999999999999,1.3655077417544514,1.449135626224587,5.735289256198347,1.1866115702479338
0.5833333333333334,1.7142857142857142,14.0,24.0,0.0,1.0,16.0,30.0,0.819,0.891,0.855,0.8738782917032552,0.8582128801517546,5.691249999999999,0.762220982142857
0.5833333333333334,1.7142857142857142,14.0,24.0,0.0,1.0,16.0,50.0,1.355,1.486,1.4205,1.4564638195054254,1.5594895658667531,5.691249999999999,1.2703683035714284
0.5833333333333334,1.7142857142857142,14.0,24.0,0.0,1.0,16.0,60.0,1.637,1.782,1.7095,1.7477565834065103,1.9598570242971536,5.691249999999999,1.524441964285714
0.5833333333333334,1.7142857142857142,14.0,24.0,0.0,1.0,18.0,30.0,0.725,0.791,0.758,0.7767807037362269,0.7524710666052088,5.691249999999999,0.6775297619047619
0.5833333333333334,1.7142857142857142,14.0,24.0,0.0,1.0,18.0,50.0,1.209,1.323,1.266,1.2946345062270448,1.3522996639570912,5.691249999999999,1.1292162698412695
0.5833333333333334,1.7142857142857142,14.0,24.0,0.0,1.0,18.0,60.0,1.451,1.581,1.516,1.5535614074724537,1.6888678275232736,5.691249999999999,1.3550595238095238
0.5833333333333334,1.7142857142857142,14.0,24.0,0.0,1.0,20.0,30.0,0.654,0.714,0.6839999999999999,0.6991026333626041,0.6699281257965802,5.691249999999999,0.6097767857142856
0.5833333333333334,1.7142857142857142,14.0,24.0,0.0,1.0,20.0,50.0,1.083,1.19,1.1364999999999998,1.1651710556043404,1.1937067557141585,5.691249999999999,1.0162946428571427
0.5833333333333334,1.7142857142857142,14.0,24.0,0.0,1.0,20.0,60.0,1.308,1.429,1.3685,1.3982052667252083,1.4837147642081099,5.691249999999999,1.2195535714285712
0.5833333333333334,1.7142857142857142,14.0,24.0,10.0,1.0,16.0,30.0,0.781,0.854,0.8175,0.8365330655620904,0.8171993699225482,5.691249999999999,0.7296474358974359
0.5833333333333334,1.7142857142857142,14.0,24.0,10.0,1.0,16.0,50.0,1.298,1.423,1.3605,1.3942217759368176,1.4785830787250394,5.691249999999999,1.2160790598290596
0.5833333333333334,1.7142857142857142,14.0,24.0,10.0,1.0,16.0,60.0,1.562,1.708,1.635,1.6730661311241808,1.8536331652507543,5.691249999999999,1.4592948717948717
0.5833333333333334,1.7142857142857142,14.0,24.0,10.0,1.0,18.0,30.0,0.697,0.763,0.73,0.7471325852730121,0.7207548574616389,5.691249999999999,0.6516698473282442
0.5833333333333334,1.7142857142857142,14.0,24.0,10.0,1.0,18.0,50.0,1.159,1.272,1.2155,1.2452209754550203,1.2910409200169584,5.691249999999999,1.0861164122137403
0.5833333333333334,1.7142857142857142,14.0,24.0,10.0,1.0,18.0,60.0,1.395,1.525,1.46,1.4942651705460241,1.6093926389341322,5.691249999999999,1.3033396946564884
0.5833333333333334,1.7142857142857142,14.0,24.0,10.0,1.0,20.0,30.0,0.633,0.688,0.6605,0.674995646005273,0.6446717662572419,5.691249999999999,0.58875
0.5833333333333334,1.7142857142857142,14.0,24.0,10.0,1.0,20.0,50.0,1.049,1.147,1.0979999999999999,1.1249927433421216,1.1457189504071161,5.691249999999999,0.9812499999999998
0.5833333333333334,1.7142857142857142,14.0,24.0,10.0,1.0,20.0,60.0,1.266,1.375,1.3205,1.349991292010546,1.4220224904054617,5.691249999999999,1.1775
0.5384615384615384,1.8571428571428572,14.0,26.0,0.0,1.0,16.0,30.0,0.794,0.879,0.8365,0.8653794121216861,0.8500906766767393,5.6531952662721885,0.7571243660185967
0.5384615384615384,1.8571428571428572,14.0,26.0,0.0,1.0,16.0,50.0,1.335,1.472,1.4035,1.4422990202028103,1.5328759991819187,5.6531952662721885,1.2618739433643278
0.5384615384615384,1.8571428571428572,14.0,26.0,0.0,1.0,16.0,60.0,1.582,1.759,1.6705,1.7307588242433722,1.9180077122828125,5.6531952662721885,1.5142487320371933
0.5384615384615384,1.8571428571428572,14.0,26.0,0.0,1.0,18.0,30.0,0.71,0.785,0.7475,0.7692261441081655,0.7462197695036734,5.6531952662721885,0.6729994364609748
0.5384615384615384,1.8571428571428572,14.0,26.0,0.0,1.0,18.0,50.0,1.184,1.3,1.242,1.282043573513609,1.3322424871106684,5.6531952662721885,1.121665727434958
0.5384615384615384,1.8571428571428572,14.0,26.0,0.0,1.0,18.0,60.0,1.42,1.57,1.495,1.538452288216331,1.6576993905308497,5.6531952662721885,1.3459988729219496
0.5384615384615384,1.8571428571428572,14.0,26.0,0.0,1.0,20.0,30.0,0.64,0.702,0.671,0.6923035296973489,0.6649685684898743,5.6531952662721885,0.6056994928148773
0.5384615384615384,1.8571428571428572,14.0,26.0,0.0,1.0,20.0,50.0,1.055,1.171,1.113,1.1538392161622482,1.1780509540475916,5.6531952662721885,1.0094991546914622
0.5384615384615384,1.8571428571428572,14.0,26.0,0.0,1.0,20.0,60.0,1.276,1.405,1.3405,1.3846070593946977,1.4596046514864562,5.6531952662721885,1.2113989856297547
0.5384615384615384,1.8571428571428572,14.0,26.0,10.0,1.0,16.0,30.0,0.759,0.845,0.802,0.8283973859626397,0.8098315954503872,5.6531952662721885,0.7247686238810498
0.5384615384615384,1.8571428571428572,14.0,26.0,10.0,1.0,16.0,50.0,1.274,1.401,1.3375,1.3806623099377329,1.454638109845847,5.6531952662721885,1.2079477064684163
0.5384615384615384,1.8571428571428572,14.0,26.0,10.0,1.0,16.0,60.0,1.519,1.69,1.6044999999999998,1.6567947719252794,1.8161539884096294,5.6531952662721885,1.4495372477620996
0.5384615384615384,1.8571428571428572,14.0,26.0,10.0,1.0,18.0,30.0,0.681,0.751,0.716,0.7398663676154874,0.7150174223629264,5.6531952662721885,0.6473124350693346
0.5384615384615384,1.8571428571428572,14.0,26.0,10.0,1.0,18.0,50.0,1.153,1.257,1.205,1.2331106126924791,1.2727474610418212,5.6531952662721885,1.0788540584488908
0.5384615384615384,1.8571428571428572,14.0,26.0,10.0,1.0,18.0,60.0,1.362,1.502,1.432,1.4797327352309748,1.5810640425840146,5.6531952662721885,1.2946248701386691
0.5384615384615384,1.8571428571428572,14.0,26.0,10.0,1.0,20.0,30.0,0.617,0.679,0.648,0.6684309941905437,0.640077829428068,5.6531952662721885,0.5848133034074677
0.5384615384615384,1.8571428571428572,14.0,26.0,10.0,1.0,20.0,50.0,1.021,1.131,1.076,1.1140516569842396,1.1312889866771176,5.6531952662721885,0.9746888390124462
0.5384615384615384,1.8571428571428572,14.0,26.0,10.0,1.0,20.0,60.0,1.235,1.358,1.2965,1.3368619883810875,1.3998606986450695,5.6531952662721885,1.1696266068149355
0.5,2.0,14.0,28.0,0.0,1.0,16.0,30.0,0.791,0.872,0.8315,0.8580946581946269,0.8432501666630533,5.62,0.7526785714285714
0.5,2.0,14.0,28.0,0.0,1.0,16.0,50.0,1.316,1.454,1.385,1.4301577636577114,1.5107769208990782,5.62,1.2544642857142858
0.5,2.0,14.0,28.0,0.0,1.0,16.0,60.0,1.582,1.745,1.6635,1.7161893163892539,1.8835338008505862,5.62,1.5053571428571428
0.5,2.0,14.0,28.0,0.0,1.0,18.0,30.0,0.717,0.776,0.7464999999999999,0.7627508072841128,0.7409436005247405,5.62,0.669047619047619
0.5,2.0,14.0,28.0,0.0,1.0,18.0,50.0,1.176,1.29,1.233,1.2712513454735213,1.3155182258474685,5.62,1.1150793650793651
0.5,2.0,14.0,28.0,0.0,1.0,18.0,60.0,1.433,1.552,1.4925000000000002,1.5255016145682256,1.6318849855754562,5.62,1.338095238095238
0.5,2.0,14.0,28.0,0.0,1.0,20.0,30.0,0.632,0.698,0.665,0.6864757265557015,0.6607755970171518,5.62,0.6021428571428571
0.5,2.0,14.0,28.0,0.0,1.0,20.0,50.0,1.046,1.163,1.1045,1.1441262109261692,1.1649549142178652,5.62,1.0035714285714286
0.5,2.0,14.0,28.0,0.0,1.0,20.0,60.0,1.265,1.396,1.3304999999999998,1.372951453111403,1.4395539314614616,5.62,1.2042857142857142
0.5,2.0,14.0,28.0,10.0,1.0,16.0,30.0,0.754,0.834,0.794,0.8214239463059676,0.8036212902347253,5.62,0.7205128205128205
0.5,2.0,14.0,28.0,10.0,1.0,16.0,50.0,1.263,1.392,1.3275,1.369039910509946,1.4347226784268736,5.62,1.2008547008547008
0.5,2.0,14.0,28.0,10.0,1.0,16.0,60.0,1.508,1.668,1.588,1.6428478926119352,1.7852147282639919,5.62,1.441025641025641
0.5,2.0,14.0,28.0,10.0,1.0,18.0,30.0,0.673,0.747,0.71,0.7336381810518947,0.7101718301828165,5.62,0.6435114503816793
0.5,2.0,14.0,28.0,10.0,1.0,18.0,50.0,1.127,1.246,1.1865,1.2227303017531579,1.2574750219887276,5.62,1.0725190839694656
0.5,2.0,14.0,28.0,10.0,1.0,18.0,60.0,1.347,1.494,1.4205,1.4672763621037894,1.5575643460886237,5.62,1.2870229007633587
0.5,2.0,14.0,28.0,10.0,1.0,20.0,30.0,0.61,0.674,0.642,0.6628041497779187,0.6361919639866944,5.62,0.5813793103448276
0.5,2.0,14.0,28.0,10.0,1.0,20.0,50.0,1.038,1.126,1.0819999999999999,1.104673582963198,1.1192066582004623,5.62,0.9689655172413794
0.5,2.0,14.0,28.0,10.0,1.0,20.0,60.0,1.22,1.348,1.284,1.3256082995558374,1.381407425880291,5.62,1.1627586206896552
0.4666666666666667,2.142857142857143,14.0,30.0,0.0,1.0,16.0,30.0,0.781,0.863,0.8220000000000001,0.8517812047911756,0.8374101572457253,5.5908,0.7487678571428571
0.4666666666666667,2.142857142857143,14.0,30.0,0.0,1.0,16.0,50.0,1.303,1.435,1.369,1.419635341318626,1.4921334446426981,5.5908,1.2479464285714283
0.4666666666666667,2.142857142857143,14.0,30.0,0.0,1.0,16.0,60.0,1.562,1.727,1.6445,1.7035624095823512,1.8546434552601374,5.5908,1.4975357142857142
0.4666666666666667,2.142857142857143,14.0,30.0,0.0,1.0,18.0,30.0,0.706,0.765,0.7355,0.7571388487032672,0.7364309048726262,5.5908,0.6655714285714285
0.4666666666666667,2.142857142857143,14.0,30.0,0.0,1.0,18.0,50.0,1.17,1.276,1.2229999999999999,1.2618980811721119,1.301359858915985,5.5908,1.1092857142857142
0.4666666666666667,2.142857142857143,14.0,30.0,0.0,1.0,18.0,60.0,1.411,1.531,1.471,1.5142776974065344,1.6101541764609397,5.5908,1.331142857142857
0.4666666666666667,2.142857142857143,14.0,30.0,0.0,1.0,20.0,30.0,0.627,0.689,0.6579999999999999,0.6814249638329404,0.6571842281345656,5.5908,0.5990142857142857
0.4666666666666667,2.142857142857143,14.0,30.0,0.0,1.0,20.0,50.0,1.046,1.152,1.099,1.1357082730549009,1.1538382893188126,5.5908,0.9983571428571427
0.4666666666666667,2.142857142857143,14.0,30.0,0.0,1.0,20.0,60.0,1.254,1.378,1.3159999999999998,1.3628499276658808,1.42261699647653,5.5908,1.1980285714285714
0.4666666666666667,2.142857142857143,14.0,30.0,10.0,1.0,16.0,30.0,0.75,0.829,0.7895,0.8153802986035185,0.7983155630255534,5.5908,0.7167692307692307
0.4666666666666667,2.142857142857143,14.0,30.0,10.0,1.0,16.0,50.0,1.252,1.377,1.3145,1.3589671643391976,1.4178985716640644,5.5908,1.1946153846153844
0.4666666666666667,2.142857142857143,14.0,30.0,10.0,1.0,16.0,60.0,1.5,1.658,1.579,1.630760597207037,1.7592409767858306,5.5908,1.4335384615384614
0.4666666666666667,2.142857142857143,14.0,30.0,10.0,1.0,18.0,30.0,0.678,0.741,0.7095,0.7282404193634477,0.7060251314001229,5.5908,0.6401679389312976
0.4666666666666667,2.142857142857143,14.0,30.0,10.0,1.0,18.0,50.0,1.129,1.227,1.178,1.213734032272413,1.2445323352588336,5.5908,1.066946564885496
0.4666666666666667,2.142857142857143,14.0,30.0,10.0,1.0,18.0,60.0,1.352,1.482,1.417,1.4564808387268955,1.53775581539276,5.5908,1.2803358778625953
0.4666666666666667,2.142857142857143,14.0,30.0,10.0,1.0,20.0,30.0,0.604,0.667,0.6355,0.657927551286977,0.6328621788636831,5.5908,0.5783586206896552
0.4666666666666667,2.142857142857143,14.0,30.0,10.0,1.0,20.0,50.0,1.008,1.111,1.0594999999999999,1.0965459188116284,1.1089421519315081,5.5908,0.9639310344827585
0.4666666666666667,2.142857142857143,14.0,30.0,10.0,1.0,20.0,60.0,1.209,1.333,1.271,1.315855102573954,1.3658036770378128,5.5908,1.1567172413793103
1.5,0.6666666666666666,6.0,4.0,20.0,1.0,16.0,10.0,0.594,0.663,0.6285000000000001,0.6742517537551416,0.6013495767975547,6.31,0.5439655172413793
1.5,0.6666666666666666,6.0,4.0,20.0,1.0,16.0,20.0,1.189,1.326,1.2575,1.3485035075102831,1.5494689759193536,6.31,1.0879310344827586
1.5,0.6666666666666666,6.0,4.0,20.0,1.0,16.0,30.0,1.756,1.99,1.873,2.022755261265425,3.265827489098551,6.31,1.6318965517241377
1.5,0.6666666666666666,6.0,4.0,20.0,1.0,16.0,40.0,2.378,2.653,2.5155000000000003,2.6970070150205663,7.320083365291551,6.31,2.1758620689655173
1.5,0.6666666666666666,6.0,4.0,20.0,1.0,16.0,50.0,2.899,3.323,3.1109999999999998,3.371258768775708,28.68939931809834,6.31,2.7198275862068964
1.5,0.6666666666666666,6.0,4.0,20.0,1.0,16.0,60.0,3.512,3.979,3.7455,4.04551052253085,-30.32124396860198,6.31,3.2637931034482754
1.5,0.6666666666666666,6.0,4.0,20.0,1.0,18.0,10.0,0.536,0.602,0.569,0.6110406518405971,0.5337738543886655,6.31,0.49296874999999996
1.5,0.6666666666666666,6.0,4.0,20.0,1.0,18.0,20.0,1.072,1.204,1.138,1.2220813036811942,1.332186669179648,6.31,0.9859374999999999
1.5,0.6666666666666666,6.0,4.0,20.0,1.0,18.0,30.0,1.578,1.806,1.6920000000000002,1.8331219555217912,2.6569136827031756,6.31,1.4789062499999999
1.5,0.6666666666666666,6.0,4.0,20.0,1.0,18.0,40.0,2.144,2.408,2.276,2.4441626073623883,5.28423797182752,6.31,1.9718749999999998
1.5,0.6666666666666666,6.0,4.0,20.0,1.0,18.0,50.0,2.69,3.005,2.8475,3.0552032592029854,12.993536208750472,6.31,2.46484375
1.5,0.6666666666666666,6.0,4.0,20.0,1.0,18.0,60.0,3.156,3.612,3.3840000000000003,3.6662439110435825,474.4863774448067,6.31,2.9578124999999997
1.5,0.6666666666666666,6.0,4.0,20.0,1.0,20.0,10.0,0.498,0.551,0.5245,0.5586657388256887,0.47985131048715385,6.31,0.4507142857142857
1.5,0.6666666666666666,6.0,4.0,20.0,1.0,20.0,20.0,0.99,1.101,1.0455,1.1173314776513774,1.1683488979391004,6.31,0.9014285714285714
1.5,0.6666666666666666,6.0,4.0,20.0,1.0,20.0,30.0,1.502,1.652,1.577,1.6759972164770662,2.2393809236309306,6.31,1.352142857142857
1.5,0.6666666666666666,6.0,4.0,20.0,1.0,20.0,40.0,1.981,2.202,2.0915,2.234662955302755,4.134390446230963,6.31,1.8028571428571427
1.5,0.6666666666666666,6.0,4.0,20.0,1.0,20.0,50.0,2.456,2.743,2.5995,2.793328694128444,8.398660466553881,6.31,2.2535714285714286
1.5,0.6666666666666666,6.0,4.0,20.0,1.0,20.0,60.0,3.004,3.303,3.1535,3.3519944329541325,26.88514513230703,6.31,2.704285714285714
1.0,1.0,6.0,6.0,20.0,1.0,16.0,10.0,0.543,0.621,0.5820000000000001,0.6132942726183702,0.5596033291002311,6.01,0.518103448275862
1.0,1.0,6.0,6.0,20.0,1.0,16.0,20.0,1.087,1.241,1.1640000000000001,1.2265885452367404,1.299652885762536,6.01,1.036206896551724
1.0,1.0,6.0,6.0,20.0,1.0,16.0,30.0,1.676,1.862,1.7690000000000001,1.8398828178551108,2.3242034638790305,6.01,1.5543103448275861
1.0,1.0,6.0,6.0,20.0,1.0,16.0,40.0,2.173,2.483,2.3280000000000003,2.453177090473481,3.8363521537483063,6.01,2.072413793103448
1.0,1.0,6.0,6.0,20.0,1.0,16.0,50.0,2.728,3.105,2.9165,3.066471363091851,6.292874085124954,6.01,2.5905172413793105
1.0,1.0,6.0,6.0,20.0,1.0,16.0,60.0,3.352,3.724,3.5380000000000003,3.6797656357102215,10.980125047937326,6.01,3.1086206896551722
1.0,1.0,6.0,6.0,20.0,1.0,18.0,10.0,0.501,0.563,0.532,0.555797934560398,0.5006241800885235,6.01,0.46953124999999996
1.0,1.0,6.0,6.0,20.0,1.0,18.0,20.0,1.002,1.126,1.064,1.111595869120796,1.1432499308400061,6.01,0.9390624999999999
1.0,1.0,6.0,6.0,20.0,1.0,18.0,30.0,1.503,1.691,1.597,1.6673938036811942,1.998280003769472,6.01,1.4085937499999999
1.0,1.0,6.0,6.0,20.0,1.0,18.0,40.0,2.005,2.251,2.128,2.223191738241592,3.1918710322241073,6.01,1.8781249999999998
1.0,1.0,6.0,6.0,20.0,1.0,18.0,50.0,2.523,2.818,2.6705,2.7789896728019903,4.974749056905886,6.01,2.34765625
1.0,1.0,6.0,6.0,20.0,1.0,18.0,60.0,3.007,3.382,3.1945,3.3347876073623883,7.92635695774128,6.01,2.8171874999999997
1.0,1.0,6.0,6.0,20.0,1.0,20.0,10.0,0.46,0.514,0.487,0.5081581115980782,0.4528918417810652,6.01,0.42928571428571427
1.0,1.0,6.0,6.0,20.0,1.0,20.0,20.0,0.919,1.028,0.9735,1.0163162231961564,1.0204471767133327,6.01,0.8585714285714285
1.0,1.0,6.0,6.0,20.0,1.0,20.0,30.0,1.366,1.543,1.4545,1.5244743347942347,1.7525233469086505,6.01,1.2878571428571428
1.0,1.0,6.0,6.0,20.0,1.0,20.0,40.0,1.839,2.056,1.9475,2.032632446392313,2.7327821761489406,6.01,1.717142857142857
1.0,1.0,6.0,6.0,20.0,1.0,20.0,50.0,2.348,2.568,2.458,2.540790557990391,4.11318789478196,6.01,2.1464285714285714
1.0,1.0,6.0,6.0,20.0,1.0,20.0,60.0,2.732,3.085,2.9085,3.0489486695884693,6.201585669346445,6.01,2.5757142857142856
0.75,1.3333333333333333,6.0,8.0,20.0,1.0,16.0,10.0,0.525,0.597,0.5609999999999999,0.5828155320499846,0.5408308388289803,5.82625,0.5022629310344828
0.75,1.3333333333333333,6.0,8.0,20.0,1.0,16.0,20.0,1.051,1.194,1.1225,1.1656310640999692,1.2026991535951095,5.82625,1.0045258620689657
0.75,1.3333333333333333,6.0,8.0,20.0,1.0,16.0,30.0,1.592,1.783,1.6875,1.7484465961499538,2.0313566666316136,5.82625,1.5067887931034483
0.75,1.3333333333333333,6.0,8.0,20.0,1.0,16.0,40.0,2.101,2.388,2.2445,2.3312621281999384,3.0989379518387072,5.82625,2.0090517241379313
0.75,1.3333333333333333,6.0,8.0,20.0,1.0,16.0,50.0,2.645,2.966,2.8055000000000003,2.9140776602499225,4.526180997591249,5.82625,2.5113146551724137
0.75,1.3333333333333333,6.0,8.0,20.0,1.0,16.0,60.0,3.185,3.565,3.375,3.4968931922999076,6.531654978197102,5.82625,3.0135775862068965
0.75,1.3333333333333333,6.0,8.0,20.0,1.0,18.0,10.0,0.476,0.539,0.5075000000000001,0.5281765759202985,0.4855468947493776,5.82625,0.45517578125
0.75,1.3333333333333333,6.0,8.0,20.0,1.0,18.0,20.0,0.952,1.074,1.013,1.056353151840597,1.067547708777331,5.82625,0.9103515625
0.75,1.3333333333333333,6.0,8.0,20.0,1.0,18.0,30.0,1.454,1.611,1.5325,1.5845297277608956,1.777912804946198,5.82625,1.36552734375
0.75,1.3333333333333333,6.0,8.0,20.0,1.0,18.0,40.0,1.904,2.147,2.0255,2.112706303681194,2.664373338359296,5.82625,1.820703125
0.75,1.3333333333333333,6.0,8.0,20.0,1.0,18.0,50.0,2.371,2.684,2.5275,2.6408828796014925,3.8016731715626464,5.82625,2.27587890625
0.75,1.3333333333333333,6.0,8.0,20.0,1.0,18.0,60.0,2.907,3.232,3.0695,3.1690594555217912,5.313827365406351,5.82625,2.7310546875
0.75,1.3333333333333333,6.0,8.0,20.0,1.0,20.0,10.0,0.439,0.492,0.4655,0.482904297984273,0.44051706467810126,5.82625,0.41616071428571433
0.75,1.3333333333333333,6.0,8.0,20.0,1.0,20.0,20.0,0.878,0.985,0.9315,0.965808595968546,0.9597026209743077,5.82625,0.8323214285714287
0.75,1.3333333333333333,6.0,8.0,20.0,1.0,20.0,30.0,1.322,1.471,1.3965,1.4487128939528189,1.5806959882302882,5.82625,1.2484821428571429
0.75,1.3333333333333333,6.0,8.0,20.0,1.0,20.0,40.0,1.747,1.969,1.858,1.931617191937092,2.3366977958782007,5.82625,1.6646428571428573
0.75,1.3333333333333333,6.0,8.0,20.0,1.0,20.0,50.0,2.184,2.462,2.3230000000000004,2.4145214899213645,3.277105432486222,5.82625,2.0808035714285715
0.75,1.3333333333333333,6.0,8.0,20.0,1.0,20.0,60.0,2.644,2.941,2.7925,2.8974257879056378,4.478761847261861,5.82625,2.4969642857142857
0.6,1.6666666666666667,6.0,10.0,20.0,1.0,16.0,10.0,0.519,0.575,0.5469999999999999,0.5645282877089531,0.530159969988912,5.7052,0.4918275862068965
0.6,1.6666666666666667,6.0,10.0,20.0,1.0,16.0,20.0,1.038,1.151,1.0945,1.1290565754179063,1.1511728549002425,5.7052,0.983655172413793
0.6,1.6666666666666667,6.0,10.0,20.0,1.0,16.0,30.0,1.523,1.73,1.6265,1.6935848631268597,1.8885813042617416,5.7052,1.4754827586206896
0.6,1.6666666666666667,6.0,10.0,20.0,1.0,16.0,40.0,2.077,2.301,2.189,2.2581131508358125,2.778492897700388,5.7052,1.967310344827586
0.6,1.6666666666666667,6.0,10.0,20.0,1.0,16.0,50.0,2.601,2.887,2.7439999999999998,2.822641438544766,3.873672439798384,5.7052,2.4591379310344825
0.6,1.6666666666666667,6.0,10.0,20.0,1.0,16.0,60.0,3.07,3.461,3.2655,3.3871697262537195,5.254399611555372,5.7052,2.950965517241379
0.6,1.6666666666666667,6.0,10.0,20.0,1.0,18.0,10.0,0.466,0.522,0.494,0.5116037607362388,0.4769287051453898,5.7052,0.44571874999999994
0.6,1.6666666666666667,6.0,10.0,20.0,1.0,18.0,20.0,0.933,1.044,0.9885,1.0232075214724776,1.0267547311957252,5.7052,0.8914374999999999
0.6,1.6666666666666667,6.0,10.0,20.0,1.0,18.0,30.0,1.401,1.561,1.4809999999999999,1.5348112822087165,1.6675743101794858,5.7052,1.3371562499999998
0.6,1.6666666666666667,6.0,10.0,20.0,1.0,18.0,40.0,1.866,2.089,1.9775,2.0464150429449552,2.4240136957264693,5.7052,1.7828749999999998
0.6,1.6666666666666667,6.0,10.0,20.0,1.0,18.0,50.0,2.323,2.614,2.4684999999999997,2.558018803681194,3.33046667294912,5.7052,2.22859375
0.6,1.6666666666666667,6.0,10.0,20.0,1.0,18.0,60.0,2.796,3.123,2.9595000000000002,3.069622564417433,4.436470227663686,5.7052,2.6743124999999996
0.6,1.6666666666666667,6.0,10.0,20.0,1.0,20.0,10.0,0.429,0.479,0.45399999999999996,0.46775200981598974,0.4334115648469684,5.7052,0.40751428571428566
0.6,1.6666666666666667,6.0,10.0,20.0,1.0,20.0,20.0,0.858,0.957,0.9075,0.9355040196319795,0.9266075058681852,5.7052,0.8150285714285713
0.6,1.6666666666666667,6.0,10.0,20.0,1.0,20.0,30.0,1.279,1.436,1.3575,1.4032560294479695,1.4928740684352253,5.7052,1.222542857142857
0.6,1.6666666666666667,6.0,10.0,20.0,1.0,20.0,40.0,1.716,1.913,1.8145,1.871008039263959,2.149749382768082,5.7052,1.6300571428571426
0.6,1.6666666666666667,6.0,10.0,20.0,1.0,20.0,50.0,2.138,2.377,2.2575,2.338760049079949,2.9208722448477507,5.7052,2.0375714285714284
0.6,1.6666666666666667,6.0,10.0,20.0,1.0,20.0,60.0,2.57,2.869,2.7195,2.806512058895939,3.8388874282653784,5.7052,2.445085714285714
0.5,2.0,6.0,12.0,20.0,1.0,16.0,10.0,0.508,0.562,0.535,0.552336791481599,0.5232769554883135,5.62,0.4844827586206897
0.5,2.0,6.0,12.0,20.0,1.0,16.0,20.0,1.015,1.123,1.069,1.104673582963198,1.1192066582004623,5.62,0.9689655172413794
0.5,2.0,6.0,12.0,20.0,1.0,16.0,30.0,1.526,1.681,1.6035,1.6570103744447968,1.804048730392664,5.62,1.4534482758620688
0.5,2.0,6.0,12.0,20.0,1.0,16.0,40.0,2.03,2.246,2.138,2.209347165926396,2.599305771525072,5.62,1.9379310344827587
0.5,2.0,6.0,12.0,20.0,1.0,16.0,50.0,2.543,2.807,2.675,2.7616839574079948,3.5340219262582586,5.62,2.4224137931034484
0.5,2.0,6.0,12.0,20.0,1.0,16.0,60.0,3.051,3.363,3.207,3.3140207488895936,4.648406927758061,5.62,2.9068965517241376
0.5,2.0,6.0,12.0,20.0,1.0,18.0,10.0,0.461,0.509,0.485,0.500555217280199,0.4713512223139667,5.62,0.4390625
0.5,2.0,6.0,12.0,20.0,1.0,18.0,20.0,0.921,1.018,0.9695,1.001110434560398,1.001248360177047,5.62,0.878125
0.5,2.0,6.0,12.0,20.0,1.0,18.0,30.0,1.366,1.525,1.4455,1.501665651840597,1.6013215631659965,5.62,1.3171875
0.5,2.0,6.0,12.0,20.0,1.0,18.0,40.0,1.842,2.036,1.939,2.002220869120796,2.2864998616800123,5.62,1.75625
0.5,2.0,6.0,12.0,20.0,1.0,18.0,50.0,2.294,2.542,2.418,2.502776086400995,3.076270095936851,5.62,2.1953125
0.5,2.0,6.0,12.0,20.0,1.0,18.0,60.0,2.732,3.051,2.8915,3.003331303681194,3.996560007538944,5.62,2.634375
0.5,2.0,6.0,12.0,20.0,1.0,20.0,10.0,0.421,0.465,0.443,0.4576504843704677,0.4288005557686103,5.62,0.40142857142857147
0.5,2.0,6.0,12.0,20.0,1.0,20.0,20.0,0.841,0.93,0.8855,0.9153009687409354,0.9057836835621303,5.62,0.8028571428571429
0.5,2.0,6.0,12.0,20.0,1.0,20.0,30.0,1.265,1.393,1.329,1.372951453111403,1.4395539314614616,5.62,1.2042857142857142
0.5,2.0,6.0,12.0,20.0,1.0,20.0,40.0,1.683,1.86,1.7715,1.8306019374818707,2.0408943534266655,5.62,1.6057142857142859
0.5,2.0,6.0,12.0,20.0,1.0,20.0,50.0,2.088,2.323,2.2055,2.2882524218523383,2.723502541248409,5.62,2.007142857142857
0.5,2.0,6.0,12.0,20.0,1.0,20.0,60.0,2.53,2.786,2.658,2.745902906222806,3.505046693817301,5.62,2.4085714285714284
0.42857142857142855,2.3333333333333335,6.0,14.0,20.0,1.0,16.0,10.0,0.498,0.55,0.524,0.5436285798906316,0.5184689333970136,5.556938775510204,0.4790464461646728
0.42857142857142855,2.3333333333333335,6.0,14.0,20.0,1.0,16.0,20.0,0.996,1.099,1.0474999999999999,1.0872571597812632,1.0974394387841087,5.556938775510204,0.9580928923293456
0.42857142857142855,2.3333333333333335,6.0,14.0,20.0,1.0,16.0,30.0,1.486,1.65,1.568,1.6308857396718948,1.748157841905473,5.556938775510204,1.4371393384940183
0.42857142857142855,2.3333333333333335,6.0,14.0,20.0,1.0,16.0,40.0,1.992,2.198,2.0949999999999998,2.1745143195625265,2.4848419483266753,5.556938775510204,1.9161857846586912
0.42857142857142855,2.3333333333333335,6.0,14.0,20.0,1.0,16.0,50.0,2.494,2.748,2.6210000000000004,2.7181428994531576,3.3257318514385243,5.556938775510204,2.395232230823364
0.42857142857142855,2.3333333333333335,6.0,14.0,20.0,1.0,16.0,60.0,3.002,3.301,3.1515,3.2617714793437895,4.294620597126225,5.556938775510204,2.8742786769880366
0.42857142857142855,2.3333333333333335,6.0,14.0,20.0,1.0,18.0,10.0,0.457,0.498,0.47750000000000004,0.49266340052588486,0.4674465133550465,5.556938775510204,0.4341358418367347
0.42857142857142855,2.3333333333333335,6.0,14.0,20.0,1.0,18.0,20.0,0.915,0.996,0.9555,0.9853268010517697,0.9837918611068955,5.556938775510204,0.8682716836734694
0.42857142857142855,2.3333333333333335,6.0,14.0,20.0,1.0,18.0,30.0,1.362,1.493,1.4275000000000002,1.4779902015776547,1.5571323581956809,5.556938775510204,1.3024075255102041
0.42857142857142855,2.3333333333333335,6.0,14.0,20.0,1.0,18.0,40.0,1.83,1.991,1.9105,1.9706536021035395,2.1974561009923503,5.556938775510204,1.7365433673469388
0.42857142857142855,2.3333333333333335,6.0,14.0,20.0,1.0,18.0,50.0,2.287,2.493,2.3899999999999997,2.463317002629424,2.917229787362828,5.556938775510204,2.1706792091836737
0.42857142857142855,2.3333333333333335,6.0,14.0,20.0,1.0,18.0,60.0,2.724,2.985,2.8545,2.9559804031553094,3.732218418432411,5.556938775510204,2.6048150510204082
0.42857142857142855,2.3333333333333335,6.0,14.0,20.0,1.0,20.0,10.0,0.415,0.455,0.435,0.4504351090522376,0.4255665933044085,5.556938775510204,0.3969241982507289
0.42857142857142855,2.3333333333333335,6.0,14.0,20.0,1.0,20.0,20.0,0.829,0.911,0.87,0.9008702181044752,0.8914735054200836,5.556938775510204,0.7938483965014578
0.42857142857142855,2.3333333333333335,6.0,14.0,20.0,1.0,20.0,30.0,1.267,1.366,1.3165,1.3513053271567128,1.4037420324872416,5.556938775510204,1.1907725947521866
0.42857142857142855,2.3333333333333335,6.0,14.0,20.0,1.0,20.0,40.0,1.658,1.821,1.7395,1.8017404362089504,1.9696545528828844,5.556938775510204,1.5876967930029156
0.42857142857142855,2.3333333333333335,6.0,14.0,20.0,1.0,20.0,50.0,2.065,2.275,2.17,2.252175545261188,2.598102915162933,5.556938775510204,1.9846209912536446
0.42857142857142855,2.3333333333333335,6.0,14.0,20.0,1.0,20.0,60.0,2.533,2.732,2.6325000000000003,2.7026106543134256,3.3000590758126553,5.556938775510204,2.381545189504373
0.375,2.6666666666666665,6.0,16.0,20.0,1.0,16.0,10.0,0.501,0.54,0.5205,0.5370974211974061,0.5149205029803486,5.508437499999999,0.4748653017241379
0.375,2.6666666666666665,6.0,16.0,20.0,1.0,16.0,20.0,1.003,1.081,1.0419999999999998,1.0741948423948122,1.0816616776579606,5.508437499999999,0.9497306034482758
0.375,2.6666666666666665,6.0,16.0,20.0,1.0,16.0,30.0,1.457,1.621,1.5390000000000001,1.6112922635922184,1.7084607209123197,5.508437499999999,1.4245959051724137
0.375,2.6666666666666665,6.0,16.0,20.0,1.0,16.0,40.0,2.005,2.16,2.0825,2.1483896847896244,2.405398307190219,5.508437499999999,1.8994612068965515
0.375,2.6666666666666665,6.0,16.0,20.0,1.0,16.0,50.0,2.502,2.7,2.601,2.6854871059870304,3.1849448633293456,5.508437499999999,2.3743265086206895
0.375,2.6666666666666665,6.0,16.0,20.0,1.0,16.0,60.0,2.913,3.242,3.0774999999999997,3.222584527184437,4.062713333263227,5.508437499999999,2.8491918103448275
0.375,2.6666666666666665,6.0,16.0,20.0,1.0,18.0,10.0,0.439,0.49,0.4645,0.48674453796014927,0.46456017479696127,5.508437499999999,0.43034667968749996
0.375,2.6666666666666665,6.0,16.0,20.0,1.0,18.0,20.0,0.877,0.979,0.9279999999999999,0.9734890759202985,0.9710937894987552,5.508437499999999,0.8606933593749999
0.375,2.6666666666666665,6.0,16.0,20.0,1.0,18.0,30.0,1.316,1.472,1.3940000000000001,1.460233613880448,1.525558492060427,5.508437499999999,1.2910400390624999
0.375,2.6666666666666665,6.0,16.0,20.0,1.0,18.0,40.0,1.754,1.958,1.8559999999999999,1.946978151840597,2.135095417554662,5.508437499999999,1.7213867187499998
0.375,2.6666666666666665,6.0,16.0,20.0,1.0,18.0,50.0,2.29,2.448,2.3689999999999998,2.4337226898007462,2.808338420141174,5.508437499999999,2.1517333984375
0.375,2.6666666666666665,6.0,16.0,20.0,1.0,18.0,60.0,2.631,2.943,2.787,2.920467227760896,3.555825609892396,5.508437499999999,2.5820800781249997
0.375,2.6666666666666665,6.0,16.0,20.0,1.0,20.0,10.0,0.407,0.448,0.4275,0.44502357756356503,0.4231729534833657,5.508437499999999,0.3934598214285714
0.375,2.6666666666666665,6.0,16.0,20.0,1.0,20.0,20.0,0.813,0.895,0.854,0.8900471551271301,0.8810341293562025,5.508437499999999,0.7869196428571428
0.375,2.6666666666666665,6.0,16.0,20.0,1.0,20.0,30.0,1.249,1.345,1.2970000000000002,1.3350707326906952,1.3780309916002063,5.508437499999999,1.1803794642857142
0.375,2.6666666666666665,6.0,16.0,20.0,1.0,20.0,40.0,1.626,1.791,1.7085,1.7800943102542601,1.9194052419486154,5.508437499999999,1.5738392857142856
0.375,2.6666666666666665,6.0,16.0,20.0,1.0,20.0,50.0,2.077,2.24,2.1585,2.225117887817825,2.511378401134115,5.508437499999999,1.9672991071428572
0.375,2.6666666666666665,6.0,16.0,20.0,1.0,20.0,60.0,2.499,2.689,2.5940000000000003,2.6701414653813904,3.1613919764605765,5.508437499999999,2.3607589285714283
0.3333333333333333,3.0,6.0,18.0,20.0,1.0,16.0,10.0,0.494,0.534,0.514,0.5320176311026752,0.5121940150173525,5.47,0.471551724137931
0.3333333333333333,3.0,6.0,18.0,20.0,1.0,16.0,20.0,0.989,1.069,1.029,1.0640352622053504,1.069700265715454,5.47,0.943103448275862
0.3333333333333333,3.0,6.0,18.0,20.0,1.0,16.0,30.0,1.479,1.605,1.542,1.5960528933080254,1.6788099873006934,5.47,1.414655172413793
0.3333333333333333,3.0,6.0,18.0,20.0,1.0,16.0,40.0,1.978,2.137,2.0575,2.1280705244107008,2.347035580357985,5.47,1.886206896551724
0.3333333333333333,3.0,6.0,18.0,20.0,1.0,16.0,50.0,2.478,2.668,2.5730000000000004,2.6600881555133755,3.0834220163943518,5.47,2.3577586206896552
0.3333333333333333,3.0,6.0,18.0,20.0,1.0,16.0,60.0,2.977,3.21,3.0934999999999997,3.1921057866160507,3.8989586572876083,5.47,2.829310344827586
0.3333333333333333,3.0,6.0,18.0,20.0,1.0,18.0,10.0,0.455,0.484,0.46950000000000003,0.48214097818679935,0.46233977013947136,5.47,0.42734374999999997
0.3333333333333333,3.0,6.0,18.0,20.0,1.0,18.0,20.0,0.9,0.968,0.9339999999999999,0.9642819563735987,0.9614418828185138,5.47,0.8546874999999999
0.3333333333333333,3.0,6.0,18.0,20.0,1.0,18.0,30.0,1.358,1.45,1.404,1.446422934560398,1.5018725402655704,5.47,1.28203125
0.3333333333333333,3.0,6.0,18.0,20.0,1.0,18.0,40.0,1.819,1.935,1.877,1.9285639127471974,2.0889868224997774,5.47,1.7093749999999999
0.3333333333333333,3.0,6.0,18.0,20.0,1.0,18.0,50.0,2.242,2.417,2.3295,2.4107048909339968,2.729106740266818,5.47,2.13671875
0.3333333333333333,3.0,6.0,18.0,20.0,1.0,18.0,60.0,2.698,2.901,2.7995,2.892845869120796,3.4297497925200187,5.47,2.5640625
0.3333333333333333,3.0,6.0,18.0,20.0,1.0,20.0,10.0,0.414,0.443,0.4285,0.4408146086279308,0.42132976839760494,5.47,0.3907142857142857
0.3333333333333333,3.0,6.0,18.0,20.0,1.0,20.0,20.0,0.83,0.887,0.8585,0.8816292172558616,0.8730821228168107,5.47,0.7814285714285714
0.3333333333333333,3.0,6.0,18.0,20.0,1.0,20.0,30.0,1.233,1.329,1.2810000000000001,1.3224438258837925,1.3586755253431955,5.47,1.1721428571428572
0.3333333333333333,3.0,6.0,18.0,20.0,1.0,20.0,40.0,1.644,1.773,1.7085,1.7632584345117233,1.8820605257882672,5.47,1.5628571428571427
0.3333333333333333,3.0,6.0,18.0,20.0,1.0,20.0,50.0,2.049,2.211,2.13,2.2040730431396542,2.4478274783631844,5.47,1.9535714285714285
0.3333333333333333,3.0,6.0,18.0,20.0,1.0,20.0,60.0,2.47,2.658,2.564,2.644887651767585,3.0613415301399987,5.47,2.3442857142857143
0.3,3.3333333333333335,6.0,20.0,20.0,1.0,16.0,10.0,0.479,0.53,0.5045,0.5279537990268903,0.5100335257602172,5.4388,0.46886206896551724
0.3,3.3333333333333335,6.0,20.0,20.0,1.0,16.0,20.0,0.957,1.06,1.0085,1.0559075980537806,1.060319939977824,5.4388,0.9377241379310345
0.3,3.3333333333333335,6.0,20.0,20.0,1.0,16.0,30.0,1.474,1.586,1.53,1.583861397080671,1.6558202702341052,5.4388,1.4065862068965516
0.3,3.3333333333333335,6.0,20.0,20.0,1.0,16.0,40.0,1.915,2.119,2.0170000000000003,2.1118151961075613,2.302345709800485,5.4388,1.875448275862069
0.3,3.3333333333333335,6.0,20.0,20.0,1.0,16.0,50.0,2.466,2.642,2.5540000000000003,2.639768995134452,3.0067478839877735,5.4388,2.344310344827586
0.3,3.3333333333333335,6.0,20.0,20.0,1.0,16.0,60.0,2.948,3.172,3.06,3.167722794161342,3.7771626085234833,5.4388,2.813172413793103
0.3,3.3333333333333335,6.0,20.0,20.0,1.0,18.0,10.0,0.447,0.48,0.4635,0.4784581303681194,0.46057867036330197,5.4388,0.42490625
0.3,3.3333333333333335,6.0,20.0,20.0,1.0,18.0,20.0,0.893,0.961,0.927,0.9569162607362388,0.9538574102907796,5.4388,0.8498125
0.3,3.3333333333333335,6.0,20.0,20.0,1.0,18.0,30.0,1.345,1.44,1.3925,1.4353743911043582,1.4834468420966709,5.4388,1.27471875
0.3,3.3333333333333335,6.0,20.0,20.0,1.0,18.0,40.0,1.788,1.922,1.855,1.9138325214724776,2.0535094623914505,5.4388,1.699625
0.3,3.3333333333333335,6.0,20.0,20.0,1.0,18.0,50.0,2.218,2.401,2.3095,2.392290651840597,2.668869271943328,5.4388,2.12453125
0.3,3.3333333333333335,6.0,20.0,20.0,1.0,18.0,60.0,2.691,2.881,2.7859999999999996,2.8707487822087163,3.3351486203589715,5.4388,2.5494375
0.3,3.3333333333333335,6.0,20.0,20.0,1.0,20.0,10.0,0.402,0.439,0.4205,0.43744743347942344,0.4198667408418854,5.4388,0.38848571428571427
0.3,3.3333333333333335,6.0,20.0,20.0,1.0,20.0,20.0,0.803,0.878,0.8405,0.8748948669588469,0.8668231296939368,5.4388,0.7769714285714285
0.3,3.3333333333333335,6.0,20.0,20.0,1.0,20.0,30.0,1.221,1.315,1.268,1.3123423004382704,1.3435782833878072,5.4388,1.1654571428571427
0.3,3.3333333333333335,6.0,20.0,20.0,1.0,20.0,40.0,1.606,1.756,1.681,1.7497897339176938,1.8532150117363704,5.4388,1.553942857142857
0.3,3.3333333333333335,6.0,20.0,20.0,1.0,20.0,50.0,2.049,2.187,2.118,2.187237167397117,2.3992565524357694,5.4388,1.9424285714285714
0.3,3.3333333333333335,6.0,20.0,20.0,1.0,20.0,60.0,2.426,2.629,2.5275,2.6246846008765408,2.9857481368704506,5.4388,2.3309142857142855
0.2727272727272727,3.6666666666666665,6.0,22.0,20.0,1.0,16.0,10.0,0.491,0.523,0.507,0.5246288455103393,0.5082793628953194,5.41297520661157,0.4666357936734112
0.2727272727272727,3.6666666666666665,6.0,22.0,20.0,1.0,16.0,20.0,0.981,1.046,1.0135,1.0492576910206786,1.052766622351566,5.41297520661157,0.9332715873468224
0.2727272727272727,3.6666666666666665,6.0,22.0,20.0,1.0,16.0,30.0,1.459,1.571,1.5150000000000001,1.5738865365310177,1.63747364351215,5.41297520661157,1.3999073810202334
0.2727272727272727,3.6666666666666665,6.0,22.0,20.0,1.0,16.0,40.0,1.962,2.092,2.027,2.098515382041357,2.2670277118900164,5.41297520661157,1.8665431746936447
0.2727272727272727,3.6666666666666665,6.0,22.0,20.0,1.0,16.0,50.0,2.442,2.613,2.5275,2.623144227551696,2.9467942463162324,5.41297520661157,2.333178968367056
0.2727272727272727,3.6666666666666665,6.0,22.0,20.0,1.0,16.0,60.0,2.918,3.141,3.0295,3.1477730730620355,3.683030093782024,5.41297520661157,2.7998147620404668
0.2727272727272727,3.6666666666666665,6.0,22.0,20.0,1.0,18.0,10.0,0.441,0.476,0.4585,0.47544489124374495,0.459147718698496,5.41297520661157,0.4228886880165289
0.2727272727272727,3.6666666666666665,6.0,22.0,20.0,1.0,18.0,20.0,0.882,0.953,0.9175,0.9508897824874899,0.9477403670764778,5.41297520661157,0.8457773760330578
0.2727272727272727,3.6666666666666665,6.0,22.0,20.0,1.0,18.0,30.0,1.322,1.421,1.3715000000000002,1.4263346737312348,1.4687042095945109,5.41297520661157,1.2686660640495866
0.2727272727272727,3.6666666666666665,6.0,22.0,20.0,1.0,18.0,40.0,1.765,1.906,1.8355,1.9017795649749798,2.02536654907487,5.41297520661157,1.6915547520661156
0.2727272727272727,3.6666666666666665,6.0,22.0,20.0,1.0,18.0,50.0,2.203,2.378,2.2904999999999998,2.3772244562187246,2.6215268658958037,5.41297520661157,2.1144434400826446
0.2727272727272727,3.6666666666666665,6.0,22.0,20.0,1.0,18.0,60.0,2.644,2.842,2.7430000000000003,2.8526693474624696,3.26154365722909,5.41297520661157,2.537332128099173
0.2727272727272727,3.6666666666666665,6.0,22.0,20.0,1.0,20.0,10.0,0.405,0.433,0.41900000000000004,0.43469247199428107,0.41867725424434044,5.41297520661157,0.3866410861865407
0.2727272727272727,3.6666666666666665,6.0,22.0,20.0,1.0,20.0,20.0,0.81,0.866,0.8380000000000001,0.8693849439885621,0.8617684945157129,5.41297520661157,0.7732821723730814
0.2727272727272727,3.6666666666666665,6.0,22.0,20.0,1.0,20.0,30.0,1.209,1.304,1.2565,1.3040774159828432,1.3314733013391107,5.41297520661157,1.159923258559622
0.2727272727272727,3.6666666666666665,6.0,22.0,20.0,1.0,20.0,40.0,1.621,1.732,1.6764999999999999,1.7387698879771243,1.8302636647310084,5.41297520661157,1.5465643447461628
0.2727272727272727,3.6666666666666665,6.0,22.0,20.0,1.0,20.0,50.0,2.029,2.176,2.1025,2.1734623599714054,2.3609275026673893,5.41297520661157,1.9332054309327036
0.2727272727272727,3.6666666666666665,6.0,22.0,20.0,1.0,20.0,60.0,2.419,2.608,2.5135,2.6081548319656864,2.926620797596916,5.41297520661157,2.319846517119244
0.25,4.0,6.0,24.0,20.0,1.0,16.0,10.0,0.489,0.519,0.504,0.5218580509132132,0.5068267514143018,5.391249999999999,0.4647629310344827
0.25,4.0,6.0,24.0,20.0,1.0,16.0,20.0,0.977,1.035,1.006,1.0437161018264265,1.046553910976627,5.391249999999999,0.9295258620689654
0.25,4.0,6.0,24.0,20.0,1.0,16.0,30.0,1.458,1.559,1.5085,1.5655741527396398,1.6224925164869408,5.391249999999999,1.3942887931034482
0.25,4.0,6.0,24.0,20.0,1.0,16.0,40.0,1.956,2.07,2.013,2.087432203652853,2.2384133164009246,5.391249999999999,1.8590517241379307
0.25,4.0,6.0,24.0,20.0,1.0,16.0,50.0,2.427,2.592,2.5095,2.6092902545660666,2.8986294226008407,5.391249999999999,2.3238146551724137
0.25,4.0,6.0,24.0,20.0,1.0,16.0,60.0,2.917,3.118,3.0175,3.1311483054792797,3.608097460785328,5.391249999999999,2.7885775862068964
0.25,4.0,6.0,24.0,20.0,1.0,18.0,10.0,0.44,0.47,0.45499999999999996,0.4729338586400995,0.4579620335728654,5.391249999999999,0.42119140624999996
0.25,4.0,6.0,24.0,20.0,1.0,18.0,20.0,0.88,0.939,0.9095,0.945867717280199,0.9427024446279334,5.391249999999999,0.8423828124999999
0.25,4.0,6.0,24.0,20.0,1.0,18.0,30.0,1.32,1.408,1.3639999999999999,1.4188015759202985,1.456640684248133,5.391249999999999,1.2635742187499999
0.25,4.0,6.0,24.0,20.0,1.0,18.0,40.0,1.76,1.878,1.819,1.891735434560398,2.002496720354094,5.391249999999999,1.6847656249999998
0.25,4.0,6.0,24.0,20.0,1.0,18.0,50.0,2.202,2.349,2.2755,2.364669293200498,2.583339191485185,5.391249999999999,2.10595703125
0.25,4.0,6.0,24.0,20.0,1.0,18.0,60.0,2.642,2.816,2.729,2.837603151840597,3.202643126331993,5.391249999999999,2.5271484374999997
0.25,4.0,6.0,24.0,20.0,1.0,20.0,10.0,0.401,0.429,0.41500000000000004,0.43239667075666244,0.4176911516343671,5.391249999999999,0.3850892857142857
0.25,4.0,6.0,24.0,20.0,1.0,20.0,20.0,0.802,0.858,0.8300000000000001,0.8647933415133249,0.8576011115372206,5.391249999999999,0.7701785714285714
0.25,4.0,6.0,24.0,20.0,1.0,20.0,30.0,1.205,1.287,1.246,1.2971900122699873,1.3215511940343037,5.391249999999999,1.155267857142857
0.25,4.0,6.0,24.0,20.0,1.0,20.0,40.0,1.604,1.716,1.6600000000000001,1.7295866830266498,1.8115673671242607,5.391249999999999,1.5403571428571428
0.25,4.0,6.0,24.0,20.0,1.0,20.0,50.0,1.999,2.147,2.073,2.161983353783312,2.3299098284357305,5.391249999999999,1.9254464285714286
0.25,4.0,6.0,24.0,20.0,1.0,20.0,60.0,2.41,2.574,2.492,2.5943800245399746,2.879107862922923,5.391249999999999,2.310535714285714
0.23076923076923078,4.333333333333333,6.0,26.0,20.0,1.0,16.0,10.0,0.483,0.516,0.4995,0.5195135324079528,0.5056040880335885,5.372721893491124,0.46316568047337275
0.23076923076923078,4.333333333333333,6.0,26.0,20.0,1.0,16.0,20.0,0.966,1.032,0.999,1.0390270648159057,1.0413539894613069,5.372721893491124,0.9263313609467455
0.23076923076923078,4.333333333333333,6.0,26.0,20.0,1.0,16.0,30.0,1.434,1.547,1.4905,1.5585405972238584,1.6100286409739404,5.372721893491124,1.3894970414201184
0.23076923076923078,4.333333333333333,6.0,26.0,20.0,1.0,16.0,40.0,1.933,2.065,1.999,2.0780541296318114,2.2147593689939638,5.372721893491124,1.852662721893491
0.23076923076923078,4.333333333333333,6.0,26.0,20.0,1.0,16.0,50.0,2.397,2.578,2.4875,2.597567662039764,2.8590875754526777,5.372721893491124,2.315828402366864
0.23076923076923078,4.333333333333333,6.0,26.0,20.0,1.0,16.0,60.0,2.867,3.094,2.9805,3.117081194447717,3.5470341388335394,5.372721893491124,2.778994082840237
0.23076923076923078,4.333333333333333,6.0,26.0,20.0,1.0,18.0,10.0,0.433,0.468,0.4505,0.47080913874470726,0.4569635341497201,5.372721893491124,0.4197438979289941
0.23076923076923078,4.333333333333333,6.0,26.0,20.0,1.0,18.0,20.0,0.867,0.936,0.9015,0.9416182774894145,0.9384812339831088,5.372721893491124,0.8394877958579882
0.23076923076923078,4.333333333333333,6.0,26.0,20.0,1.0,18.0,30.0,1.294,1.403,1.3485,1.4124274162341217,1.4465868034188973,5.372721893491124,1.2592316937869823
0.23076923076923078,4.333333333333333,6.0,26.0,20.0,1.0,18.0,40.0,1.734,1.871,1.8025,1.883236554978829,1.9835449122457252,5.372721893491124,1.6789755917159763
0.23076923076923078,4.333333333333333,6.0,26.0,20.0,1.0,18.0,50.0,2.167,2.335,2.251,2.354045693723536,2.5518849424826966,5.372721893491124,2.0987194896449703
0.23076923076923078,4.333333333333333,6.0,26.0,20.0,1.0,18.0,60.0,2.587,2.807,2.697,2.8248548324682434,3.154440829650996,5.372721893491124,2.5184633875739646
0.23076923076923078,4.333333333333333,6.0,26.0,20.0,1.0,20.0,10.0,0.396,0.428,0.41200000000000003,0.4304540697094466,0.4168603780256008,5.372721893491124,0.3837658495350803
0.23076923076923078,4.333333333333333,6.0,26.0,20.0,1.0,20.0,20.0,0.792,0.855,0.8235,0.8609081394188932,0.8541062174652715,5.372721893491124,0.7675316990701606
0.23076923076923078,4.333333333333333,6.0,26.0,20.0,1.0,20.0,30.0,1.19,1.283,1.2365,1.2913622091283399,1.313270343857771,5.372721893491124,1.151297548605241
0.23076923076923078,4.333333333333333,6.0,26.0,20.0,1.0,20.0,40.0,1.584,1.71,1.647,1.7218162788377864,1.796043208632252,5.372721893491124,1.5350633981403212
0.23076923076923078,4.333333333333333,6.0,26.0,20.0,1.0,20.0,50.0,1.97,2.136,2.053,2.152270348547233,2.304293685281523,5.372721893491124,1.9188292476754014
0.23076923076923078,4.333333333333333,6.0,26.0,20.0,1.0,20.0,60.0,2.381,2.565,2.473,2.5827244182566798,2.8400932472274727,5.372721893491124,2.302595097210482
0.21428571428571427,4.666666666666667,6.0,28.0,20.0,1.0,16.0,10.0,0.478,0.51,0.494,0.5175039451177296,0.5045607763476416,5.35673469387755,0.4617874736101336
0.21428571428571427,4.666666666666667,6.0,28.0,20.0,1.0,16.0,20.0,0.956,1.02,0.988,1.0350078902354591,1.0369378667940272,5.35673469387755,0.9235749472202672
0.21428571428571427,4.666666666666667,6.0,28.0,20.0,1.0,16.0,30.0,1.427,1.533,1.48,1.5525118353531888,1.599496735110083,5.35673469387755,1.385362420830401
0.21428571428571427,4.666666666666667,6.0,28.0,20.0,1.0,16.0,40.0,1.913,2.041,1.9769999999999999,2.0700157804709183,2.1948788775682173,5.35673469387755,1.8471498944405345
0.21428571428571427,4.666666666666667,6.0,28.0,20.0,1.0,16.0,50.0,2.401,2.549,2.4749999999999996,2.587519725588648,2.8260432966052367,5.35673469387755,2.3089373680506684
0.21428571428571427,4.666666666666667,6.0,28.0,20.0,1.0,16.0,60.0,2.872,3.066,2.969,3.1050236707063776,3.496315683810946,5.35673469387755,2.770724841660802
0.21428571428571427,4.666666666666667,6.0,28.0,20.0,1.0,18.0,10.0,0.435,0.464,0.4495,0.46898795026294243,0.45611113652722446,5.35673469387755,0.4184948979591836
0.21428571428571427,4.666666666666667,6.0,28.0,20.0,1.0,18.0,20.0,0.869,0.928,0.8985000000000001,0.9379759005258849,0.934893026710093,5.35673469387755,0.8369897959183672
0.21428571428571427,4.666666666666667,6.0,28.0,20.0,1.0,18.0,30.0,1.303,1.389,1.346,1.4069638507888274,1.4380790037848716,5.35673469387755,1.2554846938775508
0.21428571428571427,4.666666666666667,6.0,28.0,20.0,1.0,18.0,40.0,1.738,1.857,1.7974999999999999,1.8759518010517697,1.967583722213791,5.35673469387755,1.6739795918367344
0.21428571428571427,4.666666666666667,6.0,28.0,20.0,1.0,18.0,50.0,2.171,2.313,2.242,2.3449397513147123,2.52552750404903,5.35673469387755,2.092474489795918
0.21428571428571427,4.666666666666667,6.0,28.0,20.0,1.0,18.0,60.0,2.606,2.777,2.6915,2.8139277015776547,3.1142647163913617,5.35673469387755,2.5109693877551016
0.21428571428571427,4.666666666666667,6.0,28.0,20.0,1.0,20.0,10.0,0.392,0.425,0.4085,0.42878898309754737,0.41615091220459705,5.35673469387755,0.3826239067055393
0.21428571428571427,4.666666666666667,6.0,28.0,20.0,1.0,20.0,20.0,0.784,0.849,0.8165,0.8575779661950947,0.851133186608817,5.35673469387755,0.7652478134110786
0.21428571428571427,4.666666666666667,6.0,28.0,20.0,1.0,20.0,30.0,1.191,1.269,1.23,1.2863669492926422,1.3062546280516827,5.35673469387755,1.147871720116618
0.21428571428571427,4.666666666666667,6.0,28.0,20.0,1.0,20.0,40.0,1.568,1.699,1.6335000000000002,1.7151559323901895,1.7829470108401673,5.35673469387755,1.5304956268221572
0.21428571428571427,4.666666666666667,6.0,28.0,20.0,1.0,20.0,50.0,1.989,2.121,2.055,2.143944915487737,2.282781124448269,5.35673469387755,1.9131195335276967
0.21428571428571427,4.666666666666667,6.0,28.0,20.0,1.0,20.0,60.0,2.383,2.538,2.4604999999999997,2.5727338985852843,2.807484064974483,5.35673469387755,2.295743440233236
0.2,5.0,6.0,30.0,20.0,1.0,16.0,10.0,0.469,0.509,0.489,0.5157623027995362,0.503660049532312,5.3427999999999995,0.4605862068965517
0.2,5.0,6.0,30.0,20.0,1.0,16.0,20.0,0.953,1.018,0.9855,1.0315246055990723,1.0331407467552243,5.3427999999999995,0.9211724137931034
0.2,5.0,6.0,30.0,20.0,1.0,16.0,30.0,1.415,1.527,1.471,1.5472869083986085,1.590479909966736,5.3427999999999995,1.381758620689655
0.2,5.0,6.0,30.0,20.0,1.0,16.0,40.0,1.901,2.035,1.968,2.0630492111981447,2.177935589568467,5.3427999999999995,1.8423448275862069
0.2,5.0,6.0,30.0,20.0,1.0,16.0,50.0,2.349,2.536,2.4425,2.578811513997681,2.7980166455011557,5.3427999999999995,2.3029310344827585
0.2,5.0,6.0,30.0,20.0,1.0,16.0,60.0,2.829,3.054,2.9415,3.094573816797217,3.4535185647007274,5.3427999999999995,2.76351724137931
0.2,5.0,6.0,30.0,20.0,1.0,18.0,10.0,0.43,0.461,0.4455,0.4674095869120796,0.45537496007025724,5.3427999999999995,0.41740625
0.2,5.0,6.0,30.0,20.0,1.0,18.0,20.0,0.859,0.923,0.891,0.9348191738241592,0.9318053684223417,5.3427999999999995,0.8348125
0.2,5.0,6.0,30.0,20.0,1.0,18.0,30.0,1.275,1.379,1.327,1.402228760736239,1.4307861154361694,5.3427999999999995,1.25221875
0.2,5.0,6.0,30.0,20.0,1.0,18.0,40.0,1.719,1.846,1.7825000000000002,1.8696383476483185,1.9539570335733591,5.3427999999999995,1.669625
0.2,5.0,6.0,30.0,20.0,1.0,18.0,50.0,2.153,2.3,2.2264999999999997,2.337047934560398,2.5031209004426174,5.3427999999999995,2.08703125
0.2,5.0,6.0,30.0,20.0,1.0,18.0,60.0,2.55,2.757,2.6535,2.804457521472478,3.0802641935871757,5.3427999999999995,2.5044375
0.2,5.0,6.0,30.0,20.0,1.0,20.0,10.0,0.394,0.42,0.40700000000000003,0.4273459080339014,0.41553799234945554,5.3427999999999995,0.38162857142857143
0.2,5.0,6.0,30.0,20.0,1.0,20.0,20.0,0.788,0.841,0.8145,0.8546918160678028,0.8485732514535022,5.3427999999999995,0.7632571428571429
0.2,5.0,6.0,30.0,20.0,1.0,20.0,30.0,1.181,1.261,1.221,1.2820377241017042,1.3002346945409053,5.3427999999999995,1.1448857142857143
0.2,5.0,6.0,30.0,20.0,1.0,20.0,40.0,1.576,1.681,1.6285,1.7093836321356055,1.7717504898196654,5.3427999999999995,1.5265142857142857
0.2,5.0,6.0,30.0,20.0,1.0,20.0,50.0,1.956,2.101,2.0285,2.136729540169507,2.264459208905326,5.3427999999999995,1.9081428571428571
0.2,5.0,6.0,30.0,20.0,1.0,20.0,60.0,2.349,2.521,2.435,2.5640754482034085,2.779822517604556,5.3427999999999995,2.2897714285714286
2.0,0.5,8.0,4.0,20.0,1.0,16.0,10.0,0.478,0.544,0.511,0.5762450759963642,0.47612791229649964,6.5200000000000005,0.44054054054054054
2.0,0.5,8.0,4.0,20.0,1.0,16.0,20.0,0.957,1.087,1.022,1.1524901519927284,1.2468356418103783,6.5200000000000005,0.8810810810810811
2.0,0.5,8.0,4.0,20.0,1.0,16.0,30.0,1.462,1.638,1.5499999999999998,1.7287352279890926,2.7079591369659926,6.5200000000000005,1.3216216216216217
2.0,0.5,8.0,4.0,20.0,1.0,16.0,40.0,1.913,2.175,2.044,2.304980303985457,6.539900634631509,6.5200000000000005,1.7621621621621621
2.0,0.5,8.0,4.0,20.0,1.0,16.0,50.0,2.379,2.718,2.5484999999999998,2.881225379981821,43.321999226698146,6.5200000000000005,2.2027027027027026
2.0,0.5,8.0,4.0,20.0,1.0,16.0,60.0,2.923,3.276,3.0995,3.4574704559781853,-15.756282569575376,6.5200000000000005,2.6432432432432433
2.0,0.5,8.0,4.0,20.0,1.0,18.0,10.0,0.436,0.493,0.4645,0.5200260441918408,0.41999553422384,6.5200000000000005,0.3975609756097561
2.0,0.5,8.0,4.0,20.0,1.0,18.0,20.0,0.872,0.986,0.929,1.0400520883836817,1.0611417051156868,6.5200000000000005,0.7951219512195122
2.0,0.5,8.0,4.0,20.0,1.0,18.0,30.0,1.284,1.472,1.3780000000000001,1.5600781325755226,2.1605316384010944,6.5200000000000005,1.1926829268292685
2.0,0.5,8.0,4.0,20.0,1.0,18.0,40.0,1.743,1.972,1.8575,2.0801041767673634,4.482637299779034,6.5200000000000005,1.5902439024390245
2.0,0.5,8.0,4.0,20.0,1.0,18.0,50.0,2.177,2.452,2.3145,2.6001302209592043,12.622547350294841,6.5200000000000005,1.9878048780487805
2.0,0.5,8.0,4.0,20.0,1.0,18.0,60.0,2.568,2.943,2.7555,3.1201562651510453,-59.940821743588074,6.5200000000000005,2.385365853658537
2.0,0.5,8.0,4.0,20.0,1.0,20.0,10.0,0.386,0.447,0.4165,0.4738015069303439,0.37570264117421925,6.5200000000000005,0.3622222222222222
2.0,0.5,8.0,4.0,20.0,1.0,20.0,20.0,0.773,0.894,0.8335,0.9476030138606878,0.9235895152199081,6.5200000000000005,0.7244444444444444
2.0,0.5,8.0,4.0,20.0,1.0,20.0,30.0,1.18,1.341,1.2605,1.4214045207910317,1.7972155218233317,6.5200000000000005,1.086666666666667
2.0,0.5,8.0,4.0,20.0,1.0,20.0,40.0,1.546,1.787,1.6665,1.8952060277213756,3.4099620090655742,6.5200000000000005,1.448888888888889
2.0,0.5,8.0,4.0,20.0,1.0,20.0,50.0,1.935,2.242,2.0885,2.3690075346517196,7.387506978034938,6.5200000000000005,1.8111111111111111
2.0,0.5,8.0,4.0,20.0,1.0,20.0,60.0,2.352,2.683,2.5175,2.8428090415820635,33.2220346110533,6.5200000000000005,2.173333333333334
1.3333333333333333,0.75,8.0,6.0,20.0,1.0,16.0,10.0,0.46,0.512,0.486,0.5125417623759545,0.44136839352483276,6.219999999999999,0.4202702702702702
1.3333333333333333,0.75,8.0,6.0,20.0,1.0,16.0,20.0,0.92,1.024,0.972,1.025083524751909,1.0336607231714254,6.219999999999999,0.8405405405405404
1.3333333333333333,0.75,8.0,6.0,20.0,1.0,16.0,30.0,1.368,1.528,1.448,1.5376252871278635,1.8702534627155674,6.219999999999999,1.2608108108108105
1.3333333333333333,0.75,8.0,6.0,20.0,1.0,16.0,40.0,1.84,2.048,1.944,2.050167049503818,3.141565701856372,6.219999999999999,1.6810810810810808
1.3333333333333333,0.75,8.0,6.0,20.0,1.0,16.0,50.0,2.284,2.545,2.4145,2.5627088118797725,5.305375966106059,6.219999999999999,2.101351351351351
1.3333333333333333,0.75,8.0,6.0,20.0,1.0,16.0,60.0,2.736,3.056,2.896,3.075250574255727,9.809850951947263,6.219999999999999,2.521621621621621
1.3333333333333333,0.75,8.0,6.0,20.0,1.0,18.0,10.0,0.411,0.46,0.4355,0.4625376879978126,0.39271393247468,6.219999999999999,0.3792682926829268
1.3333333333333333,0.75,8.0,6.0,20.0,1.0,18.0,20.0,0.823,0.921,0.872,0.9250753759956252,0.9027011788441617,6.219999999999999,0.7585365853658536
1.3333333333333333,0.75,8.0,6.0,20.0,1.0,18.0,30.0,1.234,1.38,1.307,1.3876130639934379,1.5917125576735303,6.219999999999999,1.1378048780487804
1.3333333333333333,0.75,8.0,6.0,20.0,1.0,18.0,40.0,1.645,1.841,1.7429999999999999,1.8501507519912503,2.5740817140273258,6.219999999999999,1.517073170731707
1.3333333333333333,0.75,8.0,6.0,20.0,1.0,18.0,50.0,2.048,2.301,2.1745,2.312688439989063,4.087832702918596,6.219999999999999,1.8963414634146338
1.3333333333333333,0.75,8.0,6.0,20.0,1.0,18.0,60.0,2.468,2.761,2.6145,2.7752261279868757,6.72395594966855,6.219999999999999,2.2756097560975608
1.3333333333333333,0.75,8.0,6.0,20.0,1.0,20.0,10.0,0.37,0.421,0.39549999999999996,0.4214232268424515,0.35372129253339796,6.219999999999999,0.3455555555555555
1.3333333333333333,0.75,8.0,6.0,20.0,1.0,20.0,20.0,0.739,0.841,0.79,0.842846453684903,0.8011939851740598,6.219999999999999,0.691111111111111
1.3333333333333333,0.75,8.0,6.0,20.0,1.0,20.0,30.0,1.119,1.261,1.19,1.2642696805273546,1.385384272829862,6.219999999999999,1.0366666666666664
1.3333333333333333,0.75,8.0,6.0,20.0,1.0,20.0,40.0,1.479,1.683,1.581,1.685692907369806,2.1802476383781677,6.219999999999999,1.382222222222222
1.3333333333333333,0.75,8.0,6.0,20.0,1.0,20.0,50.0,1.868,2.096,1.9820000000000002,2.1071161342122573,3.3248134176077473,6.219999999999999,1.7277777777777774
1.3333333333333333,0.75,8.0,6.0,20.0,1.0,20.0,60.0,2.238,2.521,2.3795,2.528539361054709,5.114943013598362,6.219999999999999,2.073333333333333
1.0,1.0,8.0,8.0,20.0,1.0,16.0,10.0,0.435,0.486,0.4605,0.48069010556574965,0.4258248125024265,6.01,0.40608108108108104
1.0,1.0,8.0,8.0,20.0,1.0,16.0,20.0,0.881,0.973,0.927,0.9613802111314993,0.9522558245929993,6.01,0.8121621621621621
1.0,1.0,8.0,8.0,20.0,1.0,16.0,30.0,1.31,1.458,1.384,1.442070316697249,1.6197232180150207,6.01,1.218243243243243
1.0,1.0,8.0,8.0,20.0,1.0,16.0,40.0,1.773,1.945,1.859,1.9227604222629986,2.4936712836207566,6.01,1.6243243243243242
1.0,1.0,8.0,8.0,20.0,1.0,16.0,50.0,2.214,2.433,2.3235,2.403450527828748,3.687443401787542,6.01,2.0304054054054053
1.0,1.0,8.0,8.0,20.0,1.0,16.0,60.0,2.621,2.916,2.7685,2.884140633394498,5.415918273931985,6.01,2.436486486486486
1.0,1.0,8.0,8.0,20.0,1.0,18.0,10.0,0.399,0.438,0.4185,0.43379350990079846,0.38036041843544593,6.01,0.36646341463414633
1.0,1.0,8.0,8.0,20.0,1.0,18.0,20.0,0.799,0.876,0.8375,0.8675870198015969,0.83999106844768,6.01,0.7329268292682927
1.0,1.0,8.0,8.0,20.0,1.0,18.0,30.0,1.2,1.314,1.2570000000000001,1.3013805297023955,1.4065554500706876,6.01,1.099390243902439
1.0,1.0,8.0,8.0,20.0,1.0,18.0,40.0,1.597,1.752,1.6745,1.7351740396031938,2.1222834102313737,6.01,1.4658536585365853
1.0,1.0,8.0,8.0,20.0,1.0,18.0,50.0,1.999,2.205,2.1020000000000003,2.1689675495039924,3.0550120233748905,6.01,1.8323170731707317
1.0,1.0,8.0,8.0,20.0,1.0,18.0,60.0,2.4,2.628,2.5140000000000002,2.602761059404791,4.321063276802189,6.01,2.198780487804878
1.0,1.0,8.0,8.0,20.0,1.0,20.0,10.0,0.363,0.399,0.381,0.3952340867985053,0.3436677556072256,6.01,0.33388888888888885
1.0,1.0,8.0,8.0,20.0,1.0,20.0,20.0,0.726,0.798,0.762,0.7904681735970106,0.7514052823484385,6.01,0.6677777777777777
1.0,1.0,8.0,8.0,20.0,1.0,20.0,30.0,1.086,1.199,1.1425,1.1857022603955159,1.242971097221372,6.01,1.0016666666666665
1.0,1.0,8.0,8.0,20.0,1.0,20.0,40.0,1.451,1.599,1.525,1.5809363471940212,1.8471790304398161,6.01,1.3355555555555554
1.0,1.0,8.0,8.0,20.0,1.0,20.0,50.0,1.81,1.997,1.9035000000000002,1.9761704339925263,2.607757053423964,6.01,1.6694444444444445
1.0,1.0,8.0,8.0,20.0,1.0,20.0,60.0,2.172,2.398,2.285,2.3714045207910317,3.5944310436466633,6.01,2.003333333333333
0.8,1.25,8.0,10.0,20.0,1.0,16.0,10.0,0.424,0.469,0.4465,0.4615791114796268,0.41701328914594654,5.8648,0.39627027027027023
0.8,1.25,8.0,10.0,20.0,1.0,16.0,20.0,0.849,0.937,0.893,0.9231582229592536,0.9092897128725003,5.8648,0.7925405405405405
0.8,1.25,8.0,10.0,20.0,1.0,16.0,30.0,1.263,1.407,1.335,1.3847373344388803,1.4992257353498064,5.8648,1.1888108108108106
0.8,1.25,8.0,10.0,20.0,1.0,16.0,40.0,1.697,1.874,1.7855,1.8463164459185073,2.219082501564973,5.8648,1.585081081081081
0.8,1.25,8.0,10.0,20.0,1.0,16.0,50.0,2.105,2.338,2.2215,2.3078955573981337,3.1170891045259457,5.8648,1.9813513513513514
0.8,1.25,8.0,10.0,20.0,1.0,16.0,60.0,2.518,2.813,2.6654999999999998,2.7694746688777605,4.268717035147822,5.8648,2.3776216216216213
0.8,1.25,8.0,10.0,20.0,1.0,18.0,10.0,0.384,0.423,0.40349999999999997,0.41654700304259,0.3733144569800557,5.8648,0.35760975609756096
0.8,1.25,8.0,10.0,20.0,1.0,18.0,20.0,0.77,0.846,0.808,0.83309400608518,0.8063798339057204,5.8648,0.7152195121951219
0.8,1.25,8.0,10.0,20.0,1.0,18.0,30.0,1.133,1.274,1.2035,1.2496410091277699,1.3147891726219383,5.8648,1.0728292682926828
0.8,1.25,8.0,10.0,20.0,1.0,18.0,40.0,1.54,1.692,1.616,1.66618801217036,1.9200781612634457,5.8648,1.4304390243902438
0.8,1.25,8.0,10.0,20.0,1.0,18.0,50.0,1.89,2.12,2.005,2.08273501521295,2.652854262789217,5.8648,1.788048780487805
0.8,1.25,8.0,10.0,20.0,1.0,18.0,60.0,2.266,2.548,2.407,2.4992820182555398,3.558135760943859,5.8648,2.1456585365853655
0.8,1.25,8.0,10.0,20.0,1.0,20.0,10.0,0.349,0.385,0.367,0.3795206027721376,0.33790534780745324,5.8648,0.3258222222222222
0.8,1.25,8.0,10.0,20.0,1.0,20.0,20.0,0.698,0.77,0.734,0.7590412055442752,0.7243955575065394,5.8648,0.6516444444444444
0.8,1.25,8.0,10.0,20.0,1.0,20.0,30.0,1.039,1.156,1.0975,1.1385618083164126,1.170760767408448,5.8648,0.9774666666666666
0.8,1.25,8.0,10.0,20.0,1.0,20.0,40.0,1.396,1.541,1.4685,1.5180824110885505,1.692082964914144,5.8648,1.3032888888888887
0.8,1.25,8.0,10.0,20.0,1.0,20.0,50.0,1.748,1.934,1.841,1.8976030138606879,2.30897378804977,5.8648,1.6291111111111112
0.8,1.25,8.0,10.0,20.0,1.0,20.0,60.0,2.094,2.313,2.2035,2.2771236166328253,3.0503644876193414,5.8648,1.9549333333333332
0.6666666666666666,1.5,8.0,12.0,20.0,1.0,16.0,10.0,0.411,0.458,0.4345,0.44883844875554485,0.41133877833568977,5.76,0.38918918918918916
0.6666666666666666,1.5,8.0,12.0,20.0,1.0,16.0,20.0,0.822,0.917,0.8694999999999999,0.8976768975110897,0.8827367870496655,5.76,0.7783783783783783
0.6666666666666666,1.5,8.0,12.0,20.0,1.0,16.0,30.0,1.233,1.373,1.303,1.3465153462666344,1.428383736889499,5.76,1.1675675675675674
0.6666666666666666,1.5,8.0,12.0,20.0,1.0,16.0,40.0,1.642,1.833,1.7374999999999998,1.7953537950221794,2.067321446342851,5.76,1.5567567567567566
0.6666666666666666,1.5,8.0,12.0,20.0,1.0,16.0,50.0,2.034,2.286,2.16,2.244192243777724,2.825711654225565,5.76,1.945945945945946
0.6666666666666666,1.5,8.0,12.0,20.0,1.0,16.0,60.0,2.467,2.746,2.6065,2.6930306925332688,3.7405069254311347,5.76,2.335135135135135
0.6666666666666666,1.5,8.0,12.0,20.0,1.0,18.0,10.0,0.371,0.413,0.392,0.40504933180378433,0.36876040513013125,5.76,0.35121951219512193
0.6666666666666666,1.5,8.0,12.0,20.0,1.0,18.0,20.0,0.743,0.826,0.7845,0.8100986636075687,0.78542786494936,5.76,0.7024390243902439
0.6666666666666666,1.5,8.0,12.0,20.0,1.0,18.0,30.0,1.104,1.238,1.171,1.215147995411353,1.25998660267152,5.76,1.0536585365853657
0.6666666666666666,1.5,8.0,12.0,20.0,1.0,18.0,40.0,1.485,1.651,1.568,1.6201973272151373,1.8054023576883234,5.76,1.4048780487804877
0.6666666666666666,1.5,8.0,12.0,20.0,1.0,18.0,50.0,1.842,2.063,1.9525000000000001,2.0252466590189218,2.4388251116025095,5.76,1.7560975609756098
0.6666666666666666,1.5,8.0,12.0,20.0,1.0,18.0,60.0,2.208,2.476,2.342,2.430295990822706,3.1834251153470605,5.76,2.1073170731707314
0.6666666666666666,1.5,8.0,12.0,20.0,1.0,20.0,10.0,0.336,0.377,0.35650000000000004,0.36904494675455907,0.3341699119096148,5.76,0.31999999999999995
0.6666666666666666,1.5,8.0,12.0,20.0,1.0,20.0,20.0,0.673,0.754,0.7135,0.7380898935091181,0.7074425850667959,5.76,0.6399999999999999
0.6666666666666666,1.5,8.0,12.0,20.0,1.0,20.0,30.0,1.022,1.127,1.0745,1.1071348402636771,1.1271079235226578,5.76,0.9599999999999999
0.6666666666666666,1.5,8.0,12.0,20.0,1.0,20.0,40.0,1.346,1.507,1.4264999999999999,1.4761797870182363,1.6023879703481196,5.76,1.2799999999999998
0.6666666666666666,1.5,8.0,12.0,20.0,1.0,20.0,50.0,1.684,1.881,1.7825,1.8452247337727954,2.145122457963548,5.76,1.6
0.6666666666666666,1.5,8.0,12.0,20.0,1.0,20.0,60.0,2.045,2.254,2.1494999999999997,2.2142696805273543,2.770768545659724,5.76,1.9199999999999997
0.5714285714285714,1.75,8.0,14.0,20.0,1.0,16.0,10.0,0.404,0.447,0.4255,0.4397379753812006,0.40737919631086794,5.681224489795918,0.38386651958080525
0.5714285714285714,1.75,8.0,14.0,20.0,1.0,16.0,20.0,0.809,0.894,0.8515,0.8794759507624011,0.8647004739498295,5.681224489795918,0.7677330391616105
0.5714285714285714,1.75,8.0,14.0,20.0,1.0,16.0,30.0,1.213,1.342,1.2775,1.3192139261436018,1.3817474036274637,5.681224489795918,1.1515995587424157
0.5714285714285714,1.75,8.0,14.0,20.0,1.0,16.0,40.0,1.617,1.789,1.7029999999999998,1.7589519015248023,1.9710375300241794,5.681224489795918,1.535466078323221
0.5714285714285714,1.75,8.0,14.0,20.0,1.0,16.0,50.0,2.006,2.237,2.1215,2.198689876906003,2.6488490957246027,5.681224489795918,1.9193325979040263
0.5714285714285714,1.75,8.0,14.0,20.0,1.0,16.0,60.0,2.426,2.683,2.5545,2.6384278522872036,3.436748034014426,5.681224489795918,2.3031991174848314
0.5714285714285714,1.75,8.0,14.0,20.0,1.0,18.0,10.0,0.368,0.404,0.386,0.39683670949035177,0.3655749495365303,5.681224489795918,0.34641612742658034
0.5714285714285714,1.75,8.0,14.0,20.0,1.0,18.0,20.0,0.736,0.807,0.7715000000000001,0.7936734189807035,0.7711166265844702,5.681224489795918,0.6928322548531607
0.5714285714285714,1.75,8.0,14.0,20.0,1.0,18.0,30.0,1.094,1.215,1.1545,1.190510128471055,1.2235580962430272,5.681224489795918,1.039248382279741
0.5714285714285714,1.75,8.0,14.0,20.0,1.0,18.0,40.0,1.471,1.615,1.5430000000000001,1.587346837961407,1.7315344194757367,5.681224489795918,1.3856645097063214
0.5714285714285714,1.75,8.0,14.0,20.0,1.0,18.0,50.0,1.844,2.02,1.932,1.9841835474517586,2.305939080402733,5.681224489795918,1.7320806371329018
0.5714285714285714,1.75,8.0,14.0,20.0,1.0,18.0,60.0,2.189,2.429,2.309,2.38102025694211,2.9607139781667686,5.681224489795918,2.078496764559482
0.5714285714285714,1.75,8.0,14.0,20.0,1.0,20.0,10.0,0.332,0.369,0.35050000000000003,0.3615623353134316,0.33155191142102663,5.681224489795918,0.31562358276643987
0.5714285714285714,1.75,8.0,14.0,20.0,1.0,20.0,20.0,0.663,0.737,0.7,0.7231246706268633,0.6958111466991989,5.681224489795918,0.6312471655328797
0.5714285714285714,1.75,8.0,14.0,20.0,1.0,20.0,30.0,0.997,1.104,1.0505,1.0846870059402947,1.0978686400431559,5.681224489795918,0.9468707482993196
0.5714285714285714,1.75,8.0,14.0,20.0,1.0,20.0,40.0,1.326,1.474,1.4,1.4462493412537265,1.5439296897211623,5.681224489795918,1.2624943310657595
0.5714285714285714,1.75,8.0,14.0,20.0,1.0,20.0,50.0,1.67,1.845,1.7574999999999998,1.8078116765671577,2.0416365159106293,5.681224489795918,1.5781179138321995
0.5714285714285714,1.75,8.0,14.0,20.0,1.0,20.0,60.0,1.993,2.208,2.1005000000000003,2.1693740118805893,2.6005097421876426,5.681224489795918,1.8937414965986392
0.5,2.0,8.0,16.0,20.0,1.0,16.0,10.0,0.398,0.439,0.4185,0.4329126203504424,0.40445917750875504,5.62,0.37972972972972974
0.5,2.0,8.0,16.0,20.0,1.0,16.0,20.0,0.796,0.879,0.8375,0.8658252407008848,0.851649625004853,5.62,0.7594594594594595
0.5,2.0,8.0,16.0,20.0,1.0,16.0,30.0,1.198,1.319,1.2585,1.2987378610513272,1.3487208813035791,5.62,1.1391891891891892
0.5,2.0,8.0,16.0,20.0,1.0,16.0,40.0,1.593,1.757,1.6749999999999998,1.7316504814017697,1.9045116491859986,5.62,1.518918918918919
0.5,2.0,8.0,16.0,20.0,1.0,16.0,50.0,1.984,2.198,2.091,2.1645631017522122,2.5300799666848213,5.62,1.8986486486486487
0.5,2.0,8.0,16.0,20.0,1.0,16.0,60.0,2.396,2.636,2.516,2.5974757221026543,3.2394464360300415,5.62,2.2783783783783784
0.5,2.0,8.0,16.0,20.0,1.0,18.0,10.0,0.364,0.396,0.38,0.39067724275527727,0.36322174123803663,5.62,0.3426829268292683
0.5,2.0,8.0,16.0,20.0,1.0,18.0,20.0,0.729,0.792,0.7605,0.7813544855105545,0.7607208368708919,5.62,0.6853658536585366
0.5,2.0,8.0,16.0,20.0,1.0,18.0,30.0,1.076,1.189,1.1325,1.172031728265832,1.197589721980148,5.62,1.028048780487805
0.5,2.0,8.0,16.0,20.0,1.0,18.0,40.0,1.457,1.585,1.521,1.562708971021109,1.67998213689536,5.62,1.3707317073170733
0.5,2.0,8.0,16.0,20.0,1.0,18.0,50.0,1.779,1.981,1.88,1.9533862137763864,2.215404805112232,5.62,1.7134146341463414
0.5,2.0,8.0,16.0,20.0,1.0,18.0,60.0,2.151,2.377,2.264,2.344063456531664,2.813110900141375,5.62,2.05609756097561
0.5,2.0,8.0,16.0,20.0,1.0,20.0,10.0,0.325,0.362,0.3435,0.35595037673258595,0.32961517357886655,5.62,0.31222222222222223
0.5,2.0,8.0,16.0,20.0,1.0,20.0,20.0,0.65,0.723,0.6865,0.7119007534651719,0.6873355112144512,5.62,0.6244444444444445
0.5,2.0,8.0,16.0,20.0,1.0,20.0,30.0,0.985,1.084,1.0345,1.067851130197758,1.0769157366975584,5.62,0.9366666666666666
0.5,2.0,8.0,16.0,20.0,1.0,20.0,40.0,1.3,1.446,1.373,1.4238015069303438,1.502810564696877,5.62,1.248888888888889
0.5,2.0,8.0,16.0,20.0,1.0,20.0,50.0,1.644,1.807,1.7254999999999998,1.7797518836629298,1.9703457987771527,5.62,1.5611111111111111
0.5,2.0,8.0,16.0,20.0,1.0,20.0,60.0,1.971,2.167,2.069,2.135702260395516,2.485942194442744,5.62,1.8733333333333333
0.4444444444444444,2.25,8.0,18.0,20.0,1.0,16.0,10.0,0.393,0.434,0.4135,0.42760401088207495,0.4022168317876527,5.571111111111111,0.37642642642642643
0.4444444444444444,2.25,8.0,18.0,20.0,1.0,16.0,20.0,0.785,0.868,0.8265,0.8552080217641499,0.8417681655294714,5.571111111111111,0.7528528528528529
0.4444444444444444,2.25,8.0,18.0,20.0,1.0,16.0,30.0,1.176,1.296,1.236,1.2828120326462247,1.3241051805744983,5.571111111111111,1.1292792792792792
0.4444444444444444,2.25,8.0,18.0,20.0,1.0,16.0,40.0,1.57,1.735,1.6525,1.7104160435282998,1.8557945779039262,5.571111111111111,1.5057057057057057
0.4444444444444444,2.25,8.0,18.0,20.0,1.0,16.0,50.0,1.969,2.167,2.068,2.1380200544103745,2.4448193140325,5.571111111111111,1.882132132132132
0.4444444444444444,2.25,8.0,18.0,20.0,1.0,16.0,60.0,2.352,2.593,2.4725,2.5656240652924494,3.1009821695142765,5.571111111111111,2.2585585585585584
0.4444444444444444,2.25,8.0,18.0,20.0,1.0,18.0,10.0,0.35,0.39,0.37,0.3858865464057749,0.361412308630736,5.571111111111111,0.3397018970189702
0.4444444444444444,2.25,8.0,18.0,20.0,1.0,18.0,20.0,0.699,0.78,0.7395,0.7717730928115498,0.752827000206662,5.571111111111111,0.6794037940379404
0.4444444444444444,2.25,8.0,18.0,20.0,1.0,18.0,30.0,1.07,1.173,1.1215000000000002,1.1576596392173248,1.17814179742404,5.571111111111111,1.0191056910569105
0.4444444444444444,2.25,8.0,18.0,20.0,1.0,18.0,40.0,1.399,1.56,1.4795,1.5435461856230996,1.6419601409428022,5.571111111111111,1.3588075880758808
0.4444444444444444,2.25,8.0,18.0,20.0,1.0,18.0,50.0,1.777,1.952,1.8645,1.9294327320288747,2.149758482655571,5.571111111111111,1.6985094850948508
0.4444444444444444,2.25,8.0,18.0,20.0,1.0,18.0,60.0,2.14,2.347,2.2435,2.3153192784346497,2.708103536532485,5.571111111111111,2.038211382113821
0.4444444444444444,2.25,8.0,18.0,20.0,1.0,20.0,10.0,0.326,0.356,0.34099999999999997,0.35158552005859495,0.32812439428502055,5.571111111111111,0.30950617283950616
0.4444444444444444,2.25,8.0,18.0,20.0,1.0,20.0,20.0,0.652,0.712,0.6819999999999999,0.7031710401171899,0.6808847638227844,5.571111111111111,0.6190123456790123
0.4444444444444444,2.25,8.0,18.0,20.0,1.0,20.0,30.0,0.972,1.066,1.0190000000000001,1.054756560175785,1.061163877600194,5.571111111111111,0.9285185185185185
0.4444444444444444,2.25,8.0,18.0,20.0,1.0,20.0,40.0,1.301,1.423,1.362,1.4063420802343798,1.472312527902353,5.571111111111111,1.2380246913580246
0.4444444444444444,2.25,8.0,18.0,20.0,1.0,20.0,50.0,1.655,1.776,1.7155,1.7579276002929747,1.9182485291217568,5.571111111111111,1.5475308641975307
0.4444444444444444,2.25,8.0,18.0,20.0,1.0,20.0,60.0,1.943,2.132,2.0375,2.10951312035157,2.4035819555221796,5.571111111111111,1.857037037037037
0.4,2.5,8.0,20.0,20.0,1.0,16.0,10.0,0.387,0.427,0.40700000000000003,0.42335712330738096,0.40044077780820525,5.531199999999999,0.3737297297297297
0.4,2.5,8.0,20.0,20.0,1.0,16.0,20.0,0.774,0.853,0.8135,0.8467142466147619,0.8340265782918931,5.531199999999999,0.7474594594594594
0.4,2.5,8.0,20.0,20.0,1.0,16.0,30.0,1.163,1.282,1.2225000000000001,1.2700713699221429,1.3050502512023312,5.531199999999999,1.121189189189189
0.4,2.5,8.0,20.0,20.0,1.0,16.0,40.0,1.548,1.707,1.6275,1.6934284932295238,1.8185794257450005,5.531199999999999,1.4949189189189187
0.4,2.5,8.0,20.0,20.0,1.0,16.0,50.0,1.928,2.132,2.0300000000000002,2.116785616536905,2.3806395614824982,5.531199999999999,1.8686486486486482
0.4,2.5,8.0,20.0,20.0,1.0,16.0,60.0,2.32,2.564,2.442,2.5401427398442857,2.998451470699613,5.531199999999999,2.242378378378378
0.4,2.5,8.0,20.0,20.0,1.0,18.0,10.0,0.351,0.385,0.368,0.38205398932617307,0.3599776910445602,5.531199999999999,0.3372682926829268
0.4,2.5,8.0,20.0,20.0,1.0,18.0,20.0,0.702,0.77,0.736,0.7641079786523461,0.7466289139601114,5.531199999999999,0.6745365853658536
0.4,2.5,8.0,20.0,20.0,1.0,18.0,30.0,1.054,1.154,1.104,1.146161967978519,1.1630324049154235,5.531199999999999,1.0118048780487803
0.4,2.5,8.0,20.0,20.0,1.0,18.0,40.0,1.404,1.54,1.472,1.5282159573046923,1.6127596678114409,5.531199999999999,1.3490731707317072
0.4,2.5,8.0,20.0,20.0,1.0,18.0,50.0,1.753,1.928,1.8405,1.9102699466308652,2.0999776711191998,5.531199999999999,1.6863414634146339
0.4,2.5,8.0,20.0,20.0,1.0,18.0,60.0,2.108,2.309,2.2085,2.292323935957038,2.6295783452438766,5.531199999999999,2.0236097560975606
0.4,2.5,8.0,20.0,20.0,1.0,20.0,10.0,0.319,0.35,0.3345,0.34809363471940213,0.3269414450142445,5.531199999999999,0.30728888888888883
0.4,2.5,8.0,20.0,20.0,1.0,20.0,20.0,0.639,0.701,0.6699999999999999,0.6961872694388043,0.6758106956149065,5.531199999999999,0.6145777777777777
0.4,2.5,8.0,20.0,20.0,1.0,20.0,30.0,0.961,1.052,1.0065,1.0442809041582064,1.0488903285372941,5.531199999999999,0.9218666666666665
0.4,2.5,8.0,20.0,20.0,1.0,20.0,40.0,1.278,1.401,1.3395000000000001,1.3923745388776085,1.4487911150130788,5.531199999999999,1.2291555555555553
0.4,2.5,8.0,20.0,20.0,1.0,20.0,50.0,1.597,1.752,1.6745,1.7404681735970107,1.8785132058710963,5.531199999999999,1.536444444444444
0.4,2.5,8.0,20.0,20.0,1.0,20.0,60.0,1.921,2.103,2.012,2.088561808316413,2.341521534816896,5.531199999999999,1.843733333333333
0.36363636363636365,2.75,8.0,22.0,20.0,1.0,16.0,10.0,0.389,0.422,0.40549999999999997,0.41988239710990405,0.3989992672002842,5.4980165289256195,0.37148760330578506
0.36363636363636365,2.75,8.0,22.0,20.0,1.0,16.0,20.0,0.779,0.845,0.812,0.8397647942198081,0.8277976756673033,5.4980165289256195,0.7429752066115701
0.36363636363636365,2.75,8.0,22.0,20.0,1.0,16.0,30.0,1.169,1.267,1.218,1.2596471913297123,1.289863031395849,5.4980165289256195,1.1144628099173552
0.36363636363636365,2.75,8.0,22.0,20.0,1.0,16.0,40.0,1.557,1.69,1.6235,1.6795295884396162,1.7892229323930418,5.4980165289256195,1.4859504132231403
0.36363636363636365,2.75,8.0,22.0,20.0,1.0,16.0,50.0,1.976,2.112,2.044,2.09941198554952,2.3305824746839114,5.4980165289256195,1.8574380165289255
0.36363636363636365,2.75,8.0,22.0,20.0,1.0,16.0,60.0,2.338,2.534,2.436,2.5192943826594245,2.919472961802938,5.4980165289256195,2.2289256198347105
0.36363636363636365,2.75,8.0,22.0,20.0,1.0,18.0,10.0,0.354,0.381,0.3675,0.3789182608064988,0.35881235702097836,5.4980165289256195,0.33524491030034265
0.36363636363636365,2.75,8.0,22.0,20.0,1.0,18.0,20.0,0.708,0.763,0.7355,0.7578365216129976,0.7416331559867883,5.4980165289256195,0.6704898206006853
0.36363636363636365,2.75,8.0,22.0,20.0,1.0,18.0,30.0,1.049,1.144,1.0964999999999998,1.1367547824194963,1.150955440851873,5.4980165289256195,1.005734730901028
0.36363636363636365,2.75,8.0,22.0,20.0,1.0,18.0,40.0,1.416,1.526,1.471,1.5156730432259953,1.5896298027698026,5.4980165289256195,1.3409796412013706
0.36363636363636365,2.75,8.0,22.0,20.0,1.0,18.0,50.0,1.758,1.904,1.831,1.8945913040324938,2.060930862120129,5.4980165289256195,1.6762245515017133
0.36363636363636365,2.75,8.0,22.0,20.0,1.0,18.0,60.0,2.098,2.288,2.1929999999999996,2.2735095648389927,2.5686391574187377,5.4980165289256195,2.011469461802056
0.36363636363636365,2.75,8.0,22.0,20.0,1.0,20.0,10.0,0.324,0.348,0.33599999999999997,0.3452366376236989,0.32597990302877494,5.4980165289256195,0.30544536271809
0.36363636363636365,2.75,8.0,22.0,20.0,1.0,20.0,20.0,0.648,0.695,0.6715,0.6904732752473978,0.6717150948350058,5.4980165289256195,0.61089072543618
0.36363636363636365,2.75,8.0,22.0,20.0,1.0,20.0,30.0,0.97,1.043,1.0065,1.0357099128710967,1.0390575303985135,5.4980165289256195,0.9163360881542699
0.36363636363636365,2.75,8.0,22.0,20.0,1.0,20.0,40.0,1.296,1.39,1.343,1.3809465504947955,1.4300981128680543,5.4980165289256195,1.22178145087236
0.36363636363636365,2.75,8.0,22.0,20.0,1.0,20.0,50.0,1.624,1.744,1.6840000000000002,1.7261831881184944,1.8472065158858273,5.4980165289256195,1.5272268135904499
0.36363636363636365,2.75,8.0,22.0,20.0,1.0,20.0,60.0,1.939,2.085,2.012,2.0714198257421934,2.2930792445063126,5.4980165289256195,1.8326721763085398
0.3333333333333333,3.0,8.0,24.0,20.0,1.0,16.0,10.0,0.385,0.42,0.40249999999999997,0.41698679194534,0.39780591253837794,5.47,0.36959459459459454
0.3333333333333333,3.0,8.0,24.0,20.0,1.0,16.0,20.0,0.77,0.839,0.8045,0.83397358389068,0.8226775566713795,5.47,0.7391891891891891
0.3333333333333333,3.0,8.0,24.0,20.0,1.0,16.0,30.0,1.148,1.261,1.2045,1.25096037583602,1.2774744375072795,5.47,1.1087837837837837
0.3333333333333333,3.0,8.0,24.0,20.0,1.0,16.0,40.0,1.54,1.679,1.6095000000000002,1.66794716778136,1.765473574099331,5.47,1.4783783783783782
0.3333333333333333,3.0,8.0,24.0,20.0,1.0,16.0,50.0,1.925,2.094,2.0095,2.0849339597267,2.2904485874143825,5.47,1.847972972972973
0.3333333333333333,3.0,8.0,24.0,20.0,1.0,16.0,60.0,2.296,2.522,2.409,2.50192075167204,2.856767473778998,5.47,2.2175675675675675
0.3333333333333333,3.0,8.0,24.0,20.0,1.0,18.0,10.0,0.345,0.378,0.3615,0.3763051537067702,0.35784699331714515,5.47,0.3335365853658536
0.3333333333333333,3.0,8.0,24.0,20.0,1.0,18.0,20.0,0.689,0.756,0.7224999999999999,0.7526103074135404,0.7375208102602625,5.47,0.6670731707317072
0.3333333333333333,3.0,8.0,24.0,20.0,1.0,18.0,30.0,1.041,1.133,1.087,1.1289154611203107,1.1410812553063379,5.47,1.0006097560975609
0.3333333333333333,3.0,8.0,24.0,20.0,1.0,18.0,40.0,1.379,1.513,1.446,1.5052206148270808,1.57085572989872,5.47,1.3341463414634145
0.3333333333333333,3.0,8.0,24.0,20.0,1.0,18.0,50.0,1.734,1.891,1.8125,1.8815257685338511,2.0294841468609737,5.47,1.6676829268292683
0.3333333333333333,3.0,8.0,24.0,20.0,1.0,18.0,60.0,2.081,2.267,2.174,2.2578309222406214,2.51997320534304,5.47,2.0012195121951217
0.3333333333333333,3.0,8.0,24.0,20.0,1.0,20.0,10.0,0.314,0.345,0.3295,0.3428558067106129,0.32518292790548387,5.47,0.3038888888888889
0.3333333333333333,3.0,8.0,24.0,20.0,1.0,20.0,20.0,0.634,0.689,0.6615,0.6857116134212258,0.6683398238192296,5.47,0.6077777777777778
0.3333333333333333,3.0,8.0,24.0,20.0,1.0,20.0,30.0,0.948,1.032,0.99,1.0285674201318387,1.0310032668216769,5.47,0.9116666666666666
0.3333333333333333,3.0,8.0,24.0,20.0,1.0,20.0,40.0,1.274,1.379,1.3265,1.3714232268424515,1.4148851701335918,5.47,1.2155555555555555
0.3333333333333333,3.0,8.0,24.0,20.0,1.0,20.0,50.0,1.578,1.718,1.6480000000000001,1.7142790335530644,1.821903802482379,5.47,1.5194444444444444
0.3333333333333333,3.0,8.0,24.0,20.0,1.0,20.0,60.0,1.897,2.065,1.9809999999999999,2.0571348402636773,2.2542158470453155,5.47,1.8233333333333333
0.3076923076923077,3.25,8.0,26.0,20.0,1.0,16.0,10.0,0.388,0.416,0.402,0.41453666449840115,0.39680171233164835,5.446035502958579,0.3679753718215256
0.3076923076923077,3.25,8.0,26.0,20.0,1.0,16.0,20.0,0.777,0.831,0.804,0.8290733289968023,0.8183943620004451,5.446035502958579,0.7359507436430512
0.3076923076923077,3.25,8.0,26.0,20.0,1.0,16.0,30.0,1.164,1.246,1.205,1.2436099934952034,1.267176156309937,5.446035502958579,1.1039261154645768
0.3076923076923077,3.25,8.0,26.0,20.0,1.0,16.0,40.0,1.553,1.663,1.608,1.6581466579936046,1.7458649374290023,5.446035502958579,1.4719014872861025
0.3076923076923077,3.25,8.0,26.0,20.0,1.0,16.0,50.0,1.941,2.076,2.0085,2.0726833224920056,2.257553269367974,5.446035502958579,1.839876859107628
0.3076923076923077,3.25,8.0,26.0,20.0,1.0,16.0,60.0,2.328,2.492,2.41,2.487219986990407,2.805775324318957,5.446035502958579,2.2078522309291535
0.3076923076923077,3.25,8.0,26.0,20.0,1.0,18.0,10.0,0.35,0.375,0.3625,0.374094063083923,0.3570341951406929,5.446035502958579,0.33207533554625485
0.3076923076923077,3.25,8.0,26.0,20.0,1.0,18.0,20.0,0.7,0.75,0.725,0.748188126167846,0.7340765878561633,5.446035502958579,0.6641506710925097
0.3076923076923077,3.25,8.0,26.0,20.0,1.0,18.0,30.0,1.051,1.126,1.0884999999999998,1.122282189251769,1.132857552432668,5.446035502958579,0.9962260066387645
0.3076923076923077,3.25,8.0,26.0,20.0,1.0,18.0,40.0,1.4,1.501,1.4505,1.496376252335692,1.5553129171620768,5.446035502958579,1.3283013421850194
0.3076923076923077,3.25,8.0,26.0,20.0,1.0,18.0,50.0,1.756,1.872,1.814,1.8704703154196147,2.00361539009923,5.446035502958579,1.660376677731274
0.3076923076923077,3.25,8.0,26.0,20.0,1.0,18.0,60.0,2.102,2.251,2.1765,2.244564378503538,2.48021193501606,5.446035502958579,1.992452013277529
0.3076923076923077,3.25,8.0,26.0,20.0,1.0,20.0,10.0,0.32,0.341,0.3305,0.34084125747646316,0.3245116018545316,5.446035502958579,0.3025575279421433
0.3076923076923077,3.25,8.0,26.0,20.0,1.0,20.0,20.0,0.636,0.681,0.6585000000000001,0.6816825149529263,0.6655102072114949,5.446035502958579,0.6051150558842866
0.3076923076923077,3.25,8.0,26.0,20.0,1.0,20.0,30.0,0.954,1.024,0.989,1.0225237724293896,1.0242850132001629,5.446035502958579,0.9076725838264298
0.3076923076923077,3.25,8.0,26.0,20.0,1.0,20.0,40.0,1.271,1.362,1.3165,1.3633650299058526,1.4022632253926364,5.446035502958579,1.2102301117685732
0.3076923076923077,3.25,8.0,26.0,20.0,1.0,20.0,50.0,1.6,1.705,1.6525,1.7042062873823158,1.8010290328635303,5.446035502958579,1.5127876397107163
0.3076923076923077,3.25,8.0,26.0,20.0,1.0,20.0,60.0,1.908,2.047,1.9775,2.0450475448587793,2.2223458024764176,5.446035502958579,1.8153451676528596
0.2857142857142857,3.5,8.0,28.0,20.0,1.0,16.0,10.0,0.379,0.413,0.396,0.41243655525816786,0.3959449958113945,5.425306122448979,0.3665747380033094
0.2857142857142857,3.5,8.0,28.0,20.0,1.0,16.0,20.0,0.757,0.825,0.7909999999999999,0.8248731105163357,0.8147583926217359,5.425306122448979,0.7331494760066188
0.2857142857142857,3.5,8.0,28.0,20.0,1.0,16.0,30.0,1.139,1.239,1.189,1.2373096657745035,1.2584803038841115,5.425306122448979,1.0997242140099281
0.2857142857142857,3.5,8.0,28.0,20.0,1.0,16.0,40.0,1.515,1.651,1.583,1.6497462210326714,1.729400947899659,5.425306122448979,1.4662989520132377
0.2857142857142857,3.5,8.0,28.0,20.0,1.0,16.0,50.0,1.898,2.055,1.9765000000000001,2.062182776290839,2.2301001861712497,5.425306122448979,1.8328736900165468
0.2857142857142857,3.5,8.0,28.0,20.0,1.0,16.0,60.0,2.278,2.478,2.378,2.474619331549007,2.7634948072549275,5.425306122448979,2.1994484280198563
0.2857142857142857,3.5,8.0,28.0,20.0,1.0,18.0,10.0,0.341,0.372,0.35650000000000004,0.3721988425500539,0.3563404440558508,5.425306122448979,0.3308113489298158
0.2857142857142857,3.5,8.0,28.0,20.0,1.0,18.0,20.0,0.682,0.744,0.7130000000000001,0.7443976851001078,0.7311498990730606,5.425306122448979,0.6616226978596316
0.2857142857142857,3.5,8.0,28.0,20.0,1.0,18.0,30.0,1.022,1.118,1.07,1.1165965276501617,1.1259024295719213,5.425306122448979,0.9924340467894475
0.2857142857142857,3.5,8.0,28.0,20.0,1.0,18.0,40.0,1.369,1.488,1.4285,1.4887953702002157,1.5422332531689404,5.425306122448979,1.3232453957192631
0.2857142857142857,3.5,8.0,28.0,20.0,1.0,18.0,50.0,1.699,1.863,1.7810000000000001,1.8609942127502694,1.9819613821156512,5.425306122448979,1.6540567446490788
0.2857142857142857,3.5,8.0,28.0,20.0,1.0,18.0,60.0,2.044,2.236,2.14,2.2331930553003234,2.4471161924860545,5.425306122448979,1.984868093578895
0.2857142857142857,3.5,8.0,28.0,20.0,1.0,20.0,10.0,0.312,0.339,0.3255,0.33911450099004914,0.3239383817921208,5.425306122448979,0.30140589569160997
0.2857142857142857,3.5,8.0,28.0,20.0,1.0,20.0,20.0,0.623,0.679,0.651,0.6782290019800983,0.6631038228420533,5.425306122448979,0.6028117913832199
0.2857142857142857,3.5,8.0,28.0,20.0,1.0,20.0,30.0,0.934,1.013,0.9735,1.0173435029701474,1.018595809952946,5.425306122448979,0.9042176870748299
0.2857142857142857,3.5,8.0,28.0,20.0,1.0,20.0,40.0,1.246,1.357,1.3014999999999999,1.3564580039601966,1.3916222933983977,5.425306122448979,1.2056235827664399
0.2857142857142857,3.5,8.0,28.0,20.0,1.0,20.0,50.0,1.562,1.694,1.6280000000000001,1.6955725049502455,1.7835133999065018,5.425306122448979,1.5070294784580496
0.2857142857142857,3.5,8.0,28.0,20.0,1.0,20.0,60.0,1.867,2.025,1.946,2.034687005940295,2.1957372800863117,5.425306122448979,1.8084353741496597
0.26666666666666666,3.75,8.0,30.0,20.0,1.0,16.0,10.0,0.384,0.409,0.39649999999999996,0.410616460583299,0.3952054949714042,5.4072,0.36535135135135133
0.26666666666666666,3.75,8.0,30.0,20.0,1.0,16.0,20.0,0.768,0.818,0.7929999999999999,0.821232921166598,0.8116332523664739,5.4072,0.7307027027027027
0.26666666666666666,3.75,8.0,30.0,20.0,1.0,16.0,30.0,1.146,1.23,1.188,1.231849381749897,1.2510398674378396,5.4072,1.096054054054054
0.26666666666666666,3.75,8.0,30.0,20.0,1.0,16.0,40.0,1.528,1.635,1.5815000000000001,1.642465842333196,1.715381296918428,5.4072,1.4614054054054053
0.26666666666666666,3.75,8.0,30.0,20.0,1.0,16.0,50.0,1.923,2.048,1.9855,2.053082302916495,2.2068419676241637,5.4072,1.8267567567567564
0.26666666666666666,3.75,8.0,30.0,20.0,1.0,16.0,60.0,2.292,2.46,2.376,2.463698763499794,2.7278691386175007,5.4072,2.192108108108108
0.26666666666666666,3.75,8.0,30.0,20.0,1.0,18.0,10.0,0.346,0.369,0.3575,0.3705563180873674,0.35574137025215924,5.4072,0.3297073170731707
0.26666666666666666,3.75,8.0,30.0,20.0,1.0,18.0,20.0,0.692,0.738,0.715,0.7411126361747348,0.728632247355872,5.4072,0.6594146341463414
0.26666666666666666,3.75,8.0,30.0,20.0,1.0,18.0,30.0,1.035,1.109,1.072,1.1116689542621023,1.1199433709401672,5.4072,0.9891219512195121
0.26666666666666666,3.75,8.0,30.0,20.0,1.0,18.0,40.0,1.383,1.477,1.4300000000000002,1.4822252723494695,1.5310742052747413,5.4072,1.3188292682926828
0.26666666666666666,3.75,8.0,30.0,20.0,1.0,18.0,50.0,1.724,1.842,1.783,1.852781590436837,1.9635696623734002,5.4072,1.6485365853658533
0.26666666666666666,3.75,8.0,30.0,20.0,1.0,18.0,60.0,2.07,2.217,2.1435,2.2233379085242047,2.419139501717161,5.4072,1.9782439024390241
0.26666666666666666,3.75,8.0,30.0,20.0,1.0,20.0,10.0,0.314,0.337,0.3255,0.33761797870182364,0.32344322663352365,5.4072,0.3004
0.26666666666666666,3.75,8.0,30.0,20.0,1.0,20.0,20.0,0.629,0.674,0.6515,0.6752359574036473,0.6610323222300664,5.4072,0.6008
0.26666666666666666,3.75,8.0,30.0,20.0,1.0,20.0,30.0,0.942,1.009,0.9754999999999999,1.012853936105471,1.0137160434223598,5.4072,0.9011999999999999
0.26666666666666666,3.75,8.0,30.0,20.0,1.0,20.0,40.0,1.258,1.348,1.303,1.3504719148072946,1.3825299305590093,5.4072,1.2016
0.26666666666666666,3.75,8.0,30.0,20.0,1.0,20.0,50.0,1.572,1.682,1.627,1.6880898935091182,1.7686064626669897,5.4072,1.5019999999999998
0.26666666666666666,3.75,8.0,30.0,20.0,1.0,20.0,60.0,1.885,2.018,1.9514999999999998,2.025707872210942,2.173186672519618,5.4072,1.8023999999999998
2.5,0.4,10.0,4.0,20.0,1.0,16.0,10.0,0.425,0.464,0.4445,0.5130852169962632,0.3940691597554305,6.64,0.3688888888888888
2.5,0.4,10.0,4.0,20.0,1.0,16.0,20.0,0.85,0.928,0.889,1.0261704339925264,1.0431028213695854,6.64,0.7377777777777776
2.5,0.4,10.0,4.0,20.0,1.0,16.0,30.0,1.279,1.393,1.3359999999999999,1.5392556509887896,2.3128741814390046,6.64,1.1066666666666667
2.5,0.4,10.0,4.0,20.0,1.0,16.0,40.0,1.7,1.857,1.7785,2.0523408679850528,5.910005582427949,6.64,1.4755555555555553
2.5,0.4,10.0,4.0,20.0,1.0,16.0,50.0,2.127,2.324,2.2255,2.565426084981316,88.41857231264497,6.64,1.8444444444444446
2.5,0.4,10.0,4.0,20.0,1.0,16.0,60.0,2.559,2.786,2.6725000000000003,3.078511301977579,-10.643583789661884,6.64,2.2133333333333334
2.5,0.4,10.0,4.0,20.0,1.0,18.0,10.0,0.38,0.418,0.399,0.4617766952966369,0.34620011164855896,6.64,0.33199999999999996
2.5,0.4,10.0,4.0,20.0,1.0,18.0,20.0,0.761,0.836,0.7985,0.9235533905932738,0.8817433515864755,6.64,0.6639999999999999
2.5,0.4,10.0,4.0,20.0,1.0,18.0,30.0,1.148,1.254,1.201,1.3853300858899107,1.8204274413020851,6.64,0.996
2.5,0.4,10.0,4.0,20.0,1.0,18.0,40.0,1.521,1.672,1.5964999999999998,1.8471067811865476,3.892203461105329,6.64,1.3279999999999998
2.5,0.4,10.0,4.0,20.0,1.0,18.0,50.0,1.914,2.094,2.004,2.3088834764831843,12.27215521823332,6.64,1.66
2.5,0.4,10.0,4.0,20.0,1.0,18.0,60.0,2.297,2.509,2.403,2.7706601717798214,-28.18983114994794,6.64,1.992
2.5,0.4,10.0,4.0,20.0,1.0,20.0,10.0,0.349,0.381,0.365,0.41979699572421536,0.3087010461586778,6.64,0.30181818181818176
2.5,0.4,10.0,4.0,20.0,1.0,20.0,20.0,0.697,0.762,0.7295,0.8395939914484307,0.7636179102655908,6.64,0.6036363636363635
2.5,0.4,10.0,4.0,20.0,1.0,20.0,30.0,1.042,1.14,1.091,1.259390987172646,1.5008691504020173,6.64,0.9054545454545454
2.5,0.4,10.0,4.0,20.0,1.0,20.0,40.0,1.395,1.525,1.46,1.6791879828968614,2.9015517331727665,6.64,1.207272727272727
2.5,0.4,10.0,4.0,20.0,1.0,20.0,50.0,1.739,1.903,1.8210000000000002,2.098984978621077,6.593665198807086,6.64,1.509090909090909
2.5,0.4,10.0,4.0,20.0,1.0,20.0,60.0,2.084,2.28,2.182,2.518781974345292,43.467398749923504,6.64,1.8109090909090908
1.6666666666666667,0.6,10.0,6.0,20.0,1.0,16.0,10.0,0.38,0.437,0.4085,0.4476123668863977,0.3643807604964758,6.39,0.355
1.6666666666666667,0.6,10.0,6.0,20.0,1.0,16.0,20.0,0.76,0.874,0.817,0.8952247337727954,0.8580489831854192,6.39,0.71
1.6666666666666667,0.6,10.0,6.0,20.0,1.0,16.0,30.0,1.14,1.304,1.222,1.342837100659193,1.5646542320543781,6.39,1.065
1.6666666666666667,0.6,10.0,6.0,20.0,1.0,16.0,40.0,1.52,1.748,1.634,1.7904494675455909,2.6598507340861977,6.39,1.42
1.6666666666666667,0.6,10.0,6.0,20.0,1.0,16.0,50.0,1.879,2.171,2.025,2.2380618344319885,4.585763199023104,6.39,1.775
1.6666666666666667,0.6,10.0,6.0,20.0,1.0,16.0,60.0,2.28,2.61,2.445,2.685674201318386,8.865008373641924,6.39,2.13
1.6666666666666667,0.6,10.0,6.0,20.0,1.0,18.0,10.0,0.342,0.391,0.36650000000000005,0.4028511301977579,0.3230747210092675,6.39,0.3195
1.6666666666666667,0.6,10.0,6.0,20.0,1.0,18.0,20.0,0.683,0.782,0.7325,0.8057022603955158,0.7457826583328231,6.39,0.639
1.6666666666666667,0.6,10.0,6.0,20.0,1.0,18.0,30.0,1.026,1.181,1.1035,1.2085533905932737,1.3226150273797133,6.39,0.9584999999999999
1.6666666666666667,0.6,10.0,6.0,20.0,1.0,18.0,40.0,1.366,1.563,1.4645000000000001,1.6114045207910317,2.156658626187998,6.39,1.278
1.6666666666666667,0.6,10.0,6.0,20.0,1.0,18.0,50.0,1.686,1.953,1.8195000000000001,2.0142556509887894,3.4693112721585067,6.39,1.5975
1.6666666666666667,0.6,10.0,6.0,20.0,1.0,18.0,60.0,2.053,2.361,2.207,2.4171067811865474,5.838305191657993,6.39,1.9169999999999998
1.6666666666666667,0.6,10.0,6.0,20.0,1.0,20.0,10.0,0.312,0.356,0.33399999999999996,0.3662283001797799,0.2901800417052716,6.39,0.29045454545454547
1.6666666666666667,0.6,10.0,6.0,20.0,1.0,20.0,20.0,0.624,0.711,0.6675,0.7324566003595598,0.6594949562876801,6.39,0.5809090909090909
1.6666666666666667,0.6,10.0,6.0,20.0,1.0,20.0,30.0,0.933,1.068,1.0005000000000002,1.0986849005393398,1.1454268653983863,6.39,0.8713636363636363
1.6666666666666667,0.6,10.0,6.0,20.0,1.0,20.0,40.0,1.248,1.422,1.335,1.4649132007191197,1.8135669722515169,6.39,1.1618181818181819
1.6666666666666667,0.6,10.0,6.0,20.0,1.0,20.0,50.0,1.573,1.779,1.676,1.8311415008988996,2.790045553629263,6.39,1.4522727272727274
1.6666666666666667,0.6,10.0,6.0,20.0,1.0,20.0,60.0,1.866,2.137,2.0015,2.1973698010786795,4.35232759975915,6.39,1.7427272727272727
1.25,0.8,10.0,8.0,20.0,1.0,16.0,10.0,0.376,0.415,0.39549999999999996,0.4148759418314649,0.3511531644157641,6.17125,0.3428472222222222
1.25,0.8,10.0,8.0,20.0,1.0,16.0,20.0,0.753,0.829,0.7909999999999999,0.8297518836629298,0.788138319510861,6.17125,0.6856944444444444
1.25,0.8,10.0,8.0,20.0,1.0,16.0,30.0,1.124,1.241,1.1825,1.2446278254943948,1.3468067416550054,6.17125,1.0285416666666667
1.25,0.8,10.0,8.0,20.0,1.0,16.0,40.0,1.505,1.658,1.5815,1.6595037673258597,2.086205642739171,6.17125,1.3713888888888888
1.25,0.8,10.0,8.0,20.0,1.0,16.0,50.0,1.875,2.073,1.974,2.074379709157325,3.1109579696907272,6.17125,1.714236111111111
1.25,0.8,10.0,8.0,20.0,1.0,16.0,60.0,2.248,2.483,2.3655,2.4892556509887895,4.625748362878009,6.17125,2.0570833333333334
1.25,0.8,10.0,8.0,20.0,1.0,18.0,10.0,0.338,0.373,0.35550000000000004,0.37338834764831846,0.31263312537173743,6.17125,0.3085625
1.25,0.8,10.0,8.0,20.0,1.0,18.0,20.0,0.676,0.747,0.7115,0.7467766952966369,0.6924002232971179,6.17125,0.617125
1.25,0.8,10.0,8.0,20.0,1.0,18.0,30.0,1.018,1.117,1.0675,1.1201650429449552,1.163526573948705,6.17125,0.9256875
1.25,0.8,10.0,8.0,20.0,1.0,18.0,40.0,1.352,1.494,1.423,1.4935533905932739,1.763486703172951,6.17125,1.23425
1.25,0.8,10.0,8.0,20.0,1.0,18.0,50.0,1.687,1.865,1.776,1.8669417382415923,2.553496825779286,6.17125,1.5428125
1.25,0.8,10.0,8.0,20.0,1.0,18.0,60.0,2.036,2.235,2.1355,2.2403300858899104,3.6408548826041702,6.17125,1.851375
1.25,0.8,10.0,8.0,20.0,1.0,20.0,10.0,0.304,0.339,0.3215,0.3394439524075622,0.2817286646881379,6.17125,0.28051136363636364
1.25,0.8,10.0,8.0,20.0,1.0,20.0,20.0,0.602,0.677,0.6395,0.6788879048151244,0.6174020923173557,6.17125,0.5610227272727273
1.25,0.8,10.0,8.0,20.0,1.0,20.0,30.0,0.922,1.016,0.9690000000000001,1.0183318572226867,1.0241545263222918,6.17125,0.8415340909090908
1.25,0.8,10.0,8.0,20.0,1.0,20.0,40.0,1.169,1.355,1.262,1.3577758096302488,1.5272358205311816,6.17125,1.1220454545454546
1.25,0.8,10.0,8.0,20.0,1.0,20.0,50.0,1.536,1.692,1.6139999999999999,1.6972197620378113,2.1654617574319865,6.17125,1.4025568181818182
1.25,0.8,10.0,8.0,20.0,1.0,20.0,60.0,1.843,2.032,1.9375,2.0366637144453734,3.0017383008040346,6.17125,1.6830681818181816
1.0,1.0,10.0,10.0,20.0,1.0,16.0,10.0,0.36,0.401,0.3805,0.3952340867985053,0.3436677556072256,6.01,0.33388888888888885
1.0,1.0,10.0,10.0,20.0,1.0,16.0,20.0,0.721,0.802,0.7615000000000001,0.7904681735970106,0.7514052823484385,6.01,0.6677777777777777
1.0,1.0,10.0,10.0,20.0,1.0,16.0,30.0,1.1,1.202,1.151,1.1857022603955159,1.242971097221372,6.01,1.0016666666666665
1.0,1.0,10.0,10.0,20.0,1.0,16.0,40.0,1.442,1.604,1.5230000000000001,1.5809363471940212,1.8471790304398161,6.01,1.3355555555555554
1.0,1.0,10.0,10.0,20.0,1.0,16.0,50.0,1.816,2.004,1.9100000000000001,1.9761704339925263,2.607757053423964,6.01,1.6694444444444445
1.0,1.0,10.0,10.0,20.0,1.0,16.0,60.0,2.174,2.404,2.2889999999999997,2.3714045207910317,3.5944310436466633,6.01,2.003333333333333
1.0,1.0,10.0,10.0,20.0,1.0,18.0,10.0,0.324,0.361,0.3425,0.35571067811865476,0.30668597312946394,6.01,0.3005
1.0,1.0,10.0,10.0,20.0,1.0,18.0,20.0,0.655,0.721,0.688,0.7114213562373095,0.6638879316890474,6.01,0.601
1.0,1.0,10.0,10.0,20.0,1.0,18.0,30.0,0.989,1.082,1.0355,1.0671320343559643,1.0852072140045543,6.01,0.9015
1.0,1.0,10.0,10.0,20.0,1.0,18.0,40.0,1.308,1.442,1.375,1.422842712474619,1.5896094480663758,6.01,1.202
1.0,1.0,10.0,10.0,20.0,1.0,18.0,50.0,1.648,1.801,1.7245,1.7785533905932738,2.2043583789661887,6.01,1.5025
1.0,1.0,10.0,10.0,20.0,1.0,18.0,60.0,1.978,2.164,2.071,2.1342640687119285,2.9701116554846316,6.01,1.803
1.0,1.0,10.0,10.0,20.0,1.0,20.0,10.0,0.294,0.328,0.311,0.3233733437442316,0.27689007739735816,6.01,0.27318181818181814
1.0,1.0,10.0,10.0,20.0,1.0,20.0,20.0,0.588,0.655,0.6214999999999999,0.6467466874884632,0.594630397525434,6.01,0.5463636363636363
1.0,1.0,10.0,10.0,20.0,1.0,20.0,30.0,0.899,0.98,0.9395,0.9701200312326947,0.9629810209221884,6.01,0.8195454545454545
1.0,1.0,10.0,10.0,20.0,1.0,20.0,40.0,1.18,1.311,1.2454999999999998,1.2934933749769264,1.395080258602713,6.01,1.0927272727272725
1.0,1.0,10.0,10.0,20.0,1.0,20.0,50.0,1.499,1.641,1.57,1.616866718721158,1.909044775663977,6.01,1.365909090909091
1.0,1.0,10.0,10.0,20.0,1.0,20.0,60.0,1.799,1.96,1.8795,1.9402400624653895,2.5305743276673764,6.01,1.639090909090909
0.8333333333333334,1.2,10.0,12.0,20.0,1.0,16.0,10.0,0.343,0.389,0.366,0.3821395167765322,0.33885229198947814,5.89,0.3272222222222222
0.8333333333333334,1.2,10.0,12.0,20.0,1.0,16.0,20.0,0.687,0.778,0.7325,0.7642790335530644,0.7287615209929516,5.89,0.6544444444444444
0.8333333333333334,1.2,10.0,12.0,20.0,1.0,16.0,30.0,1.032,1.166,1.099,1.1464185503295965,1.1822074792662915,5.89,0.9816666666666666
0.8333333333333334,1.2,10.0,12.0,20.0,1.0,16.0,40.0,1.374,1.556,1.465,1.5285580671061287,1.7160979663708384,5.89,1.3088888888888888
0.8333333333333334,1.2,10.0,12.0,20.0,1.0,16.0,50.0,1.712,1.943,1.8275000000000001,1.910697583882661,2.353923850503647,5.89,1.636111111111111
0.8333333333333334,1.2,10.0,12.0,20.0,1.0,16.0,60.0,2.065,2.331,2.198,2.292837100659193,3.1293084641087563,5.89,1.9633333333333332
0.8333333333333334,1.2,10.0,12.0,20.0,1.0,18.0,10.0,0.309,0.349,0.32899999999999996,0.34392556509887895,0.3028453323460487,5.89,0.2945
0.8333333333333334,1.2,10.0,12.0,20.0,1.0,18.0,20.0,0.618,0.699,0.6585,0.6878511301977579,0.646149442018535,5.89,0.589
0.8333333333333334,1.2,10.0,12.0,20.0,1.0,18.0,30.0,0.924,1.051,0.9875,1.031776695296637,1.038600334945677,5.89,0.8835
0.8333333333333334,1.2,10.0,12.0,20.0,1.0,18.0,40.0,1.236,1.397,1.3165,1.3757022603955158,1.4915653166656462,5.89,1.178
0.8333333333333334,1.2,10.0,12.0,20.0,1.0,18.0,50.0,1.557,1.748,1.6524999999999999,1.7196278254943949,2.0202101124825083,5.89,1.4725
0.8333333333333334,1.2,10.0,12.0,20.0,1.0,18.0,60.0,1.848,2.101,1.9745,2.063553390593274,2.6452300547594265,5.89,1.767
0.8333333333333334,1.2,10.0,12.0,20.0,1.0,20.0,10.0,0.278,0.318,0.29800000000000004,0.31265960463534453,0.2737556417155404,5.89,0.2677272727272727
0.8333333333333334,1.2,10.0,12.0,20.0,1.0,20.0,20.0,0.556,0.636,0.5960000000000001,0.6253192092706891,0.5803600834105432,5.89,0.5354545454545454
0.8333333333333334,1.2,10.0,12.0,20.0,1.0,20.0,30.0,0.838,0.955,0.8965,0.9379788139060335,0.9261031384760335,5.89,0.8031818181818181
0.8333333333333334,1.2,10.0,12.0,20.0,1.0,20.0,40.0,1.112,1.271,1.1915,1.2506384185413781,1.3189899125753601,5.89,1.0709090909090908
0.8333333333333334,1.2,10.0,12.0,20.0,1.0,20.0,50.0,1.424,1.588,1.506,1.5632980231767226,1.7693683058702228,5.89,1.3386363636363636
0.8333333333333334,1.2,10.0,12.0,20.0,1.0,20.0,60.0,1.675,1.91,1.7925,1.875957627812067,2.2908537307967727,5.89,1.6063636363636362
0.7142857142857143,1.4,10.0,14.0,20.0,1.0,16.0,10.0,0.338,0.381,0.35950000000000004,0.37278625247512276,0.3354944778019356,5.798163265306122,0.32212018140589566
0.7142857142857143,1.4,10.0,14.0,20.0,1.0,16.0,20.0,0.681,0.761,0.7210000000000001,0.7455725049502455,0.7134053599626007,5.798163265306122,0.6442403628117913
0.7142857142857143,1.4,10.0,14.0,20.0,1.0,16.0,30.0,1.02,1.138,1.079,1.1183587574253684,1.1423194899028195,5.798163265306122,0.966360544217687
0.7142857142857143,1.4,10.0,14.0,20.0,1.0,16.0,40.0,1.362,1.522,1.4420000000000002,1.491145009900491,1.6333092127285036,5.798163265306122,1.2884807256235826
0.7142857142857143,1.4,10.0,14.0,20.0,1.0,16.0,50.0,1.726,1.895,1.8105,1.8639312623756141,2.200901828410762,5.798163265306122,1.6106009070294782
0.7142857142857143,1.4,10.0,14.0,20.0,1.0,16.0,60.0,2.04,2.277,2.1585,2.2367175148507368,2.8645411910317966,5.798163265306122,1.932721088435374
0.7142857142857143,1.4,10.0,14.0,20.0,1.0,18.0,10.0,0.308,0.342,0.325,0.3355076272276105,0.3001603890380272,5.798163265306122,0.2899081632653061
0.7142857142857143,1.4,10.0,14.0,20.0,1.0,18.0,20.0,0.616,0.683,0.6495,0.671015254455221,0.6340485784934912,5.798163265306122,0.5798163265306122
0.7142857142857143,1.4,10.0,14.0,20.0,1.0,18.0,30.0,0.917,1.026,0.9715,1.0065228816828315,1.0076877520230232,5.798163265306122,0.8697244897959183
0.7142857142857143,1.4,10.0,14.0,20.0,1.0,18.0,40.0,1.227,1.367,1.2970000000000002,1.342030508910442,1.4286260473986658,5.798163265306122,1.1596326530612244
0.7142857142857143,1.4,10.0,14.0,20.0,1.0,18.0,50.0,1.534,1.714,1.624,1.6775381361380528,1.906451778873886,5.798163265306122,1.4495408163265304
0.7142857142857143,1.4,10.0,14.0,20.0,1.0,18.0,60.0,1.834,2.052,1.943,2.013045763365663,2.4535326856721107,5.798163265306122,1.7394489795918366
0.7142857142857143,1.4,10.0,14.0,20.0,1.0,20.0,10.0,0.282,0.311,0.2965,0.30500693384328226,0.27155985826474405,5.798163265306122,0.2635528756957328
0.7142857142857143,1.4,10.0,14.0,20.0,1.0,20.0,20.0,0.564,0.622,0.593,0.6100138676865645,0.5705792831592843,5.798163265306122,0.5271057513914656
0.7142857142857143,1.4,10.0,14.0,20.0,1.0,20.0,30.0,0.847,0.934,0.8905000000000001,0.915020801529847,0.9014450464730032,5.798163265306122,0.7906586270871985
0.7142857142857143,1.4,10.0,14.0,20.0,1.0,20.0,40.0,1.128,1.244,1.186,1.220027735373129,1.2695308819643445,5.798163265306122,1.0542115027829313
0.7142857142857143,1.4,10.0,14.0,20.0,1.0,20.0,50.0,1.404,1.556,1.48,1.5250346692164116,1.6814915936230663,5.798163265306122,1.3177643784786641
0.7142857142857143,1.4,10.0,14.0,20.0,1.0,20.0,60.0,1.694,1.868,1.7810000000000001,1.830041603059694,2.1456690000439664,5.798163265306122,1.581317254174397
0.625,1.6,10.0,16.0,20.0,1.0,16.0,10.0,0.338,0.373,0.35550000000000004,0.3657713042490658,0.33301946689650325,5.7259375,0.3181076388888889
0.625,1.6,10.0,16.0,20.0,1.0,16.0,20.0,0.677,0.745,0.7110000000000001,0.7315426084981316,0.7023063288315282,5.7259375,0.6362152777777778
0.625,1.6,10.0,16.0,20.0,1.0,16.0,30.0,1.009,1.118,1.0635,1.0973139127471974,1.1141263053332144,5.7259375,0.9543229166666666
0.625,1.6,10.0,16.0,20.0,1.0,16.0,40.0,1.354,1.489,1.4215,1.4630852169962631,1.576276639021722,5.7259375,1.2724305555555555
0.625,1.6,10.0,16.0,20.0,1.0,16.0,50.0,1.69,1.862,1.776,1.8288565212453292,2.0985844865814762,5.7259375,1.5905381944444446
0.625,1.6,10.0,16.0,20.0,1.0,16.0,60.0,2.027,2.235,2.1310000000000002,2.1946278254943947,2.6936134833100107,5.7259375,1.9086458333333332
0.625,1.6,10.0,16.0,20.0,1.0,18.0,10.0,0.304,0.335,0.3195,0.3291941738241592,0.29817771789514935,5.7259375,0.286296875
0.625,1.6,10.0,16.0,20.0,1.0,18.0,20.0,0.607,0.671,0.639,0.6583883476483184,0.6252662507434749,5.7259375,0.57259375
0.625,1.6,10.0,16.0,20.0,1.0,18.0,30.0,0.911,1.006,0.9585,0.9875825214724776,0.9856845419478962,5.7259375,0.8588906249999999
0.625,1.6,10.0,16.0,20.0,1.0,18.0,40.0,1.215,1.341,1.278,1.3167766952966369,1.3848004465942358,5.7259375,1.1451875
0.625,1.6,10.0,16.0,20.0,1.0,18.0,50.0,1.521,1.678,1.5995,1.6459708691207962,1.82919988934401,5.7259375,1.431484375
0.625,1.6,10.0,16.0,20.0,1.0,18.0,60.0,1.822,2.012,1.917,1.9751650429449552,2.32705314789741,5.7259375,1.7177812499999998
0.625,1.6,10.0,16.0,20.0,1.0,20.0,10.0,0.274,0.305,0.2895,0.2992674307492357,0.26993599858439715,5.7259375,0.26026988636363635
0.625,1.6,10.0,16.0,20.0,1.0,20.0,20.0,0.548,0.61,0.579,0.5985348614984713,0.5634573293762758,5.7259375,0.5205397727272727
0.625,1.6,10.0,16.0,20.0,1.0,20.0,30.0,0.815,0.914,0.8645,0.8978022922477069,0.8837963123235796,5.7259375,0.780809659090909
0.625,1.6,10.0,16.0,20.0,1.0,20.0,40.0,1.096,1.22,1.158,1.1970697229969427,1.2348041846347113,5.7259375,1.0410795454545454
0.625,1.6,10.0,16.0,20.0,1.0,20.0,50.0,1.374,1.523,1.4485000000000001,1.4963371537461783,1.6211066845699604,5.7259375,1.3013494318181817
0.625,1.6,10.0,16.0,20.0,1.0,20.0,60.0,1.63,1.828,1.729,1.7956045844954138,2.0483090526445835,5.7259375,1.561619318181818
0.5555555555555556,1.8,10.0,18.0,20.0,1.0,16.0,10.0,0.331,0.367,0.349,0.360315233406577,0.33111956092039013,5.667777777777777,0.3148765432098765
0.5555555555555556,1.8,10.0,18.0,20.0,1.0,16.0,20.0,0.663,0.734,0.6985,0.720630466813154,0.6939096573105051,5.667777777777777,0.629753086419753
0.5555555555555556,1.8,10.0,18.0,20.0,1.0,16.0,30.0,0.996,1.099,1.0474999999999999,1.0809457002197311,1.0931422814894274,5.667777777777777,0.9446296296296296
0.5555555555555556,1.8,10.0,18.0,20.0,1.0,16.0,40.0,1.325,1.468,1.3965,1.441260933626308,1.5345988232974053,5.667777777777777,1.259506172839506
0.5555555555555556,1.8,10.0,18.0,20.0,1.0,16.0,50.0,1.637,1.832,1.7345000000000002,1.8015761670328851,2.025351863195866,5.667777777777777,1.5743827160493826
0.5555555555555556,1.8,10.0,18.0,20.0,1.0,16.0,60.0,1.991,2.198,2.0945,2.1618914004394623,2.5741469495562574,5.667777777777777,1.8892592592592592
0.5555555555555556,1.8,10.0,18.0,20.0,1.0,18.0,10.0,0.3,0.33,0.315,0.32428371006591933,0.2966536562209799,5.667777777777777,0.2833888888888889
0.5555555555555556,1.8,10.0,18.0,20.0,1.0,18.0,20.0,0.599,0.66,0.6295,0.6485674201318387,0.618601960093006,5.667777777777777,0.5667777777777778
0.5555555555555556,1.8,10.0,18.0,20.0,1.0,18.0,30.0,0.884,0.988,0.9359999999999999,0.9728511301977579,0.9692241630278025,5.667777777777777,0.8501666666666666
0.5555555555555556,1.8,10.0,18.0,20.0,1.0,18.0,40.0,1.19,1.32,1.255,1.2971348402636773,1.3525295082271893,5.667777777777777,1.1335555555555556
0.5555555555555556,1.8,10.0,18.0,20.0,1.0,18.0,50.0,1.504,1.65,1.577,1.6214185503295966,1.7733112188994373,5.667777777777777,1.4169444444444443
0.5555555555555556,1.8,10.0,18.0,20.0,1.0,18.0,60.0,1.762,1.977,1.8695,1.9457022603955159,2.2373479749984693,5.667777777777777,1.7003333333333333
0.5555555555555556,1.8,10.0,18.0,20.0,1.0,20.0,10.0,0.268,0.3,0.28400000000000003,0.29480337278719937,0.26868636100395105,5.667777777777777,0.25762626262626265
0.5555555555555556,1.8,10.0,18.0,20.0,1.0,20.0,20.0,0.536,0.6,0.5680000000000001,0.5896067455743987,0.5580397681005742,5.667777777777777,0.5152525252525253
0.5555555555555556,1.8,10.0,18.0,20.0,1.0,20.0,30.0,0.818,0.901,0.8594999999999999,0.8844101183615981,0.8705401251158149,5.667777777777777,0.7728787878787878
0.5555555555555556,1.8,10.0,18.0,20.0,1.0,20.0,40.0,1.071,1.2,1.1355,1.1792134911487975,1.2090806285798141,5.667777777777777,1.0305050505050506
0.5555555555555556,1.8,10.0,18.0,20.0,1.0,20.0,50.0,1.358,1.5,1.429,1.474016863935997,1.577057608386928,5.667777777777777,1.288131313131313
0.5555555555555556,1.8,10.0,18.0,20.0,1.0,20.0,60.0,1.636,1.802,1.7189999999999999,1.7688202367231962,1.9784848688630403,5.667777777777777,1.5457575757575757
0.5,2.0,10.0,20.0,20.0,1.0,16.0,10.0,0.335,0.36,0.34750000000000003,0.35595037673258595,0.32961517357886655,5.62,0.31222222222222223
0.5,2.0,10.0,20.0,20.0,1.0,16.0,20.0,0.671,0.721,0.696,0.7119007534651719,0.6873355112144512,5.62,0.6244444444444445
0.5,2.0,10.0,20.0,20.0,1.0,16.0,30.0,1.003,1.082,1.0425,1.067851130197758,1.0769157366975584,5.62,0.9366666666666666
0.5,2.0,10.0,20.0,20.0,1.0,16.0,40.0,1.341,1.442,1.3915,1.4238015069303438,1.502810564696877,5.62,1.248888888888889
0.5,2.0,10.0,20.0,20.0,1.0,16.0,50.0,1.66,1.805,1.7325,1.7797518836629298,1.9703457987771527,5.62,1.5611111111111111
0.5,2.0,10.0,20.0,20.0,1.0,16.0,60.0,2.006,2.163,2.0845,2.135702260395516,2.485942194442744,5.62,1.8733333333333333
0.5,2.0,10.0,20.0,20.0,1.0,18.0,10.0,0.299,0.325,0.312,0.3203553390593274,0.29544557860516474,5.62,0.281
0.5,2.0,10.0,20.0,20.0,1.0,18.0,20.0,0.598,0.649,0.6234999999999999,0.6407106781186548,0.6133719462589279,5.62,0.562
0.5,2.0,10.0,20.0,20.0,1.0,18.0,30.0,0.896,0.973,0.9345,0.9610660171779821,0.9564464674459415,5.62,0.843
0.5,2.0,10.0,20.0,20.0,1.0,18.0,40.0,1.195,1.299,1.2469999999999999,1.2814213562373096,1.3277758633780947,5.62,1.124
0.5,2.0,10.0,20.0,20.0,1.0,18.0,50.0,1.5,1.622,1.561,1.6017766952966368,1.731000558242795,5.62,1.405
0.5,2.0,10.0,20.0,20.0,1.0,18.0,60.0,1.793,1.947,1.87,1.9221320343559642,2.1704144280091087,5.62,1.686
0.5,2.0,10.0,20.0,20.0,1.0,20.0,10.0,0.274,0.295,0.2845,0.29123212641757035,0.2676949506778972,5.62,0.2554545454545455
0.5,2.0,10.0,20.0,20.0,1.0,20.0,20.0,0.548,0.59,0.569,0.5824642528351407,0.5537801547947163,5.62,0.510909090909091
0.5,2.0,10.0,20.0,20.0,1.0,20.0,30.0,0.81,0.885,0.8475,0.873696379252711,0.86021809775781,5.62,0.7663636363636364
0.5,2.0,10.0,20.0,20.0,1.0,20.0,40.0,1.095,1.179,1.137,1.1649285056702814,1.189260795050868,5.62,1.021818181818182
0.5,2.0,10.0,20.0,20.0,1.0,20.0,50.0,1.367,1.477,1.4220000000000002,1.4561606320878517,1.5435052307933892,5.62,1.2772727272727273
0.5,2.0,10.0,20.0,20.0,1.0,20.0,60.0,1.621,1.769,1.6949999999999998,1.747392758505422,1.9259620418443768,5.62,1.5327272727272727
0.45454545454545453,2.2,10.0,22.0,20.0,1.0,16.0,10.0,0.327,0.356,0.3415,0.3523791303629569,0.3283944412270513,5.580082644628099,0.3100045913682277
0.45454545454545453,2.2,10.0,22.0,20.0,1.0,16.0,20.0,0.653,0.712,0.6825,0.7047582607259139,0.6820486054562573,5.580082644628099,0.6200091827364554
0.45454545454545453,2.2,10.0,22.0,20.0,1.0,16.0,30.0,0.996,1.073,1.0345,1.0571373910888708,1.0639934862526625,5.580082644628099,0.9300137741046831
0.45454545454545453,2.2,10.0,22.0,20.0,1.0,16.0,40.0,1.307,1.425,1.366,1.4095165214518277,1.4777652127086618,5.580082644628099,1.2400183654729109
0.45454545454545453,2.2,10.0,22.0,20.0,1.0,16.0,50.0,1.657,1.783,1.72,1.7618956518147848,1.9275148546951346,5.580082644628099,1.5500229568411388
0.45454545454545453,2.2,10.0,22.0,20.0,1.0,16.0,60.0,1.987,2.147,2.067,2.1142747821777417,2.418148173054827,5.580082644628099,1.8600275482093662
0.45454545454545453,2.2,10.0,22.0,20.0,1.0,18.0,10.0,0.298,0.322,0.31,0.31714121732666123,0.294464445745687,5.580082644628099,0.27900413223140497
0.45454545454545453,2.2,10.0,22.0,20.0,1.0,18.0,20.0,0.595,0.645,0.62,0.6342824346533225,0.609158170274188,5.580082644628099,0.5580082644628099
0.45454545454545453,2.2,10.0,22.0,20.0,1.0,18.0,30.0,0.891,0.967,0.929,0.9514236519799837,0.946239907533591,5.580082644628099,0.8370123966942148
0.45454545454545453,2.2,10.0,22.0,20.0,1.0,18.0,40.0,1.191,1.29,1.2405,1.268564869306645,1.3081868745559548,5.580082644628099,1.1160165289256199
0.45454545454545453,2.2,10.0,22.0,20.0,1.0,18.0,50.0,1.493,1.605,1.549,1.5857060866333064,1.6978557538727284,5.580082644628099,1.3950206611570248
0.45454545454545453,2.2,10.0,22.0,20.0,1.0,18.0,60.0,1.765,1.934,1.8495,1.9028473039599674,2.1185582460288144,5.580082644628099,1.6740247933884296
0.45454545454545453,2.2,10.0,22.0,20.0,1.0,20.0,10.0,0.268,0.293,0.28049999999999997,0.28831019756969206,0.2668892222682429,5.580082644628099,0.25364012021036814
0.45454545454545453,2.2,10.0,22.0,20.0,1.0,20.0,20.0,0.535,0.585,0.56,0.5766203951393841,0.5503430849019234,5.580082644628099,0.5072802404207363
0.45454545454545453,2.2,10.0,22.0,20.0,1.0,20.0,30.0,0.815,0.88,0.8474999999999999,0.8649305927090761,0.8519531191491841,5.580082644628099,0.7609203606311044
0.45454545454545453,2.2,10.0,22.0,20.0,1.0,20.0,40.0,1.07,1.171,1.1205,1.1532407902787682,1.1735214879312972,5.580082644628099,1.0145604808414725
0.45454545454545453,2.2,10.0,22.0,20.0,1.0,20.0,50.0,1.348,1.458,1.403,1.4415509878484603,1.5170970233293635,5.580082644628099,1.2682006010518407
0.45454545454545453,2.2,10.0,22.0,20.0,1.0,20.0,60.0,1.631,1.76,1.6955,1.7298611854181523,1.8850189251099772,5.580082644628099,1.5218407212622087
0.4166666666666667,2.4,10.0,24.0,20.0,1.0,16.0,10.0,0.328,0.354,0.34099999999999997,0.34940309172159945,0.32738405008650384,5.54625,0.308125
0.4166666666666667,2.4,10.0,24.0,20.0,1.0,16.0,20.0,0.656,0.708,0.6819999999999999,0.6988061834431989,0.6777045839789563,5.54625,0.61625
0.4166666666666667,2.4,10.0,24.0,20.0,1.0,16.0,30.0,0.984,1.063,1.0234999999999999,1.0482092751647982,1.0534594932472923,5.54625,0.924375
0.4166666666666667,2.4,10.0,24.0,20.0,1.0,16.0,40.0,1.312,1.417,1.3645,1.3976123668863978,1.457523041985903,5.54625,1.2325
0.4166666666666667,2.4,10.0,24.0,20.0,1.0,16.0,50.0,1.642,1.762,1.702,1.747015458607997,1.893219529539928,5.54625,1.540625
0.4166666666666667,2.4,10.0,24.0,20.0,1.0,16.0,60.0,1.965,2.125,2.045,2.0964185503295965,2.364414958532583,5.54625,1.84875
0.4166666666666667,2.4,10.0,24.0,20.0,1.0,18.0,10.0,0.297,0.319,0.308,0.3144627825494395,0.2936517991021998,5.54625,0.2773125
0.4166666666666667,2.4,10.0,24.0,20.0,1.0,18.0,20.0,0.595,0.637,0.616,0.628925565098879,0.6056906646920974,5.54625,0.554625
0.4166666666666667,2.4,10.0,24.0,20.0,1.0,18.0,30.0,0.888,0.954,0.921,0.9433883476483185,0.9378993761152123,5.54625,0.8319375
0.4166666666666667,2.4,10.0,24.0,20.0,1.0,18.0,40.0,1.189,1.275,1.232,1.257851130197758,1.29229888403707,5.54625,1.10925
0.4166666666666667,2.4,10.0,24.0,20.0,1.0,18.0,50.0,1.447,1.588,1.5175,1.5723139127471972,1.6711894579998219,5.54625,1.3865625
0.4166666666666667,2.4,10.0,24.0,20.0,1.0,18.0,60.0,1.776,1.909,1.8425,1.886776695296637,2.077200669891354,5.54625,1.663875
0.4166666666666667,2.4,10.0,24.0,20.0,1.0,20.0,10.0,0.269,0.29,0.27949999999999997,0.2858752568631268,0.26622147773499694,5.54625,0.2521022727272727
0.4166666666666667,2.4,10.0,24.0,20.0,1.0,20.0,20.0,0.538,0.579,0.5585,0.5717505137262536,0.5475112834310808,5.54625,0.5042045454545454
0.4166666666666667,2.4,10.0,24.0,20.0,1.0,20.0,30.0,0.812,0.867,0.8395,0.8576257705893804,0.8451859940644136,5.54625,0.7563068181818181
0.4166666666666667,2.4,10.0,24.0,20.0,1.0,20.0,40.0,1.077,1.158,1.1175,1.1435010274525073,1.1607201668210865,5.54625,1.0084090909090908
0.4166666666666667,2.4,10.0,24.0,20.0,1.0,20.0,50.0,1.343,1.45,1.3965,1.429376284315634,1.4957707675874408,5.54625,1.2605113636363636
0.4166666666666667,2.4,10.0,24.0,20.0,1.0,20.0,60.0,1.624,1.734,1.679,1.7152515411787608,1.852206276952067,5.54625,1.5126136363636362
0.38461538461538464,2.6,10.0,26.0,20.0,1.0,16.0,10.0,0.325,0.351,0.33799999999999997,0.3468849051789123,0.3265339473706583,5.517218934911242,0.30651216305062456
0.38461538461538464,2.6,10.0,26.0,20.0,1.0,16.0,20.0,0.649,0.701,0.675,0.6937698103578246,0.6740718619297039,5.517218934911242,0.6130243261012491
0.38461538461538464,2.6,10.0,26.0,20.0,1.0,16.0,30.0,0.958,1.046,1.002,1.0406547155367367,1.0447076773051427,5.517218934911242,0.9195364891518737
0.38461538461538464,2.6,10.0,26.0,20.0,1.0,16.0,40.0,1.298,1.402,1.35,1.3875396207156492,1.4408232262908243,5.517218934911242,1.2260486522024983
0.38461538461538464,2.6,10.0,26.0,20.0,1.0,16.0,50.0,1.622,1.745,1.6835,1.7344245258945614,1.8651394819549358,5.517218934911242,1.5325608152531227
0.38461538461538464,2.6,10.0,26.0,20.0,1.0,16.0,60.0,1.915,2.092,2.0035,2.0813094310734734,2.3207791467431895,5.517218934911242,1.8390729783037474
0.38461538461538464,2.6,10.0,26.0,20.0,1.0,18.0,10.0,0.29,0.315,0.3025,0.31219641466102105,0.29296767024217957,5.517218934911242,0.2758609467455621
0.38461538461538464,2.6,10.0,26.0,20.0,1.0,18.0,20.0,0.581,0.63,0.6054999999999999,0.6243928293220421,0.6027873071133075,5.517218934911242,0.5517218934911242
0.38461538461538464,2.6,10.0,26.0,20.0,1.0,18.0,30.0,0.867,0.943,0.905,0.9365892439830631,0.930955995885824,5.517218934911242,0.8275828402366864
0.38461538461538464,2.6,10.0,26.0,20.0,1.0,18.0,40.0,1.161,1.26,1.2105000000000001,1.2487856586440842,1.2791535628405346,5.517218934911242,1.1034437869822484
0.38461538461538464,2.6,10.0,26.0,20.0,1.0,18.0,50.0,1.441,1.581,1.5110000000000001,1.5609820733051052,1.6492713356666284,5.517218934911242,1.3793047337278106
0.38461538461538464,2.6,10.0,26.0,20.0,1.0,18.0,60.0,1.733,1.886,1.8094999999999999,1.8731784879661262,2.043446512081039,5.517218934911242,1.6551656804733728
0.38461538461538464,2.6,10.0,26.0,20.0,1.0,20.0,10.0,0.268,0.285,0.27649999999999997,0.28381492241911005,0.26565906741442064,5.517218934911242,0.2507826788596019
0.38461538461538464,2.6,10.0,26.0,20.0,1.0,20.0,20.0,0.535,0.571,0.5529999999999999,0.5676298448382201,0.5451378069934424,5.517218934911242,0.5015653577192039
0.38461538461538464,2.6,10.0,26.0,20.0,1.0,20.0,30.0,0.788,0.861,0.8245,0.8514447672573301,0.8395433718158617,5.517218934911242,0.7523480365788058
0.38461538461538464,2.6,10.0,26.0,20.0,1.0,20.0,40.0,1.07,1.142,1.1059999999999999,1.1352596896764402,1.1501044248820647,5.517218934911242,1.0031307154384077
0.38461538461538464,2.6,10.0,26.0,20.0,1.0,20.0,50.0,1.311,1.435,1.373,1.4190746120955502,1.4781882790142378,5.517218934911242,1.2539133942980096
0.38461538461538464,2.6,10.0,26.0,20.0,1.0,20.0,60.0,1.568,1.722,1.645,1.7028895345146602,1.8253210222377663,5.517218934911242,1.5046960731576116
0.35714285714285715,2.8,10.0,28.0,20.0,1.0,16.0,10.0,0.319,0.347,0.33299999999999996,0.3447264595708947,0.32580879395131696,5.49204081632653,0.3051133786848072
0.35714285714285715,2.8,10.0,28.0,20.0,1.0,16.0,20.0,0.639,0.694,0.6665,0.6894529191417894,0.6709889556038712,5.49204081632653,0.6102267573696144
0.35714285714285715,2.8,10.0,28.0,20.0,1.0,16.0,30.0,0.956,1.042,0.999,1.034179378712684,1.0373210407346367,5.49204081632653,0.9153401360544217
0.35714285714285715,2.8,10.0,28.0,20.0,1.0,16.0,40.0,1.277,1.388,1.3325,1.3789058382835788,1.4268107199252014,5.49204081632653,1.2204535147392288
0.35714285714285715,2.8,10.0,28.0,20.0,1.0,16.0,50.0,1.584,1.734,1.659,1.7236322978544738,1.8417255161864559,5.49204081632653,1.525566893424036
0.35714285714285715,2.8,10.0,28.0,20.0,1.0,16.0,60.0,1.912,2.084,1.998,2.068358757425368,2.284638979805639,5.49204081632653,1.8306802721088433
0.35714285714285715,2.8,10.0,28.0,20.0,1.0,18.0,10.0,0.282,0.311,0.2965,0.3102538136138053,0.29238380614405696,5.49204081632653,0.2746020408163265
0.35714285714285715,2.8,10.0,28.0,20.0,1.0,18.0,20.0,0.563,0.623,0.593,0.6205076272276105,0.6003207780760544,5.49204081632653,0.549204081632653
0.35714285714285715,2.8,10.0,28.0,20.0,1.0,18.0,30.0,0.859,0.936,0.8975,0.9307614408414158,0.9250858358240126,5.49204081632653,0.8238061224489794
0.35714285714285715,2.8,10.0,28.0,20.0,1.0,18.0,40.0,1.127,1.246,1.1865,1.241015254455221,1.2680971569869823,5.49204081632653,1.098408163265306
0.35714285714285715,2.8,10.0,28.0,20.0,1.0,18.0,50.0,1.421,1.559,1.49,1.5512690680690264,1.6309368799050115,5.49204081632653,1.3730102040816325
0.35714285714285715,2.8,10.0,28.0,20.0,1.0,18.0,60.0,1.719,1.872,1.7955,1.8615228816828315,2.0153755040460464,5.49204081632653,1.6476122448979589
0.35714285714285715,2.8,10.0,28.0,20.0,1.0,20.0,10.0,0.257,0.284,0.27049999999999996,0.2820489214670957,0.2651788893136759,5.49204081632653,0.24963821892393318
0.35714285714285715,2.8,10.0,28.0,20.0,1.0,20.0,20.0,0.513,0.569,0.5409999999999999,0.5640978429341914,0.5431197165294881,5.49204081632653,0.49927643784786635
0.35714285714285715,2.8,10.0,28.0,20.0,1.0,20.0,30.0,0.782,0.852,0.817,0.846146764401287,0.8347664636863366,5.49204081632653,0.7489146567717995
0.35714285714285715,2.8,10.0,28.0,20.0,1.0,20.0,40.0,1.026,1.131,1.0785,1.1281956858683828,1.1411585663185686,5.49204081632653,0.9985528756957327
0.35714285714285715,2.8,10.0,28.0,20.0,1.0,20.0,50.0,1.295,1.421,1.358,1.4102446073354786,1.4634432914379434,5.49204081632653,1.248191094619666
0.35714285714285715,2.8,10.0,28.0,20.0,1.0,20.0,60.0,1.565,1.705,1.635,1.692293528802574,1.8028900929460063,5.49204081632653,1.497829313543599
0.3333333333333333,3.0,10.0,30.0,20.0,1.0,16.0,10.0,0.322,0.344,0.33299999999999996,0.3428558067106129,0.32518292790548387,5.47,0.3038888888888889
0.3333333333333333,3.0,10.0,30.0,20.0,1.0,16.0,20.0,0.644,0.689,0.6665,0.6857116134212258,0.6683398238192296,5.47,0.6077777777777778
0.3333333333333333,3.0,10.0,30.0,20.0,1.0,16.0,30.0,0.961,1.035,0.998,1.0285674201318387,1.0310032668216769,5.47,0.9116666666666666
0.3333333333333333,3.0,10.0,30.0,20.0,1.0,16.0,40.0,1.291,1.378,1.3344999999999998,1.3714232268424515,1.4148851701335918,5.47,1.2155555555555555
0.3333333333333333,3.0,10.0,30.0,20.0,1.0,16.0,50.0,1.588,1.724,1.6560000000000001,1.7142790335530644,1.821903802482379,5.47,1.5194444444444444
0.3333333333333333,3.0,10.0,30.0,20.0,1.0,16.0,60.0,1.921,2.07,1.9954999999999998,2.0571348402636773,2.2542158470453155,5.47,1.8233333333333333
0.3333333333333333,3.0,10.0,30.0,20.0,1.0,18.0,10.0,0.285,0.309,0.297,0.3085702260395516,0.29187966979337965,5.47,0.27349999999999997
0.3333333333333333,3.0,10.0,30.0,20.0,1.0,18.0,20.0,0.569,0.619,0.594,0.6171404520791032,0.5981993896621157,5.47,0.5469999999999999
0.3333333333333333,3.0,10.0,30.0,20.0,1.0,18.0,30.0,0.866,0.932,0.899,0.9257106781186547,0.9200579193883918,5.47,0.8205
0.3333333333333333,3.0,10.0,30.0,20.0,1.0,18.0,40.0,1.138,1.237,1.1875,1.2342809041582063,1.258668394244753,5.47,1.0939999999999999
0.3333333333333333,3.0,10.0,30.0,20.0,1.0,18.0,50.0,1.435,1.547,1.491,1.5428511301977579,1.6153736050463374,5.47,1.3675
0.3333333333333333,3.0,10.0,30.0,20.0,1.0,18.0,60.0,1.731,1.864,1.7975,1.8514213562373094,1.991663795067142,5.47,1.641
0.3333333333333333,3.0,10.0,30.0,20.0,1.0,20.0,10.0,0.261,0.282,0.27149999999999996,0.2805183873086833,0.264764136866463,5.47,0.24863636363636363
0.3333333333333333,3.0,10.0,30.0,20.0,1.0,20.0,20.0,0.525,0.564,0.5445,0.5610367746173666,0.5413827524531554,5.47,0.49727272727272726
0.3333333333333333,3.0,10.0,30.0,20.0,1.0,20.0,30.0,0.787,0.847,0.817,0.8415551619260497,0.8306702321920746,5.47,0.7459090909090909
0.3333333333333333,3.0,10.0,30.0,20.0,1.0,20.0,40.0,1.042,1.127,1.0845,1.1220735492347331,1.1335173058892873,5.47,0.9945454545454545
0.3333333333333333,3.0,10.0,30.0,20.0,1.0,20.0,50.0,1.318,1.411,1.3645,1.4025919365434163,1.450900208526358,5.47,1.2431818181818182
0.3333333333333333,3.0,10.0,30.0,20.0,1.0,20.0,60.0,1.579,1.694,1.6364999999999998,1.6831103238520995,1.783891192576302,5.47,1.4918181818181817
3.0,0.3333333333333333,12.0,4.0,20.0,1.0,16.0,10.0,0.372,0.408,0.39,0.46899248524147574,0.3361372425286944,6.669999999999999,0.3146226415094339
3.0,0.3333333333333333,12.0,4.0,20.0,1.0,16.0,20.0,0.744,0.815,0.7795,0.9379849704829515,0.8965986849997872,6.669999999999999,0.6292452830188678
3.0,0.3333333333333333,12.0,4.0,20.0,1.0,16.0,30.0,1.107,1.222,1.1644999999999999,1.4069774557244272,2.0183950293947235,6.669999999999999,0.9438679245283017
3.0,0.3333333333333333,12.0,4.0,20.0,1.0,16.0,40.0,1.488,1.631,1.5594999999999999,1.875969940965903,5.390788098769072,6.669999999999999,1.2584905660377357
3.0,0.3333333333333333,12.0,4.0,20.0,1.0,16.0,50.0,1.843,2.037,1.94,2.3449624262073785,-2158.5291034186184,6.669999999999999,1.5731132075471694
3.0,0.3333333333333333,12.0,4.0,20.0,1.0,16.0,60.0,2.213,2.445,2.3289999999999997,2.8139549114488545,-8.036008606954457,6.669999999999999,1.8877358490566034
3.0,0.3333333333333333,12.0,4.0,20.0,1.0,18.0,10.0,0.334,0.366,0.35,0.4212983341999697,0.29446165191587487,6.669999999999999,0.28262711864406775
3.0,0.3333333333333333,12.0,4.0,20.0,1.0,18.0,20.0,0.669,0.732,0.7005,0.8425966683999394,0.7542317050196299,6.669999999999999,0.5652542372881355
3.0,0.3333333333333333,12.0,4.0,20.0,1.0,18.0,30.0,0.998,1.096,1.0470000000000002,1.2638950025999092,1.57283640684935,6.669999999999999,0.8478813559322033
3.0,0.3333333333333333,12.0,4.0,20.0,1.0,18.0,40.0,1.337,1.464,1.4005,1.6851933367998788,3.43920594387745,6.669999999999999,1.130508474576271
3.0,0.3333333333333333,12.0,4.0,20.0,1.0,18.0,50.0,1.636,1.824,1.73,2.1064916709998487,11.940690892992693,6.669999999999999,1.4131355932203387
3.0,0.3333333333333333,12.0,4.0,20.0,1.0,18.0,60.0,1.997,2.192,2.0945,2.5277900051998183,-18.428271847505233,6.669999999999999,1.6957627118644065
3.0,0.3333333333333333,12.0,4.0,20.0,1.0,20.0,10.0,0.301,0.332,0.3165,0.3824092571968956,0.2619803220616716,6.669999999999999,0.2565384615384615
3.0,0.3333333333333333,12.0,4.0,20.0,1.0,20.0,20.0,0.602,0.664,0.633,0.7648185143937912,0.6508811385203969,6.669999999999999,0.513076923076923
3.0,0.3333333333333333,12.0,4.0,20.0,1.0,20.0,30.0,0.908,0.997,0.9525,1.1472277715906867,1.288419196982917,6.669999999999999,0.7696153846153845
3.0,0.3333333333333333,12.0,4.0,20.0,1.0,20.0,40.0,1.204,1.329,1.2665,1.5296370287875825,2.5250743058383476,6.669999999999999,1.026153846153846
3.0,0.3333333333333333,12.0,4.0,20.0,1.0,20.0,50.0,1.497,1.66,1.5785,1.912046285984478,5.953877424400435,6.669999999999999,1.2826923076923076
3.0,0.3333333333333333,12.0,4.0,20.0,1.0,20.0,60.0,1.816,1.993,1.9045,2.2944555431813733,62.84963817846001,6.669999999999999,1.539230769230769
2.0,0.5,12.0,6.0,20.0,1.0,16.0,10.0,0.339,0.381,0.36,0.40228429833708446,0.31026194864772855,6.5200000000000005,0.30754716981132074
2.0,0.5,12.0,6.0,20.0,1.0,16.0,20.0,0.677,0.762,0.7195,0.8045685966741689,0.7334422634251944,6.5200000000000005,0.6150943396226415
2.0,0.5,12.0,6.0,20.0,1.0,16.0,30.0,1.012,1.143,1.0775000000000001,1.2068528950112534,1.344898027499681,6.5200000000000005,0.9226415094339624
2.0,0.5,12.0,6.0,20.0,1.0,16.0,40.0,1.355,1.524,1.4395,1.6091371933483378,2.306223723795584,6.5200000000000005,1.230188679245283
2.0,0.5,12.0,6.0,20.0,1.0,16.0,50.0,1.679,1.898,1.7885,2.011421491685422,4.038048690171312,6.5200000000000005,1.5377358490566038
2.0,0.5,12.0,6.0,20.0,1.0,16.0,60.0,2.023,2.287,2.1550000000000002,2.4137057900225067,8.086182148153608,6.5200000000000005,1.8452830188679248
2.0,0.5,12.0,6.0,20.0,1.0,18.0,10.0,0.303,0.343,0.323,0.36137403070958435,0.27441349936434944,6.5200000000000005,0.276271186440678
2.0,0.5,12.0,6.0,20.0,1.0,18.0,20.0,0.606,0.687,0.6465000000000001,0.7227480614191687,0.635340099139388,6.5200000000000005,0.552542372881356
2.0,0.5,12.0,6.0,20.0,1.0,18.0,30.0,0.881,1.027,0.954,1.084122092128753,1.131347557529445,6.5200000000000005,0.828813559322034
2.0,0.5,12.0,6.0,20.0,1.0,18.0,40.0,1.212,1.374,1.2930000000000001,1.4454961228383374,1.8557267665443224,6.5200000000000005,1.105084745762712
2.0,0.5,12.0,6.0,20.0,1.0,18.0,50.0,1.489,1.71,1.5995,1.8068701535479217,3.0133652657898145,6.5200000000000005,1.38135593220339
2.0,0.5,12.0,6.0,20.0,1.0,18.0,60.0,1.763,2.054,1.9084999999999999,2.168244184257506,5.1588089158161745,6.5200000000000005,1.657627118644068
2.0,0.5,12.0,6.0,20.0,1.0,20.0,10.0,0.269,0.31,0.2895,0.32801642787485347,0.24599106977702587,6.5200000000000005,0.2507692307692308
2.0,0.5,12.0,6.0,20.0,1.0,20.0,20.0,0.539,0.62,0.5795,0.6560328557497069,0.5603853081431881,6.5200000000000005,0.5015384615384616
2.0,0.5,12.0,6.0,20.0,1.0,20.0,30.0,0.825,0.938,0.8815,0.9840492836245605,0.9763217077805953,6.5200000000000005,0.7523076923076923
2.0,0.5,12.0,6.0,20.0,1.0,20.0,40.0,1.077,1.24,1.1585,1.3120657114994139,1.5524681638263733,6.5200000000000005,1.0030769230769232
2.0,0.5,12.0,6.0,20.0,1.0,20.0,50.0,1.343,1.551,1.447,1.6400821393742673,2.403468204362042,6.5200000000000005,1.2538461538461538
2.0,0.5,12.0,6.0,20.0,1.0,20.0,60.0,1.649,1.876,1.7625,1.968098567249121,3.7876114587575214,6.5200000000000005,1.5046153846153847
1.5,0.6666666666666666,12.0,8.0,20.0,1.0,16.0,10.0,0.32,0.363,0.3415,0.3689302048848888,0.2987628128698026,6.31,0.2976415094339622
1.5,0.6666666666666666,12.0,8.0,20.0,1.0,16.0,20.0,0.64,0.727,0.6835,0.7378604097697776,0.6722744850573888,6.31,0.5952830188679245
1.5,0.6666666666666666,12.0,8.0,20.0,1.0,16.0,30.0,0.956,1.085,1.0205,1.1067906146546664,1.1525987519553227,6.31,0.8929245283018867
1.5,0.6666666666666666,12.0,8.0,20.0,1.0,16.0,40.0,1.28,1.454,1.367,1.4757208195395553,1.7931973699995745,6.31,1.190566037735849
1.5,0.6666666666666666,12.0,8.0,20.0,1.0,16.0,50.0,1.61,1.811,1.7105000000000001,1.844651024424444,2.6903548078508015,6.31,1.4882075471698113
1.5,0.6666666666666666,12.0,8.0,20.0,1.0,16.0,60.0,1.906,2.17,2.038,2.213581229309333,4.036790058789447,6.31,1.7858490566037735
1.5,0.6666666666666666,12.0,8.0,20.0,1.0,18.0,10.0,0.285,0.326,0.3055,0.3314118789643916,0.2653794409700068,6.31,0.2673728813559322
1.5,0.6666666666666666,12.0,8.0,20.0,1.0,18.0,20.0,0.571,0.651,0.611,0.6628237579287832,0.5889233038317497,6.31,0.5347457627118644
1.5,0.6666666666666666,12.0,8.0,20.0,1.0,18.0,30.0,0.865,0.98,0.9225,0.994235636893175,0.9921072950947017,6.31,0.8021186440677965
1.5,0.6666666666666666,12.0,8.0,20.0,1.0,18.0,40.0,1.142,1.302,1.222,1.3256475158575665,1.5084634100392598,6.31,1.0694915254237287
1.5,0.6666666666666666,12.0,8.0,20.0,1.0,18.0,50.0,1.442,1.625,1.5335,1.6570593948219583,2.1934215653990217,6.31,1.3368644067796611
1.5,0.6666666666666666,12.0,8.0,20.0,1.0,18.0,60.0,1.731,1.961,1.846,1.98847127378635,3.1456728136987,6.31,1.604237288135593
1.5,0.6666666666666666,12.0,8.0,20.0,1.0,20.0,10.0,0.26,0.296,0.278,0.3008200132138324,0.23870666561174975,6.31,0.24269230769230768
1.5,0.6666666666666666,12.0,8.0,20.0,1.0,20.0,20.0,0.515,0.591,0.5529999999999999,0.6016400264276648,0.5239606441233432,6.31,0.48538461538461536
1.5,0.6666666666666666,12.0,8.0,20.0,1.0,20.0,30.0,0.783,0.886,0.8345,0.9024600396414972,0.8708477319033984,6.31,0.7280769230769231
1.5,0.6666666666666666,12.0,8.0,20.0,1.0,20.0,40.0,1.042,1.183,1.1125,1.2032800528553296,1.3017622770407937,6.31,0.9707692307692307
1.5,0.6666666666666666,12.0,8.0,20.0,1.0,20.0,50.0,1.301,1.475,1.388,1.5041000660691621,1.8514430327546567,6.31,1.2134615384615384
1.5,0.6666666666666666,12.0,8.0,20.0,1.0,20.0,60.0,1.568,1.767,1.6675,1.8049200792829945,2.576838393965834,6.31,1.4561538461538461
1.2,0.8333333333333334,12.0,10.0,20.0,1.0,16.0,10.0,0.317,0.349,0.33299999999999996,0.3489177488135714,0.292263572121623,6.1408,0.28966037735849054
1.2,0.8333333333333334,12.0,10.0,20.0,1.0,16.0,20.0,0.633,0.698,0.6655,0.6978354976271428,0.6402376759831199,6.1408,0.5793207547169811
1.2,0.8333333333333334,12.0,10.0,20.0,1.0,16.0,30.0,0.95,1.047,0.9984999999999999,1.0467532464407143,1.061529530836059,6.1408,0.8689811320754717
1.2,0.8333333333333334,12.0,10.0,20.0,1.0,16.0,40.0,1.266,1.396,1.331,1.3956709952542856,1.5820396972087256,6.1408,1.1586415094339622
1.2,0.8333333333333334,12.0,10.0,20.0,1.0,16.0,50.0,1.587,1.741,1.6640000000000001,1.7445887440678571,2.241496712499468,6.1408,1.4483018867924526
1.2,0.8333333333333334,12.0,10.0,20.0,1.0,16.0,60.0,1.9,2.094,1.9969999999999999,2.0935064928814286,3.1041067434022183,6.1408,1.7379622641509433
1.2,0.8333333333333334,12.0,10.0,20.0,1.0,18.0,10.0,0.287,0.314,0.3005,0.313434587917276,0.26023899214306956,6.1408,0.26020338983050845
1.2,0.8333333333333334,12.0,10.0,20.0,1.0,18.0,20.0,0.569,0.628,0.5985,0.626869175834552,0.5641919974085653,6.1408,0.5204067796610169
1.2,0.8333333333333334,12.0,10.0,20.0,1.0,18.0,30.0,0.853,0.94,0.8965,0.9403037637518281,0.9238832986209848,6.1408,0.7806101694915254
1.2,0.8333333333333334,12.0,10.0,20.0,1.0,18.0,40.0,1.138,1.255,1.1965,1.253738351669104,1.3561923196564978,6.1408,1.0408135593220338
1.2,0.8333333333333334,12.0,10.0,20.0,1.0,18.0,50.0,1.421,1.568,1.4945,1.56717293958638,1.8855792625490748,6.1408,1.3010169491525423
1.2,0.8333333333333334,12.0,10.0,20.0,1.0,18.0,60.0,1.706,1.88,1.793,1.8806075275036562,2.5488791643106934,6.1408,1.5612203389830508
1.2,0.8333333333333334,12.0,10.0,20.0,1.0,20.0,10.0,0.257,0.284,0.27049999999999996,0.28450216441721976,0.2345394888974209,6.1408,0.23618461538461535
1.2,0.8333333333333334,12.0,10.0,20.0,1.0,20.0,20.0,0.515,0.568,0.5415,0.5690043288344395,0.5042934069746687,6.1408,0.4723692307692307
1.2,0.8333333333333334,12.0,10.0,20.0,1.0,20.0,30.0,0.772,0.852,0.812,0.8535064932516594,0.8178362461538392,6.1408,0.7085538461538461
1.2,0.8333333333333334,12.0,10.0,20.0,1.0,20.0,40.0,1.029,1.137,1.083,1.138008657668879,1.1867721810168141,6.1408,0.9447384615384614
1.2,0.8333333333333334,12.0,10.0,20.0,1.0,20.0,50.0,1.291,1.421,1.3559999999999999,1.422510822086099,1.6272028463009922,6.1408,1.1809230769230767
1.2,0.8333333333333334,12.0,10.0,20.0,1.0,20.0,60.0,1.544,1.705,1.6245,1.7070129865033188,2.162139969944701,6.1408,1.4171076923076922
1.0,1.0,12.0,12.0,20.0,1.0,16.0,10.0,0.31,0.339,0.3245,0.33557611143269317,0.28808559204703793,6.01,0.2834905660377358
1.0,1.0,12.0,12.0,20.0,1.0,16.0,20.0,0.619,0.678,0.6485000000000001,0.6711522228653863,0.6205238972954571,6.01,0.5669811320754716
1.0,1.0,12.0,12.0,20.0,1.0,16.0,30.0,0.922,1.018,0.97,1.0067283342980795,1.0084117275860833,6.01,0.8504716981132074
1.0,1.0,12.0,12.0,20.0,1.0,16.0,40.0,1.239,1.355,1.2970000000000002,1.3423044457307727,1.4668845268503887,6.01,1.1339622641509433
1.0,1.0,12.0,12.0,20.0,1.0,16.0,50.0,1.559,1.693,1.626,1.6778805571634658,2.0171375741992943,6.01,1.4174528301886793
1.0,1.0,12.0,12.0,20.0,1.0,16.0,60.0,1.843,2.036,1.9395,2.013456668596159,2.689796054999362,6.01,1.7009433962264149
1.0,1.0,12.0,12.0,20.0,1.0,18.0,10.0,0.275,0.305,0.29000000000000004,0.30144972721919894,0.2569212507307313,6.01,0.2546610169491525
1.0,1.0,12.0,12.0,20.0,1.0,18.0,20.0,0.553,0.61,0.5815,0.6028994544383979,0.5488269987286989,6.01,0.509322033898305
1.0,1.0,12.0,12.0,20.0,1.0,18.0,30.0,0.809,0.918,0.8635,0.9043491816575968,0.8833849557476247,6.01,0.7639830508474575
1.0,1.0,12.0,12.0,20.0,1.0,18.0,40.0,1.109,1.22,1.1644999999999999,1.2057989088767957,1.270680198278776,6.01,1.01864406779661
1.0,1.0,12.0,12.0,20.0,1.0,18.0,50.0,1.363,1.524,1.4435,1.5072486360959947,1.7242493148141196,6.01,1.2733050847457628
1.0,1.0,12.0,12.0,20.0,1.0,18.0,60.0,1.617,1.835,1.726,1.8086983633151936,2.26269511505889,6.01,1.527966101694915
1.0,1.0,12.0,12.0,20.0,1.0,20.0,10.0,0.244,0.277,0.2605,0.2736235985528114,0.23184127196665674,6.01,0.23115384615384613
1.0,1.0,12.0,12.0,20.0,1.0,20.0,20.0,0.489,0.554,0.5215000000000001,0.5472471971056228,0.49198213955405173,6.01,0.46230769230769225
1.0,1.0,12.0,12.0,20.0,1.0,20.0,30.0,0.752,0.829,0.7905,0.820870795658434,0.7859409661850149,6.01,0.6934615384615384
1.0,1.0,12.0,12.0,20.0,1.0,20.0,40.0,0.978,1.108,1.0430000000000001,1.0944943942112455,1.1207706162863762,6.01,0.9246153846153845
1.0,1.0,12.0,12.0,20.0,1.0,20.0,50.0,1.219,1.382,1.3005,1.3681179927640568,1.5056316815306168,6.01,1.1557692307692307
1.0,1.0,12.0,12.0,20.0,1.0,20.0,60.0,1.503,1.659,1.581,1.641741591316868,1.9526434155611907,6.01,1.3869230769230767
0.8571428571428571,1.1666666666666667,12.0,14.0,20.0,1.0,16.0,10.0,0.301,0.332,0.3165,0.32604637044635154,0.2851737143303915,5.9077551020408166,0.2786676934924913
0.8571428571428571,1.1666666666666667,12.0,14.0,20.0,1.0,16.0,20.0,0.594,0.663,0.6285000000000001,0.6520927408927031,0.6071699131396483,5.9077551020408166,0.5573353869849826
0.8571428571428571,1.1666666666666667,12.0,14.0,20.0,1.0,16.0,30.0,0.889,0.995,0.942,0.9781391113390547,0.9736127687067745,5.9077551020408166,0.836003080477474
0.8571428571428571,1.1666666666666667,12.0,14.0,20.0,1.0,16.0,40.0,1.192,1.326,1.259,1.3041854817854062,1.3943872914437323,5.9077551020408166,1.1146707739699653
0.8571428571428571,1.1666666666666667,12.0,14.0,20.0,1.0,16.0,50.0,1.489,1.66,1.5745,1.6302318522317578,1.8825444538576213,5.9077551020408166,1.3933384674624567
0.8571428571428571,1.1666666666666667,12.0,14.0,20.0,1.0,16.0,60.0,1.795,1.99,1.8925,1.9562782226781095,2.4556790008088436,5.9077551020408166,1.672006160954948
0.8571428571428571,1.1666666666666667,12.0,14.0,20.0,1.0,18.0,10.0,0.27,0.298,0.28400000000000003,0.29288911243485816,0.2546027606716519,5.9077551020408166,0.2503286060186787
0.8571428571428571,1.1666666666666667,12.0,14.0,20.0,1.0,18.0,20.0,0.54,0.596,0.5680000000000001,0.5857782248697163,0.5383546040493394,5.9077551020408166,0.5006572120373574
0.8571428571428571,1.1666666666666667,12.0,14.0,20.0,1.0,18.0,30.0,0.81,0.894,0.8520000000000001,0.8786673373045746,0.8565653371945946,5.9077551020408166,0.7509858180560359
0.8571428571428571,1.1666666666666667,12.0,14.0,20.0,1.0,18.0,40.0,1.079,1.192,1.1355,1.1715564497394326,1.2159177854012198,5.9077551020408166,1.0013144240747147
0.8571428571428571,1.1666666666666667,12.0,14.0,20.0,1.0,18.0,50.0,1.347,1.491,1.419,1.464445562174291,1.6249422609200321,5.9077551020408166,1.2516430300933934
0.8571428571428571,1.1666666666666667,12.0,14.0,20.0,1.0,18.0,60.0,1.62,1.788,1.7040000000000002,1.7573346746091492,2.0947023919130574,5.9077551020408166,1.5019716361120719
0.8571428571428571,1.1666666666666667,12.0,14.0,20.0,1.0,20.0,10.0,0.245,0.27,0.2575,0.26585319436394816,0.22995167393295773,5.9077551020408166,0.22722135007849295
0.8571428571428571,1.1666666666666667,12.0,14.0,20.0,1.0,20.0,20.0,0.49,0.541,0.5155000000000001,0.5317063887278963,0.48355009463176013,5.9077551020408166,0.4544427001569859
0.8571428571428571,1.1666666666666667,12.0,14.0,20.0,1.0,20.0,30.0,0.735,0.811,0.773,0.7975595830918446,0.7646404896381658,5.9077551020408166,0.6816640502354788
0.8571428571428571,1.1666666666666667,12.0,14.0,20.0,1.0,20.0,40.0,0.98,1.082,1.0310000000000001,1.0634127774557927,1.0779495692891874,5.9077551020408166,0.9088854003139718
0.8571428571428571,1.1666666666666667,12.0,14.0,20.0,1.0,20.0,50.0,1.225,1.352,1.2885,1.329265971819741,1.4293534724429504,5.9077551020408166,1.1361067503924647
0.8571428571428571,1.1666666666666667,12.0,14.0,20.0,1.0,20.0,60.0,1.469,1.623,1.546,1.5951191661836892,1.8262497761678331,5.9077551020408166,1.3633281004709576
0.75,1.3333333333333333,12.0,16.0,20.0,1.0,16.0,10.0,0.295,0.324,0.3095,0.31889906470659535,0.28302814534232623,5.82625,0.2748231132075472
0.75,1.3333333333333333,12.0,16.0,20.0,1.0,16.0,20.0,0.591,0.648,0.6194999999999999,0.6377981294131907,0.5975256257396052,5.82625,0.5496462264150944
0.75,1.3333333333333333,12.0,16.0,20.0,1.0,16.0,30.0,0.884,0.971,0.9275,0.956697194119786,0.9490499227486082,5.82625,0.8244693396226415
0.75,1.3333333333333333,12.0,16.0,20.0,1.0,16.0,40.0,1.181,1.296,1.2385000000000002,1.2755962588263814,1.3445489701147777,5.82625,1.0992924528301888
0.75,1.3333333333333333,12.0,16.0,20.0,1.0,16.0,50.0,1.475,1.622,1.5485000000000002,1.5944953235329766,1.7928250227944045,5.82625,1.3741155660377358
0.75,1.3333333333333333,12.0,16.0,20.0,1.0,16.0,60.0,1.768,1.943,1.8555000000000001,1.913394388239572,2.3051975039106454,5.82625,1.648938679245283
0.75,1.3333333333333333,12.0,16.0,20.0,1.0,18.0,10.0,0.264,0.291,0.27749999999999997,0.2864686513466026,0.25289116910440146,5.82625,0.246875
0.75,1.3333333333333333,12.0,16.0,20.0,1.0,18.0,20.0,0.528,0.582,0.5549999999999999,0.5729373026932052,0.5307588819400136,5.82625,0.49375
0.75,1.3333333333333333,12.0,16.0,20.0,1.0,18.0,30.0,0.789,0.874,0.8315,0.8594059540398078,0.8374955275582302,5.82625,0.740625
0.75,1.3333333333333333,12.0,16.0,20.0,1.0,18.0,40.0,1.059,1.164,1.1115,1.1458746053864104,1.1778466076634995,5.82625,0.9875
0.75,1.3333333333333333,12.0,16.0,20.0,1.0,18.0,50.0,1.328,1.457,1.3925,1.4323432567330128,1.5576580114376404,5.82625,1.234375
0.75,1.3333333333333333,12.0,16.0,20.0,1.0,18.0,60.0,1.578,1.749,1.6635,1.7188119080796156,1.9842145901894035,5.82625,1.48125
0.75,1.3333333333333333,12.0,16.0,20.0,1.0,20.0,10.0,0.238,0.264,0.251,0.26002539122230084,0.22855456637028335,5.82625,0.22408653846153848
0.75,1.3333333333333333,12.0,16.0,20.0,1.0,20.0,20.0,0.479,0.528,0.5035000000000001,0.5200507824446017,0.4774133312234995,5.82625,0.44817307692307695
0.75,1.3333333333333333,12.0,16.0,20.0,1.0,20.0,30.0,0.719,0.793,0.756,0.7800761736669024,0.7494077218881995,5.82625,0.6722596153846153
0.75,1.3333333333333333,12.0,16.0,20.0,1.0,20.0,40.0,0.958,1.056,1.0070000000000001,1.0401015648892034,1.0479212882466864,5.82625,0.8963461538461539
0.75,1.3333333333333333,12.0,16.0,20.0,1.0,20.0,50.0,1.199,1.324,1.2615,1.300126956111504,1.3770311780491986,5.82625,1.1204326923076924
0.75,1.3333333333333333,12.0,16.0,20.0,1.0,20.0,60.0,1.427,1.586,1.5065,1.5601523473338048,1.7416954638067967,5.82625,1.3445192307692306
0.6666666666666666,1.5,12.0,18.0,20.0,1.0,16.0,10.0,0.289,0.319,0.304,0.3133400491312294,0.2813815603407415,5.76,0.27169811320754716
0.6666666666666666,1.5,12.0,18.0,20.0,1.0,16.0,20.0,0.578,0.638,0.608,0.6266800982624589,0.5902337464945177,5.76,0.5433962264150943
0.6666666666666666,1.5,12.0,18.0,20.0,1.0,16.0,30.0,0.867,0.958,0.9125,0.9400201473936882,0.9307858459431856,5.76,0.8150943396226414
0.6666666666666666,1.5,12.0,18.0,20.0,1.0,16.0,40.0,1.157,1.277,1.217,1.2533601965249177,1.3081822794541067,5.76,1.0867924528301887
0.6666666666666666,1.5,12.0,18.0,20.0,1.0,16.0,50.0,1.455,1.595,1.525,1.566700245656147,1.728744277139163,5.76,1.3584905660377358
0.6666666666666666,1.5,12.0,18.0,20.0,1.0,16.0,60.0,1.735,1.916,1.8255,1.8800402947873764,2.200326790275583,5.76,1.6301886792452829
0.6666666666666666,1.5,12.0,18.0,20.0,1.0,18.0,10.0,0.26,0.286,0.273,0.28147495938907047,0.2515757584627785,5.76,0.24406779661016947
0.6666666666666666,1.5,12.0,18.0,20.0,1.0,18.0,20.0,0.521,0.572,0.5465,0.5629499187781409,0.5249976740604901,5.76,0.48813559322033895
0.6666666666666666,1.5,12.0,18.0,20.0,1.0,18.0,30.0,0.787,0.858,0.8225,0.8444248781672115,0.8232404980930484,5.76,0.7322033898305084
0.6666666666666666,1.5,12.0,18.0,20.0,1.0,18.0,40.0,1.042,1.144,1.093,1.1258998375562819,1.1498447503460967,5.76,0.9762711864406779
0.6666666666666666,1.5,12.0,18.0,20.0,1.0,18.0,50.0,1.302,1.432,1.367,1.4073747969453525,1.509057938227043,5.76,1.2203389830508475
0.6666666666666666,1.5,12.0,18.0,20.0,1.0,18.0,60.0,1.562,1.716,1.639,1.688849756334423,1.9060202974181641,5.76,1.4644067796610167
0.6666666666666666,1.5,12.0,18.0,20.0,1.0,20.0,10.0,0.236,0.26,0.248,0.25549265544546396,0.22747960892579985,5.76,0.22153846153846152
0.6666666666666666,1.5,12.0,18.0,20.0,1.0,20.0,20.0,0.473,0.52,0.4965,0.5109853108909279,0.47274692916930594,5.76,0.44307692307692303
0.6666666666666666,1.5,12.0,18.0,20.0,1.0,20.0,30.0,0.716,0.78,0.748,0.766477966336392,0.7379732093310776,5.76,0.6646153846153845
0.6666666666666666,1.5,12.0,18.0,20.0,1.0,20.0,40.0,0.945,1.041,0.9929999999999999,1.0219706217818558,1.0256980626814234,5.76,0.8861538461538461
0.6666666666666666,1.5,12.0,18.0,20.0,1.0,20.0,50.0,1.166,1.299,1.2325,1.2774632772273198,1.3389110461979938,5.76,1.1076923076923078
0.6666666666666666,1.5,12.0,18.0,20.0,1.0,20.0,60.0,1.432,1.56,1.496,1.532955932672784,1.6811559244295644,5.76,1.329230769230769
0.6,1.6666666666666667,12.0,20.0,20.0,1.0,16.0,10.0,0.285,0.315,0.3,0.30889283667093664,0.28007802278328575,5.7052,0.2691132075471698
0.6,1.6666666666666667,12.0,20.0,20.0,1.0,16.0,20.0,0.57,0.63,0.6,0.6177856733418733,0.584527144243246,5.7052,0.5382264150943395
0.6,1.6666666666666667,12.0,20.0,20.0,1.0,16.0,30.0,0.863,0.944,0.9035,0.92667851001281,0.9166730482432813,5.7052,0.8073396226415094
0.6,1.6666666666666667,12.0,20.0,20.0,1.0,16.0,40.0,1.139,1.26,1.1995,1.2355713466837466,1.2804753519662397,5.7052,1.076452830188679
0.6,1.6666666666666667,12.0,20.0,20.0,1.0,16.0,50.0,1.422,1.573,1.4975,1.5444641833546833,1.680686212643472,5.7052,1.345566037735849
0.6,1.6666666666666667,12.0,20.0,20.0,1.0,16.0,60.0,1.726,1.887,1.8065,1.85335702002562,2.123059061672118,5.7052,1.6146792452830188
0.6,1.6666666666666667,12.0,20.0,20.0,1.0,18.0,10.0,0.257,0.282,0.26949999999999996,0.2774800058230448,0.2505332417361498,5.7052,0.24174576271186438
0.6,1.6666666666666667,12.0,20.0,20.0,1.0,18.0,20.0,0.514,0.565,0.5395,0.5549600116460895,0.5204779842861391,5.7052,0.48349152542372875
0.6,1.6666666666666667,12.0,20.0,20.0,1.0,18.0,30.0,0.777,0.848,0.8125,0.8324400174691344,0.8121811754284332,5.7052,0.7252372881355931
0.6,1.6666666666666667,12.0,20.0,20.0,1.0,18.0,40.0,1.029,1.132,1.0804999999999998,1.109920023292179,1.1283839948171306,5.7052,0.9669830508474575
0.6,1.6666666666666667,12.0,20.0,20.0,1.0,18.0,50.0,1.281,1.411,1.346,1.387400029115224,1.4723082595793744,5.7052,1.208728813559322
0.6,1.6666666666666667,12.0,20.0,20.0,1.0,18.0,60.0,1.555,1.696,1.6255,1.6648800349382689,1.8477665972419697,5.7052,1.4504745762711861
0.6,1.6666666666666667,12.0,20.0,20.0,1.0,20.0,10.0,0.233,0.257,0.245,0.2518664668239945,0.22662689607765074,5.7052,0.2194307692307692
0.6,1.6666666666666667,12.0,20.0,20.0,1.0,20.0,20.0,0.466,0.514,0.49,0.503732933647989,0.4690789777948418,5.7052,0.4388615384615384
0.6,1.6666666666666667,12.0,20.0,20.0,1.0,20.0,30.0,0.704,0.771,0.7375,0.7555994004719835,0.7290738042923943,5.7052,0.6582923076923076
0.6,1.6666666666666667,12.0,20.0,20.0,1.0,20.0,40.0,0.933,1.027,0.98,1.007465867295978,1.0085868139493375,5.7052,0.8777230769230768
0.6,1.6666666666666667,12.0,20.0,20.0,1.0,20.0,50.0,1.174,1.282,1.228,1.2593323341199725,1.309901610308358,5.7052,1.0971538461538461
0.6,1.6666666666666667,12.0,20.0,20.0,1.0,20.0,60.0,1.415,1.541,1.478,1.511198800943967,1.6356724923076784,5.7052,1.3165846153846152
0.5454545454545454,1.8333333333333333,12.0,22.0,20.0,1.0,16.0,10.0,0.286,0.312,0.299,0.30525420829433353,0.27902044148883814,5.659173553719008,0.26694214876033057
0.5454545454545454,1.8333333333333333,12.0,22.0,20.0,1.0,16.0,20.0,0.572,0.623,0.5974999999999999,0.6105084165886671,0.5799395382698608,5.659173553719008,0.5338842975206611
0.5454545454545454,1.8333333333333333,12.0,22.0,20.0,1.0,16.0,30.0,0.858,0.93,0.894,0.9157626248830005,0.9054406330020268,5.659173553719008,0.8008264462809918
0.5454545454545454,1.8333333333333333,12.0,22.0,20.0,1.0,16.0,40.0,1.144,1.246,1.1949999999999998,1.2210168331773341,1.2586641404328842,5.659173553719008,1.0677685950413223
0.5454545454545454,1.8333333333333333,12.0,22.0,20.0,1.0,16.0,50.0,1.421,1.549,1.4849999999999999,1.5262710414716674,1.6433091963012407,5.659173553719008,1.334710743801653
0.5454545454545454,1.8333333333333333,12.0,22.0,20.0,1.0,16.0,60.0,1.717,1.86,1.7885,1.831525249766001,2.063763695976912,5.659173553719008,1.6016528925619835
0.5454545454545454,1.8333333333333333,12.0,22.0,20.0,1.0,18.0,10.0,0.257,0.279,0.268,0.274211407450842,0.24968667843577255,5.659173553719008,0.23979548956436475
0.5454545454545454,1.8333333333333333,12.0,22.0,20.0,1.0,18.0,20.0,0.514,0.557,0.5355000000000001,0.548422814901684,0.516837533897437,5.659173553719008,0.4795909791287295
0.5454545454545454,1.8333333333333333,12.0,22.0,20.0,1.0,18.0,30.0,0.772,0.835,0.8035,0.8226342223525259,0.8033512487007527,5.659173553719008,0.7193864686930942
0.5454545454545454,1.8333333333333333,12.0,22.0,20.0,1.0,18.0,40.0,1.029,1.115,1.072,1.096845629803368,1.111412084068579,5.659173553719008,0.959181958257459
0.5454545454545454,1.8333333333333333,12.0,22.0,20.0,1.0,18.0,50.0,1.276,1.392,1.334,1.3710570372542097,1.4435456700026186,5.659173553719008,1.1989774478218238
0.5454545454545454,1.8333333333333333,12.0,22.0,20.0,1.0,18.0,60.0,1.543,1.67,1.6065,1.6452684447050518,1.802688405675716,5.659173553719008,1.4387729373861884
0.5454545454545454,1.8333333333333333,12.0,22.0,20.0,1.0,20.0,10.0,0.231,0.254,0.2425,0.24889958522461042,0.22593396238760655,5.659173553719008,0.21766052129688493
0.5454545454545454,1.8333333333333333,12.0,22.0,20.0,1.0,20.0,20.0,0.455,0.508,0.48150000000000004,0.49779917044922084,0.46611999519874164,5.659173553719008,0.43532104259376986
0.5454545454545454,1.8333333333333333,12.0,22.0,20.0,1.0,20.0,30.0,0.704,0.759,0.7315,0.7466987556738311,0.7219505629156951,5.659173553719008,0.6529815638906548
0.5454545454545454,1.8333333333333333,12.0,22.0,20.0,1.0,20.0,40.0,0.923,1.016,0.9695,0.9955983408984417,0.9950056330866045,5.659173553719008,0.8706420851875397
0.5454545454545454,1.8333333333333333,12.0,22.0,20.0,1.0,20.0,50.0,1.145,1.264,1.2045,1.244497926123052,1.2870853361932966,5.659173553719008,1.0883026064844248
0.5454545454545454,1.8333333333333333,12.0,22.0,20.0,1.0,20.0,60.0,1.409,1.517,1.463,1.4933975113476623,1.6002496984739571,5.659173553719008,1.3059631277813095
0.5,2.0,12.0,24.0,20.0,1.0,16.0,10.0,0.283,0.307,0.295,0.3022220179804975,0.27814520571293117,5.62,0.2650943396226415
0.5,2.0,12.0,24.0,20.0,1.0,16.0,20.0,0.566,0.613,0.5894999999999999,0.604444035960995,0.5761711840940759,5.62,0.530188679245283
0.5,2.0,12.0,24.0,20.0,1.0,16.0,30.0,0.849,0.919,0.884,0.9066660539414926,0.8962884386094078,5.62,0.7952830188679245
0.5,2.0,12.0,24.0,20.0,1.0,16.0,40.0,1.132,1.227,1.1795,1.20888807192199,1.2410477945909142,5.62,1.060377358490566
0.5,2.0,12.0,24.0,20.0,1.0,16.0,50.0,1.421,1.542,1.4815,1.5111100899024876,1.6134085144850163,5.62,1.3254716981132075
0.5,2.0,12.0,24.0,20.0,1.0,16.0,60.0,1.698,1.839,1.7685,1.8133321078829852,2.0168234551721667,5.62,1.590566037735849
0.5,2.0,12.0,24.0,20.0,1.0,18.0,10.0,0.255,0.276,0.2655,0.27148757547400626,0.24898556707178113,5.62,0.238135593220339
0.5,2.0,12.0,24.0,20.0,1.0,18.0,20.0,0.51,0.551,0.5305,0.5429751509480125,0.5138425014614626,5.62,0.476271186440678
0.5,2.0,12.0,24.0,20.0,1.0,18.0,30.0,0.763,0.831,0.7969999999999999,0.8144627264220188,0.7961383229100204,5.62,0.714406779661017
0.5,2.0,12.0,24.0,20.0,1.0,18.0,40.0,1.02,1.102,1.061,1.085950301896025,1.0976539974573978,5.62,0.952542372881356
0.5,2.0,12.0,24.0,20.0,1.0,18.0,50.0,1.271,1.385,1.3279999999999998,1.3574378773700313,1.4204215485418268,5.62,1.1906779661016949
0.5,2.0,12.0,24.0,20.0,1.0,18.0,60.0,1.526,1.661,1.5935000000000001,1.6289254528440376,1.7667699114952493,5.62,1.428813559322034
0.5,2.0,12.0,24.0,20.0,1.0,20.0,10.0,0.231,0.252,0.2415,0.2464271838917903,0.22535974634013814,5.62,0.21615384615384617
0.5,2.0,12.0,24.0,20.0,1.0,20.0,20.0,0.463,0.503,0.483,0.4928543677835806,0.4636825439333135,5.62,0.43230769230769234
0.5,2.0,12.0,24.0,20.0,1.0,20.0,30.0,0.693,0.75,0.7215,0.7392815516753709,0.7161199968352493,5.62,0.6484615384615384
0.5,2.0,12.0,24.0,20.0,1.0,20.0,40.0,0.926,1.006,0.966,0.9857087355671612,0.9839642791081035,5.62,0.8646153846153847
0.5,2.0,12.0,24.0,20.0,1.0,20.0,50.0,1.16,1.249,1.2045,1.2321359194589514,1.2686702582050988,5.62,1.0807692307692307
0.5,2.0,12.0,24.0,20.0,1.0,20.0,60.0,1.386,1.5,1.443,1.4785631033507418,1.5718819323700297,5.62,1.2969230769230768
0.46153846153846156,2.1666666666666665,12.0,26.0,20.0,1.0,16.0,10.0,0.282,0.304,0.293,0.2996563184841748,0.27740889899750193,5.5862721893491125,0.263503405157977
0.46153846153846156,2.1666666666666665,12.0,26.0,20.0,1.0,16.0,20.0,0.563,0.608,0.5854999999999999,0.5993126369683496,0.5730206181281376,5.5862721893491125,0.527006810315954
0.46153846153846156,2.1666666666666665,12.0,26.0,20.0,1.0,16.0,30.0,0.845,0.911,0.878,0.8989689554525243,0.888687561859554,5.5862721893491125,0.790510215473931
0.46153846153846156,2.1666666666666665,12.0,26.0,20.0,1.0,16.0,40.0,1.126,1.217,1.1715,1.1986252739366992,1.2265223059137618,5.5862721893491125,1.054013620631908
0.46153846153846156,2.1666666666666665,12.0,26.0,20.0,1.0,16.0,50.0,1.403,1.523,1.463,1.4982815924208739,1.5889449359530714,5.5862721893491125,1.3175170257898852
0.46153846153846156,2.1666666666666665,12.0,26.0,20.0,1.0,16.0,60.0,1.689,1.821,1.755,1.7979379109050486,1.9787411126469507,5.5862721893491125,1.581020430947862
0.46153846153846156,2.1666666666666665,12.0,26.0,20.0,1.0,18.0,10.0,0.252,0.274,0.263,0.2691827945705299,0.24839538706422035,5.5862721893491125,0.23670644870123358
0.46153846153846156,2.1666666666666665,12.0,26.0,20.0,1.0,18.0,20.0,0.504,0.547,0.5255000000000001,0.5383655891410598,0.5113352232450684,5.5862721893491125,0.47341289740246717
0.46153846153846156,2.1666666666666665,12.0,26.0,20.0,1.0,18.0,30.0,0.751,0.82,0.7855,0.8075483837115897,0.7901354812465414,5.5862721893491125,0.7101193461037008
0.46153846153846156,2.1666666666666665,12.0,26.0,20.0,1.0,18.0,40.0,1.007,1.095,1.051,1.0767311782821196,1.0862758286305676,5.5862721893491125,0.9468257948049343
0.46153846153846156,2.1666666666666665,12.0,26.0,20.0,1.0,18.0,50.0,1.268,1.367,1.3175,1.3459139728526492,1.4014258974022655,5.5862721893491125,1.183532243506168
0.46153846153846156,2.1666666666666665,12.0,26.0,20.0,1.0,18.0,60.0,1.503,1.639,1.571,1.6150967674231793,1.7374767802072624,5.5862721893491125,1.4202386922074015
0.46153846153846156,2.1666666666666665,12.0,26.0,20.0,1.0,20.0,10.0,0.229,0.249,0.239,0.2443351519947887,0.2248761460763679,5.5862721893491125,0.21485662266727357
0.46153846153846156,2.1666666666666665,12.0,26.0,20.0,1.0,20.0,20.0,0.458,0.497,0.47750000000000004,0.4886703039895774,0.4616399083797634,5.5862721893491125,0.42971324533454713
0.46153846153846156,2.1666666666666665,12.0,26.0,20.0,1.0,20.0,30.0,0.687,0.745,0.716,0.733005455984366,0.7112594998809791,5.5862721893491125,0.6445698680018206
0.46153846153846156,2.1666666666666665,12.0,26.0,20.0,1.0,20.0,40.0,0.917,0.994,0.9555,0.9773406079791548,0.9748112120865955,5.5862721893491125,0.8594264906690943
0.46153846153846156,2.1666666666666665,12.0,26.0,20.0,1.0,20.0,50.0,1.141,1.242,1.1915,1.2216757599739432,1.2534949285491173,5.5862721893491125,1.074283113336368
0.46153846153846156,2.1666666666666665,12.0,26.0,20.0,1.0,20.0,60.0,1.374,1.49,1.432,1.466010911968732,1.5486523895131195,5.5862721893491125,1.2891397360036412
0.42857142857142855,2.3333333333333335,12.0,28.0,20.0,1.0,16.0,10.0,0.281,0.3,0.2905,0.2974571474873267,0.2767808746648904,5.556938775510204,0.26211975356180206
0.42857142857142855,2.3333333333333335,12.0,28.0,20.0,1.0,16.0,20.0,0.562,0.601,0.5815,0.5949142949746534,0.570347428660783,5.556938775510204,0.5242395071236041
0.42857142857142855,2.3333333333333335,12.0,28.0,20.0,1.0,16.0,30.0,0.843,0.904,0.8734999999999999,0.8923714424619802,0.8822743914494658,5.556938775510204,0.7863592606854063
0.42857142857142855,2.3333333333333335,12.0,28.0,20.0,1.0,16.0,40.0,1.123,1.202,1.1625,1.1898285899493068,1.2143398262792966,5.556938775510204,1.0484790142472082
0.42857142857142855,2.3333333333333335,12.0,28.0,20.0,1.0,16.0,50.0,1.41,1.502,1.456,1.4872857374366335,1.568559043776051,5.556938775510204,1.3105987678090105
0.42857142857142855,2.3333333333333335,12.0,28.0,20.0,1.0,16.0,60.0,1.692,1.808,1.75,1.7847428849239604,1.947225537413549,5.556938775510204,1.5727185213708126
0.42857142857142855,2.3333333333333335,12.0,28.0,20.0,1.0,18.0,10.0,0.252,0.27,0.261,0.26720726808183587,0.24789174083329396,5.556938775510204,0.23546350743687305
0.42857142857142855,2.3333333333333335,12.0,28.0,20.0,1.0,18.0,20.0,0.504,0.541,0.5225,0.5344145361636717,0.5092055213433038,5.556938775510204,0.4709270148737461
0.42857142857142855,2.3333333333333335,12.0,28.0,20.0,1.0,18.0,30.0,0.756,0.809,0.7825,0.8016218042455077,0.7850617740526217,5.556938775510204,0.7063905223106192
0.42857142857142855,2.3333333333333335,12.0,28.0,20.0,1.0,18.0,40.0,1.009,1.082,1.0455,1.0688290723273435,1.0767092080986789,5.556938775510204,0.9418540297474922
0.42857142857142855,2.3333333333333335,12.0,28.0,20.0,1.0,18.0,50.0,1.261,1.349,1.305,1.3360363404091793,1.3855437078966197,5.556938775510204,1.1773175371843654
0.42857142857142855,2.3333333333333335,12.0,28.0,20.0,1.0,18.0,60.0,1.512,1.618,1.565,1.6032436084910153,1.7131306743891892,5.556938775510204,1.4127810446212383
0.42857142857142855,2.3333333333333335,12.0,28.0,20.0,1.0,20.0,10.0,0.229,0.245,0.237,0.2425419817973587,0.2244632804753235,5.556938775510204,0.21372841444270016
0.42857142857142855,2.3333333333333335,12.0,28.0,20.0,1.0,20.0,20.0,0.458,0.49,0.474,0.4850839635947174,0.45990334786591547,5.556938775510204,0.4274568288854003
0.42857142857142855,2.3333333333333335,12.0,28.0,20.0,1.0,20.0,30.0,0.686,0.736,0.7110000000000001,0.7276259453920761,0.7071455697695691,5.556938775510204,0.6411852433281005
0.42857142857142855,2.3333333333333335,12.0,28.0,20.0,1.0,20.0,40.0,0.916,0.98,0.948,0.9701679271894348,0.9671001892635203,5.556938775510204,0.8549136577708006
0.42857142857142855,2.3333333333333335,12.0,28.0,20.0,1.0,20.0,50.0,1.143,1.228,1.1855,1.2127099089867934,1.240773522843897,5.556938775510204,1.0686420722135008
0.42857142857142855,2.3333333333333335,12.0,28.0,20.0,1.0,20.0,60.0,1.371,1.472,1.4215,1.4552518907841523,1.5292809792763316,5.556938775510204,1.282370486656201
0.4,2.5,12.0,30.0,20.0,1.0,16.0,10.0,0.279,0.299,0.28900000000000003,0.2955511992900584,0.27623888253075046,5.531199999999999,0.26090566037735846
0.4,2.5,12.0,30.0,20.0,1.0,16.0,20.0,0.558,0.599,0.5785,0.5911023985801168,0.5680507579633226,5.531199999999999,0.5218113207547169
0.4,2.5,12.0,30.0,20.0,1.0,16.0,30.0,0.833,0.899,0.866,0.8866535978701752,0.876790716364869,5.531199999999999,0.7827169811320753
0.4,2.5,12.0,30.0,20.0,1.0,16.0,40.0,1.117,1.197,1.157,1.1822047971602336,1.2039757624130594,5.531199999999999,1.0436226415094338
0.4,2.5,12.0,30.0,20.0,1.0,16.0,50.0,1.392,1.49,1.4409999999999998,1.477755996450292,1.5513097432386427,5.531199999999999,1.3045283018867921
0.4,2.5,12.0,30.0,20.0,1.0,16.0,60.0,1.667,1.797,1.732,1.7733071957403503,1.9207130279493596,5.531199999999999,1.5654339622641507
0.4,2.5,12.0,30.0,20.0,1.0,18.0,10.0,0.249,0.268,0.2585,0.26549514512496775,0.24745689659782022,5.531199999999999,0.23437288135593215
0.4,2.5,12.0,30.0,20.0,1.0,18.0,20.0,0.496,0.535,0.5155000000000001,0.5309902902499355,0.5073740780464343,5.531199999999999,0.4687457627118643
0.4,2.5,12.0,30.0,20.0,1.0,18.0,30.0,0.75,0.803,0.7765,0.7964854353749031,0.7807169764292086,5.531199999999999,0.7031186440677966
0.4,2.5,12.0,30.0,20.0,1.0,18.0,40.0,0.996,1.071,1.0335,1.061980580499871,1.068553404529158,5.531199999999999,0.9374915254237286
0.4,2.5,12.0,30.0,20.0,1.0,18.0,50.0,1.25,1.344,1.2970000000000002,1.3274757256248386,1.3720674968217474,5.531199999999999,1.1718644067796609
0.4,2.5,12.0,30.0,20.0,1.0,18.0,60.0,1.5,1.606,1.553,1.5929708707498063,1.692575992225696,5.531199999999999,1.4062372881355931
0.4,2.5,12.0,30.0,20.0,1.0,20.0,10.0,0.228,0.244,0.236,0.24098790095958608,0.2241066879620688,5.531199999999999,0.21273846153846152
0.4,2.5,12.0,30.0,20.0,1.0,20.0,20.0,0.456,0.489,0.47250000000000003,0.48197580191917216,0.45840886247457113,5.531199999999999,0.42547692307692303
0.4,2.5,12.0,30.0,20.0,1.0,20.0,30.0,0.68,0.729,0.7045,0.7229637028787582,0.7036184666922628,5.531199999999999,0.6382153846153845
0.4,2.5,12.0,30.0,20.0,1.0,20.0,40.0,0.912,0.977,0.9445,0.9639516038383443,0.9605153093777882,5.531199999999999,0.8509538461538461
0.4,2.5,12.0,30.0,20.0,1.0,20.0,50.0,1.136,1.221,1.1785,1.2049395047979303,1.2299553488851294,5.531199999999999,1.0636923076923075
0.4,2.5,12.0,30.0,20.0,1.0,20.0,60.0,1.36,1.458,1.409,1.4459274057575164,1.5128802209240062,5.531199999999999,1.276430769230769
3.5,0.2857142857142857,14.0,4.0,20.0,1.0,16.0,10.0,0.327,0.364,0.34550000000000003,0.4364650601764686,0.29305532104078624,7.2,0.29508196721311475
3.5,0.2857142857142857,14.0,4.0,20.0,1.0,16.0,20.0,0.652,0.729,0.6905,0.8729301203529372,0.786179512380113,7.2,0.5901639344262295
3.5,0.2857142857142857,14.0,4.0,20.0,1.0,16.0,30.0,0.995,1.093,1.044,1.3093951805294057,1.7904338823136352,7.2,0.8852459016393442
3.5,0.2857142857142857,14.0,4.0,20.0,1.0,16.0,40.0,1.308,1.457,1.3825,1.7458602407058743,4.955433561710721,7.2,1.180327868852459
3.5,0.2857142857142857,14.0,4.0,20.0,1.0,16.0,50.0,1.615,1.817,1.716,2.1823253008823427,-81.72339639635808,7.2,1.4754098360655739
3.5,0.2857142857142857,14.0,4.0,20.0,1.0,16.0,60.0,1.99,2.187,2.0885,2.6187903610588115,-6.454675483171771,7.2,1.7704918032786885
3.5,0.2857142857142857,14.0,4.0,20.0,1.0,18.0,10.0,0.294,0.326,0.31,0.3915348333935968,0.25617686774029585,7.2,0.2647058823529412
3.5,0.2857142857142857,14.0,4.0,20.0,1.0,18.0,20.0,0.589,0.653,0.621,0.7830696667871936,0.6589403001953337,7.2,0.5294117647058824
3.5,0.2857142857142857,14.0,4.0,20.0,1.0,18.0,30.0,0.888,0.978,0.933,1.1746045001807903,1.3845304523512327,7.2,0.7941176470588235
3.5,0.2857142857142857,14.0,4.0,20.0,1.0,18.0,40.0,1.177,1.305,1.241,1.5661393335743872,3.080660559767399,7.2,1.0588235294117647
3.5,0.2857142857142857,14.0,4.0,20.0,1.0,18.0,50.0,1.474,1.631,1.5525,1.9576741669679838,11.626661019582077,7.2,1.3235294117647058
3.5,0.2857142857142857,14.0,4.0,20.0,1.0,18.0,60.0,1.777,1.956,1.8664999999999998,2.3492090003615806,-13.68829614868005,7.2,1.588235294117647
3.5,0.2857142857142857,14.0,4.0,20.0,1.0,20.0,10.0,0.267,0.297,0.28200000000000003,0.3549915822768611,0.22754261629850742,7.2,0.24
3.5,0.2857142857142857,14.0,4.0,20.0,1.0,20.0,20.0,0.534,0.593,0.5635,0.7099831645537222,0.5671499280266497,7.2,0.48
3.5,0.2857142857142857,14.0,4.0,20.0,1.0,20.0,30.0,0.798,0.889,0.8435,1.0649747468305832,1.1286564313820298,7.2,0.72
3.5,0.2857142857142857,14.0,4.0,20.0,1.0,20.0,40.0,1.068,1.186,1.127,1.4199663291074445,2.2350727738375826,7.2,0.96
3.5,0.2857142857142857,14.0,4.0,20.0,1.0,20.0,50.0,1.326,1.476,1.401,1.7749579113843053,5.427266136464631,7.2,1.2
3.5,0.2857142857142857,14.0,4.0,20.0,1.0,20.0,60.0,1.595,1.778,1.6865,2.1299494936611665,113.4271211386869,7.2,1.44
2.3333333333333335,0.42857142857142855,14.0,6.0,20.0,1.0,16.0,10.0,0.3,0.341,0.3205,0.3688455592433288,0.2701400246787332,6.609999999999999,0.27090163934426226
2.3333333333333335,0.42857142857142855,14.0,6.0,20.0,1.0,16.0,20.0,0.605,0.682,0.6435,0.7376911184866576,0.6404373235413992,6.609999999999999,0.5418032786885245
2.3333333333333335,0.42857142857142855,14.0,6.0,20.0,1.0,16.0,30.0,0.908,1.025,0.9664999999999999,1.1065366777299863,1.1792692685701696,6.609999999999999,0.8127049180327868
2.3333333333333335,0.42857142857142855,14.0,6.0,20.0,1.0,16.0,40.0,1.203,1.364,1.2835,1.4753822369733152,2.035591892507322,6.609999999999999,1.083606557377049
2.3333333333333335,0.42857142857142855,14.0,6.0,20.0,1.0,16.0,50.0,1.514,1.707,1.6105,1.8442277962166438,3.607210575950227,6.609999999999999,1.3545081967213115
2.3333333333333335,0.42857142857142855,14.0,6.0,20.0,1.0,16.0,60.0,1.845,2.049,1.947,2.2130733554599726,7.433150342566081,6.609999999999999,1.6254098360655735
2.3333333333333335,0.42857142857142855,14.0,6.0,20.0,1.0,18.0,10.0,0.276,0.306,0.29100000000000004,0.33087616343886844,0.23849204388284834,6.609999999999999,0.2430147058823529
2.3333333333333335,0.42857142857142855,14.0,6.0,20.0,1.0,18.0,20.0,0.551,0.613,0.5820000000000001,0.6617523268777369,0.5533890130572815,6.609999999999999,0.4860294117647058
2.3333333333333335,0.42857142857142855,14.0,6.0,20.0,1.0,18.0,30.0,0.816,0.912,0.864,0.9926284903166054,0.9884104502930006,6.609999999999999,0.7290441176470588
2.3333333333333335,0.42857142857142855,14.0,6.0,20.0,1.0,18.0,40.0,1.103,1.225,1.1640000000000001,1.3235046537554738,1.628493095977054,6.609999999999999,0.9720588235294116
2.3333333333333335,0.42857142857142855,14.0,6.0,20.0,1.0,18.0,50.0,1.377,1.53,1.4535,1.6543808171943422,2.663341875938917,6.609999999999999,1.2150735294117647
2.3333333333333335,0.42857142857142855,14.0,6.0,20.0,1.0,18.0,60.0,1.633,1.827,1.73,1.9852569806332108,4.620990839651099,6.609999999999999,1.4580882352941176
2.3333333333333335,0.42857142857142855,14.0,6.0,20.0,1.0,20.0,10.0,0.245,0.276,0.2605,0.2999943881845741,0.2134817999770132,6.609999999999999,0.22033333333333333
2.3333333333333335,0.42857142857142855,14.0,6.0,20.0,1.0,20.0,20.0,0.49,0.552,0.521,0.5999887763691482,0.48717247712302,6.609999999999999,0.44066666666666665
2.3333333333333335,0.42857142857142855,14.0,6.0,20.0,1.0,20.0,30.0,0.732,0.828,0.78,0.8999831645537222,0.8507248920399745,6.609999999999999,0.6609999999999999
2.3333333333333335,0.42857142857142855,14.0,6.0,20.0,1.0,20.0,40.0,0.979,1.104,1.0415,1.1999775527382963,1.357088459071793,6.609999999999999,0.8813333333333333
2.3333333333333335,0.42857142857142855,14.0,6.0,20.0,1.0,20.0,50.0,1.232,1.388,1.31,1.4999719409228702,2.1109794841418563,6.609999999999999,1.1016666666666666
2.3333333333333335,0.42857142857142855,14.0,6.0,20.0,1.0,20.0,60.0,1.463,1.657,1.56,1.7999663291074444,3.352609160756374,6.609999999999999,1.3219999999999998
1.75,0.5714285714285714,14.0,8.0,20.0,1.0,16.0,10.0,0.293,0.323,0.308,0.33503580877675887,0.2599756977855552,6.42625,0.26337090163934423
1.75,0.5714285714285714,14.0,8.0,20.0,1.0,16.0,20.0,0.586,0.645,0.6154999999999999,0.6700716175535177,0.5861106420815725,6.42625,0.5267418032786885
1.75,0.5714285714285714,14.0,8.0,20.0,1.0,16.0,30.0,0.85,0.974,0.9119999999999999,1.0051074263302766,1.007341291404749,6.42625,0.7901127049180328
1.75,0.5714285714285714,14.0,8.0,20.0,1.0,16.0,40.0,1.176,1.29,1.233,1.3401432351070355,1.572359024760226,6.42625,1.053483606557377
1.75,0.5714285714285714,14.0,8.0,20.0,1.0,16.0,50.0,1.412,1.615,1.5135,1.6751790438837941,2.3699379450219693,6.42625,1.3168545081967213
1.75,0.5714285714285714,14.0,8.0,20.0,1.0,16.0,60.0,1.7,1.948,1.8239999999999998,2.010214852660553,3.5808677646272704,6.42625,1.5802254098360655
1.75,0.5714285714285714,14.0,8.0,20.0,1.0,18.0,10.0,0.257,0.289,0.273,0.30054682846150427,0.23053471754655638,6.42625,0.23625919117647054
1.75,0.5714285714285714,14.0,8.0,20.0,1.0,18.0,20.0,0.511,0.579,0.5449999999999999,0.6010936569230085,0.5123537354805917,6.42625,0.4725183823529411
1.75,0.5714285714285714,14.0,8.0,20.0,1.0,18.0,30.0,0.78,0.87,0.825,0.9016404853845128,0.8647116282862864,6.42625,0.7087775735294117
1.75,0.5714285714285714,14.0,8.0,20.0,1.0,18.0,40.0,1.023,1.157,1.0899999999999999,1.202187313846017,1.3178806003906673,6.42625,0.9450367647058822
1.75,0.5714285714285714,14.0,8.0,20.0,1.0,18.0,50.0,1.272,1.457,1.3645,1.5027341423075213,1.9223464665413201,6.42625,1.181295955882353
1.75,0.5714285714285714,14.0,8.0,20.0,1.0,18.0,60.0,1.559,1.74,1.6495,1.8032809707690256,2.7690609047024655,6.42625,1.4175551470588235
1.75,0.5714285714285714,14.0,8.0,20.0,1.0,20.0,10.0,0.238,0.263,0.2505,0.27249579113843053,0.20708351870750563,6.42625,0.2142083333333333
1.75,0.5714285714285714,14.0,8.0,20.0,1.0,20.0,20.0,0.476,0.526,0.501,0.5449915822768611,0.45508523259701483,6.42625,0.4284166666666666
1.75,0.5714285714285714,14.0,8.0,20.0,1.0,20.0,30.0,0.706,0.788,0.747,0.8174873734152917,0.7574623732055565,6.42625,0.642625
1.75,0.5714285714285714,14.0,8.0,20.0,1.0,20.0,40.0,0.953,1.052,1.0025,1.0899831645537221,1.1342998560532993,6.42625,0.8568333333333332
1.75,0.5714285714285714,14.0,8.0,20.0,1.0,20.0,50.0,1.196,1.314,1.255,1.3624789556921526,1.616963356809092,6.42625,1.0710416666666667
1.75,0.5714285714285714,14.0,8.0,20.0,1.0,20.0,60.0,1.412,1.577,1.4945,1.6349747468305833,2.2573128627640595,6.42625,1.28525
1.4,0.7142857142857143,14.0,10.0,20.0,1.0,16.0,10.0,0.285,0.311,0.298,0.3147499584968169,0.2542361426818228,6.257199999999999,0.2564426229508196
1.4,0.7142857142857143,14.0,10.0,20.0,1.0,16.0,20.0,0.571,0.622,0.5965,0.6294999169936338,0.5577244288416872,6.257199999999999,0.5128852459016392
1.4,0.7142857142857143,14.0,10.0,20.0,1.0,16.0,30.0,0.849,0.937,0.893,0.9442498754904508,0.9263119876618263,6.257199999999999,0.769327868852459
1.4,0.7142857142857143,14.0,10.0,20.0,1.0,16.0,40.0,1.141,1.244,1.1925,1.2589998339872677,1.3834612264264734,6.257199999999999,1.0257704918032784
1.4,0.7142857142857143,14.0,10.0,20.0,1.0,16.0,50.0,1.422,1.555,1.4885,1.5737497924840846,1.9654487809502825,6.257199999999999,1.2822131147540983
1.4,0.7142857142857143,14.0,10.0,20.0,1.0,16.0,60.0,1.709,1.875,1.792,1.8884997509809016,2.7314971649316284,6.257199999999999,1.538655737704918
1.4,0.7142857142857143,14.0,10.0,20.0,1.0,18.0,10.0,0.252,0.279,0.2655,0.2823492274750858,0.22601019706997674,6.257199999999999,0.2300441176470588
1.4,0.7142857142857143,14.0,10.0,20.0,1.0,18.0,20.0,0.505,0.558,0.5315000000000001,0.5646984549501716,0.4905292986507805,6.257199999999999,0.4600882352941176
1.4,0.7142857142857143,14.0,10.0,20.0,1.0,18.0,30.0,0.755,0.837,0.796,0.8470476824252573,0.8043159107097134,6.257199999999999,0.6901323529411764
1.4,0.7142857142857143,14.0,10.0,20.0,1.0,18.0,40.0,1.003,1.116,1.0594999999999999,1.1293969099003431,1.1825478314682727,6.257199999999999,0.9201764705882352
1.4,0.7142857142857143,14.0,10.0,20.0,1.0,18.0,50.0,1.276,1.39,1.333,1.411746137375429,1.6473507504883342,6.257199999999999,1.150220588235294
1.4,0.7142857142857143,14.0,10.0,20.0,1.0,18.0,60.0,1.51,1.675,1.5925,1.6940953648505146,2.232287667354594,6.257199999999999,1.3802647058823527
1.4,0.7142857142857143,14.0,10.0,20.0,1.0,20.0,10.0,0.232,0.253,0.2425,0.2559966329107444,0.20342539084427427,6.257199999999999,0.2085733333333333
1.4,0.7142857142857143,14.0,10.0,20.0,1.0,20.0,20.0,0.465,0.506,0.48550000000000004,0.5119932658214889,0.4377846219818043,6.257199999999999,0.4171466666666666
1.4,0.7142857142857143,14.0,10.0,20.0,1.0,20.0,30.0,0.694,0.762,0.728,0.7679898987322333,0.7107142405051758,6.257199999999999,0.6257199999999999
1.4,0.7142857142857143,14.0,10.0,20.0,1.0,20.0,40.0,0.93,1.012,0.9710000000000001,1.0239865316429777,1.032589799880323,6.257199999999999,0.8342933333333332
1.4,0.7142857142857143,14.0,10.0,20.0,1.0,20.0,50.0,1.16,1.266,1.213,1.2799831645537223,1.417874820066624,6.257199999999999,1.0428666666666666
1.4,0.7142857142857143,14.0,10.0,20.0,1.0,20.0,60.0,1.388,1.524,1.456,1.5359797974644667,1.8873540904998718,6.257199999999999,1.2514399999999999
1.1666666666666667,0.8571428571428571,14.0,12.0,20.0,1.0,16.0,10.0,0.272,0.302,0.28700000000000003,0.30122605831018895,0.25054852349533907,6.12,0.25081967213114753
1.1666666666666667,0.8571428571428571,14.0,12.0,20.0,1.0,16.0,20.0,0.545,0.604,0.5745,0.6024521166203779,0.5402800493574664,6.12,0.5016393442622951
1.1666666666666667,0.8571428571428571,14.0,12.0,20.0,1.0,16.0,30.0,0.811,0.905,0.8580000000000001,0.9036781749305669,0.8791659631223588,6.12,0.7524590163934426
1.1666666666666667,0.8571428571428571,14.0,12.0,20.0,1.0,16.0,40.0,1.089,1.207,1.1480000000000001,1.2049042332407558,1.2808746470827983,6.12,1.0032786885245901
1.1666666666666667,0.8571428571428571,14.0,12.0,20.0,1.0,16.0,50.0,1.343,1.511,1.427,1.506130291550945,1.7646598934414324,6.12,1.2540983606557377
1.1666666666666667,0.8571428571428571,14.0,12.0,20.0,1.0,16.0,60.0,1.622,1.811,1.7165,1.8073563498611338,2.358538537140339,6.12,1.5049180327868852
1.1666666666666667,0.8571428571428571,14.0,12.0,20.0,1.0,18.0,10.0,0.247,0.271,0.259,0.2702174934841401,0.22309124151847132,6.12,0.225
1.1666666666666667,0.8571428571428571,14.0,12.0,20.0,1.0,18.0,20.0,0.494,0.541,0.5175000000000001,0.5404349869682802,0.4769840877656967,6.12,0.45
1.1666666666666667,0.8571428571428571,14.0,12.0,20.0,1.0,18.0,30.0,0.741,0.813,0.7769999999999999,0.8106524804524203,0.7685306032208876,6.12,0.6749999999999999
1.1666666666666667,0.8571428571428571,14.0,12.0,20.0,1.0,18.0,40.0,0.987,1.082,1.0345,1.0808699739365604,1.106778026114563,6.12,0.9
1.1666666666666667,0.8571428571428571,14.0,12.0,20.0,1.0,18.0,50.0,1.198,1.355,1.2765,1.3510874674207005,1.5039243809523464,6.12,1.125
1.1666666666666667,0.8571428571428571,14.0,12.0,20.0,1.0,18.0,60.0,1.481,1.625,1.553,1.6213049609048407,1.9768209005860011,6.12,1.3499999999999999
1.1666666666666667,0.8571428571428571,14.0,12.0,20.0,1.0,20.0,10.0,0.22,0.246,0.23299999999999998,0.24499719409228704,0.20105760407504547,6.12,0.20400000000000001
1.1666666666666667,0.8571428571428571,14.0,12.0,20.0,1.0,20.0,20.0,0.439,0.493,0.46599999999999997,0.4899943881845741,0.4269635999540264,6.12,0.40800000000000003
1.1666666666666667,0.8571428571428571,14.0,12.0,20.0,1.0,20.0,30.0,0.655,0.74,0.6975,0.7349915822768611,0.6826278488955223,6.12,0.612
1.1666666666666667,0.8571428571428571,14.0,12.0,20.0,1.0,20.0,40.0,0.879,0.986,0.9325,0.9799887763691482,0.97434495424604,6.12,0.8160000000000001
1.1666666666666667,0.8571428571428571,14.0,12.0,20.0,1.0,20.0,50.0,1.099,1.229,1.1640000000000001,1.2249859704614352,1.3103194714792312,6.12,1.02
1.1666666666666667,0.8571428571428571,14.0,12.0,20.0,1.0,20.0,60.0,1.309,1.48,1.3944999999999999,1.4699831645537222,1.701449784079949,6.12,1.224
1.0,1.0,14.0,14.0,20.0,1.0,16.0,10.0,0.271,0.295,0.28300000000000003,0.2915661296054547,0.24797933346623743,6.01,0.24631147540983606
1.0,1.0,14.0,14.0,20.0,1.0,16.0,20.0,0.542,0.589,0.5655,0.5831322592109094,0.5284732859270406,6.01,0.4926229508196721
1.0,1.0,14.0,14.0,20.0,1.0,16.0,30.0,0.794,0.885,0.8395,0.8746983888163642,0.848325404859602,6.01,0.7389344262295081
1.0,1.0,14.0,14.0,20.0,1.0,16.0,40.0,1.083,1.178,1.1305,1.1662645184218188,1.2164446834855622,6.01,0.9852459016393442
1.0,1.0,14.0,14.0,20.0,1.0,16.0,50.0,1.319,1.474,1.3965,1.4578306480272736,1.6446483655533337,6.01,1.2315573770491803
1.0,1.0,14.0,14.0,20.0,1.0,16.0,60.0,1.587,1.771,1.6789999999999998,1.7493967776327284,2.1489541099796683,6.01,1.4778688524590162
1.0,1.0,14.0,14.0,20.0,1.0,18.0,10.0,0.241,0.265,0.253,0.2615519692048932,0.22105201304554734,6.01,0.22095588235294117
1.0,1.0,14.0,14.0,20.0,1.0,18.0,20.0,0.482,0.531,0.5065,0.5231039384097864,0.46775807447270795,6.01,0.44191176470588234
1.0,1.0,14.0,14.0,20.0,1.0,18.0,30.0,0.722,0.792,0.757,0.7846559076146796,0.7448591872849105,6.01,0.6628676470588235
1.0,1.0,14.0,14.0,20.0,1.0,18.0,40.0,0.963,1.061,1.012,1.0462078768195728,1.0583412591665153,6.01,0.8838235294117647
1.0,1.0,14.0,14.0,20.0,1.0,18.0,50.0,1.223,1.325,1.274,1.307759846024466,1.4158724235158386,6.01,1.1047794117647058
1.0,1.0,14.0,14.0,20.0,1.0,18.0,60.0,1.445,1.585,1.5150000000000001,1.5693118152293593,1.8274386424876603,6.01,1.325735294117647
1.0,1.0,14.0,14.0,20.0,1.0,20.0,10.0,0.214,0.239,0.22649999999999998,0.23714045207910317,0.19939979655403858,6.01,0.2003333333333333
1.0,1.0,14.0,14.0,20.0,1.0,20.0,20.0,0.427,0.479,0.45299999999999996,0.47428090415820634,0.41955613141491765,6.01,0.4006666666666666
1.0,1.0,14.0,14.0,20.0,1.0,20.0,30.0,0.662,0.72,0.6910000000000001,0.7114213562373095,0.6638879316890474,6.01,0.601
1.0,1.0,14.0,14.0,20.0,1.0,20.0,40.0,0.854,0.958,0.9059999999999999,0.9485618083164127,0.9366086139267584,6.01,0.8013333333333332
1.0,1.0,14.0,14.0,20.0,1.0,20.0,50.0,1.101,1.202,1.1515,1.1857022603955159,1.242971097221372,6.01,1.0016666666666667
1.0,1.0,14.0,14.0,20.0,1.0,20.0,60.0,1.331,1.44,1.3855,1.422842712474619,1.5896094480663758,6.01,1.202
0.875,1.1428571428571428,14.0,16.0,20.0,1.0,16.0,10.0,0.26,0.288,0.274,0.284321183076904,0.2460867550490538,5.9209375,0.2426613729508197
0.875,1.1428571428571428,14.0,16.0,20.0,1.0,16.0,20.0,0.519,0.576,0.5475,0.568642366153808,0.5199513955711104,5.9209375,0.4853227459016394
0.875,1.1428571428571428,14.0,16.0,20.0,1.0,16.0,30.0,0.791,0.864,0.8275,0.8529635492307122,0.8265785352044281,5.9209375,0.7279841188524591
0.875,1.1428571428571428,14.0,16.0,20.0,1.0,16.0,40.0,1.039,1.152,1.0955,1.137284732307616,1.172221284163145,5.9209375,0.9706454918032787
0.875,1.1428571428571428,14.0,16.0,20.0,1.0,16.0,50.0,1.312,1.44,1.376,1.42160591538452,1.5648321777816785,5.9209375,1.2133068647540983
0.875,1.1428571428571428,14.0,16.0,20.0,1.0,16.0,60.0,1.581,1.728,1.6545,1.7059270984614243,2.014682582809498,5.9209375,1.4559682377049181
0.875,1.1428571428571428,14.0,16.0,20.0,1.0,18.0,10.0,0.232,0.258,0.245,0.25505282599545803,0.21954689029804375,5.9209375,0.21768152573529412
0.875,1.1428571428571428,14.0,16.0,20.0,1.0,18.0,20.0,0.465,0.517,0.491,0.5101056519909161,0.46106943509311277,5.9209375,0.43536305147058824
0.875,1.1428571428571428,14.0,16.0,20.0,1.0,18.0,30.0,0.7,0.775,0.7375,0.7651584779863742,0.7280409626370075,5.9209375,0.6530445772058824
0.875,1.1428571428571428,14.0,16.0,20.0,1.0,18.0,40.0,0.929,1.034,0.9815,1.0202113039818321,1.0247074709611834,5.9209375,0.8707261029411765
0.875,1.1428571428571428,14.0,16.0,20.0,1.0,18.0,50.0,1.177,1.293,1.2349999999999999,1.27526412997729,1.3563151390505717,5.9209375,1.0884076286764706
0.875,1.1428571428571428,14.0,16.0,20.0,1.0,18.0,60.0,1.4,1.55,1.475,1.5303169559727483,1.729423256572573,5.9209375,1.3060891544117648
0.875,1.1428571428571428,14.0,16.0,20.0,1.0,20.0,10.0,0.213,0.234,0.2235,0.23124789556921527,0.1981742716620203,5.9209375,0.19736458333333334
0.875,1.1428571428571428,14.0,16.0,20.0,1.0,20.0,20.0,0.426,0.469,0.4475,0.46249579113843053,0.41416703741501126,5.9209375,0.3947291666666667
0.875,1.1428571428571428,14.0,16.0,20.0,1.0,20.0,30.0,0.633,0.703,0.6679999999999999,0.6937436867076459,0.6504945999856382,5.9209375,0.5920937500000001
0.875,1.1428571428571428,14.0,16.0,20.0,1.0,20.0,40.0,0.858,0.938,0.8979999999999999,0.9249915822768611,0.9101704651940297,5.9209375,0.7894583333333334
0.875,1.1428571428571428,14.0,16.0,20.0,1.0,20.0,50.0,1.054,1.172,1.113,1.1562394778460763,1.1968345281548014,5.9209375,0.9868229166666667
0.875,1.1428571428571428,14.0,16.0,20.0,1.0,20.0,60.0,1.265,1.406,1.3355,1.3874873734152917,1.514924746411113,5.9209375,1.1841875000000002
0.7777777777777778,1.2857142857142858,14.0,18.0,20.0,1.0,16.0,10.0,0.259,0.283,0.271,0.27868622466580906,0.244634603929509,5.847777777777777,0.2396630236794171
0.7777777777777778,1.2857142857142858,14.0,18.0,20.0,1.0,16.0,20.0,0.517,0.565,0.5409999999999999,0.5573724493316181,0.513510917361723,5.847777777777777,0.4793260473588342
0.7777777777777778,1.2857142857142858,14.0,18.0,20.0,1.0,16.0,30.0,0.775,0.849,0.812,0.8360586739974272,0.8104200740361995,5.847777777777777,0.7189890710382513
0.7777777777777778,1.2857142857142858,14.0,18.0,20.0,1.0,16.0,40.0,1.035,1.131,1.083,1.1147448986632362,1.1399872052044329,5.847777777777777,0.9586520947176684
0.7777777777777778,1.2857142857142858,14.0,18.0,20.0,1.0,16.0,50.0,1.285,1.418,1.3515,1.3934311233290453,1.5079141213340552,5.847777777777777,1.1983151183970855
0.7777777777777778,1.2857142857142858,14.0,18.0,20.0,1.0,16.0,60.0,1.55,1.699,1.6245,1.6721173479948543,1.9213119706241975,5.847777777777777,1.4379781420765025
0.7777777777777778,1.2857142857142858,14.0,18.0,20.0,1.0,18.0,10.0,0.233,0.254,0.2435,0.249997936832564,0.21839033503208774,5.847777777777777,0.21499183006535946
0.7777777777777778,1.2857142857142858,14.0,18.0,20.0,1.0,18.0,20.0,0.465,0.508,0.48650000000000004,0.499995873665128,0.45599795281892336,5.847777777777777,0.4299836601307189
0.7777777777777778,1.2857142857142858,14.0,18.0,20.0,1.0,18.0,30.0,0.697,0.764,0.7304999999999999,0.749993810497692,0.7154761316485451,5.847777777777777,0.6449754901960784
0.7777777777777778,1.2857142857142858,14.0,18.0,20.0,1.0,18.0,40.0,0.93,1.016,0.9730000000000001,0.999991747330256,0.9999901548067078,5.847777777777777,0.8599673202614379
0.7777777777777778,1.2857142857142858,14.0,18.0,20.0,1.0,18.0,50.0,1.157,1.269,1.213,1.24998968416282,1.3133470731304964,5.847777777777777,1.0749591503267972
0.7777777777777778,1.2857142857142858,14.0,18.0,20.0,1.0,18.0,60.0,1.394,1.527,1.4605,1.499987620995384,1.6601670391718446,5.847777777777777,1.2899509803921567
0.7777777777777778,1.2857142857142858,14.0,18.0,20.0,1.0,20.0,10.0,0.211,0.231,0.221,0.22666479606152468,0.19723145092508693,5.847777777777777,0.19492592592592592
0.7777777777777778,1.2857142857142858,14.0,18.0,20.0,1.0,20.0,20.0,0.422,0.461,0.4415,0.45332959212304935,0.41007028687858876,5.847777777777777,0.38985185185185184
0.7777777777777778,1.2857142857142858,14.0,18.0,20.0,1.0,20.0,30.0,0.632,0.69,0.661,0.679994388184574,0.6404453999310395,5.847777777777777,0.5847777777777777
0.7777777777777778,1.2857142857142858,14.0,18.0,20.0,1.0,20.0,40.0,0.843,0.922,0.8825000000000001,0.9066591842460987,0.8906171906573608,5.847777777777777,0.7797037037037037
0.7777777777777778,1.2857142857142858,14.0,18.0,20.0,1.0,20.0,50.0,1.062,1.155,1.1085,1.1333239803076234,1.1632519837644353,5.847777777777777,0.9746296296296295
0.7777777777777778,1.2857142857142858,14.0,18.0,20.0,1.0,20.0,60.0,1.266,1.38,1.323,1.359988776369148,1.46151743136906,5.847777777777777,1.1695555555555555
0.7,1.4285714285714286,14.0,20.0,20.0,1.0,16.0,10.0,0.255,0.279,0.267,0.274178257936933,0.24348516456453556,5.7868,0.23716393442622952
0.7,1.4285714285714286,14.0,20.0,20.0,1.0,16.0,20.0,0.509,0.558,0.5335000000000001,0.548356515873866,0.5084722853636456,5.7868,0.47432786885245903
0.7,1.4285714285714286,14.0,20.0,20.0,1.0,16.0,30.0,0.764,0.837,0.8005,0.8225347738107992,0.7979411617704127,5.7868,0.7114918032786886
0.7,1.4285714285714286,14.0,20.0,20.0,1.0,16.0,40.0,1.019,1.115,1.067,1.096713031747732,1.1154488576833743,5.7868,0.9486557377049181
0.7,1.4285714285714286,14.0,20.0,20.0,1.0,16.0,50.0,1.282,1.393,1.3375,1.3708912896846652,1.4652766052039314,5.7868,1.1858196721311476
0.7,1.4285714285714286,14.0,20.0,20.0,1.0,16.0,60.0,1.532,1.673,1.6025,1.6450695476215984,1.8526239753236526,5.7868,1.422983606557377
0.7,1.4285714285714286,14.0,20.0,20.0,1.0,18.0,10.0,0.229,0.251,0.24,0.24595402550224876,0.2174738274014951,5.7868,0.21275
0.7,1.4285714285714286,14.0,20.0,20.0,1.0,18.0,20.0,0.458,0.501,0.47950000000000004,0.4919080510044975,0.4520203941399535,5.7868,0.4255
0.7,1.4285714285714286,14.0,20.0,20.0,1.0,18.0,30.0,0.685,0.755,0.72,0.7378620765067464,0.7057322768526413,5.7868,0.6382500000000001
0.7,1.4285714285714286,14.0,20.0,20.0,1.0,18.0,40.0,0.917,1.002,0.9595,0.983816102008995,0.981058597301561,5.7868,0.851
0.7,1.4285714285714286,14.0,20.0,20.0,1.0,18.0,50.0,1.145,1.25,1.1975,1.2297701275112438,1.2808843387014794,5.7868,1.0637500000000002
0.7,1.4285714285714286,14.0,20.0,20.0,1.0,18.0,60.0,1.371,1.509,1.44,1.4757241530134928,1.6086318214194268,5.7868,1.2765000000000002
0.7,1.4285714285714286,14.0,20.0,20.0,1.0,20.0,10.0,0.208,0.227,0.2175,0.2229983164553722,0.19648362896695143,5.7868,0.19289333333333333
0.7,1.4285714285714286,14.0,20.0,20.0,1.0,20.0,20.0,0.416,0.453,0.4345,0.4459966329107444,0.40685078168854855,5.7868,0.38578666666666667
0.7,1.4285714285714286,14.0,20.0,20.0,1.0,20.0,30.0,0.624,0.679,0.6515,0.6689949493661167,0.6326268644099036,5.7868,0.5786800000000001
0.7,1.4285714285714286,14.0,20.0,20.0,1.0,20.0,40.0,0.832,0.906,0.869,0.8919932658214887,0.8755692439636086,5.7868,0.7715733333333333
0.7,1.4285714285714286,14.0,20.0,20.0,1.0,20.0,50.0,1.04,1.134,1.087,1.114991582276861,1.1377130814925371,5.7868,0.9644666666666668
0.7,1.4285714285714286,14.0,20.0,20.0,1.0,20.0,60.0,1.249,1.359,1.304,1.3379898987322334,1.4214284810103517,5.7868,1.1573600000000002
0.6363636363636364,1.5714285714285714,14.0,22.0,20.0,1.0,16.0,10.0,0.248,0.276,0.262,0.2704899215223982,0.24255271758414937,5.735289256198347,0.2350528383687847
0.6363636363636364,1.5714285714285714,14.0,22.0,20.0,1.0,16.0,20.0,0.498,0.551,0.5245,0.5409798430447964,0.5044227291596722,5.735289256198347,0.4701056767375694
0.6363636363636364,1.5714285714285714,14.0,22.0,20.0,1.0,16.0,30.0,0.766,0.826,0.796,0.8114697645671946,0.7880134311260967,5.735289256198347,0.7051585151063542
0.6363636363636364,1.5714285714285714,14.0,22.0,20.0,1.0,16.0,40.0,1.018,1.102,1.06,1.0819596860895928,1.0961441674425294,5.735289256198347,0.9402113534751388
0.6363636363636364,1.5714285714285714,14.0,22.0,20.0,1.0,16.0,50.0,1.255,1.377,1.3159999999999998,1.3524496076119907,1.4321442822374653,5.735289256198347,1.1752641918439235
0.6363636363636364,1.5714285714285714,14.0,22.0,20.0,1.0,16.0,60.0,1.494,1.653,1.5735000000000001,1.622939529134389,1.7999739014090652,5.735289256198347,1.4103170302127084
0.6363636363636364,1.5714285714285714,14.0,22.0,20.0,1.0,18.0,10.0,0.224,0.247,0.2355,0.2426453707774454,0.21672965965359053,5.735289256198347,0.21085622265435097
0.6363636363636364,1.5714285714285714,14.0,22.0,20.0,1.0,18.0,20.0,0.448,0.493,0.47050000000000003,0.4852907415548908,0.4488172750094942,5.735289256198347,0.42171244530870194
0.6363636363636364,1.5714285714285714,14.0,22.0,20.0,1.0,18.0,30.0,0.682,0.742,0.712,0.7279361123323362,0.6979552596105938,5.735289256198347,0.632568667963053
0.6363636363636364,1.5714285714285714,14.0,22.0,20.0,1.0,18.0,40.0,0.896,0.987,0.9415,0.9705814831097817,0.9660941765978692,5.735289256198347,0.8434248906174039
0.6363636363636364,1.5714285714285714,14.0,22.0,20.0,1.0,18.0,50.0,1.115,1.236,1.1755,1.2132268538872268,1.2554939106125644,5.735289256198347,1.0542811132717549
0.6363636363636364,1.5714285714285714,14.0,22.0,20.0,1.0,18.0,60.0,1.364,1.483,1.4235000000000002,1.4558722246646725,1.568787514500309,5.735289256198347,1.265137335926106
0.6363636363636364,1.5714285714285714,14.0,22.0,20.0,1.0,20.0,10.0,0.201,0.224,0.21250000000000002,0.21999846950488386,0.19587597960079367,5.735289256198347,0.19117630853994488
0.6363636363636364,1.5714285714285714,14.0,22.0,20.0,1.0,20.0,20.0,0.403,0.449,0.42600000000000005,0.4399969390097677,0.40425400274728324,5.735289256198347,0.38235261707988977
0.6363636363636364,1.5714285714285714,14.0,22.0,20.0,1.0,20.0,30.0,0.604,0.673,0.6385000000000001,0.6599954085146515,0.626370465966135,5.735289256198347,0.5735289256198347
0.6363636363636364,1.5714285714285714,14.0,22.0,20.0,1.0,20.0,40.0,0.815,0.897,0.856,0.8799938780195354,0.8636303555361758,5.735289256198347,0.7647052341597795
0.6363636363636364,1.5714285714285714,14.0,22.0,20.0,1.0,20.0,50.0,1.015,1.12,1.0675,1.099992347524419,1.1176369968354982,5.735289256198347,0.9558815426997245
0.6363636363636364,1.5714285714285714,14.0,22.0,20.0,1.0,20.0,60.0,1.208,1.346,1.2770000000000001,1.319990817029303,1.3902283336267685,5.735289256198347,1.1470578512396694
0.5833333333333334,1.7142857142857142,14.0,24.0,20.0,1.0,16.0,10.0,0.25,0.273,0.2615,0.2674163078436191,0.24178111659671267,5.691249999999999,0.23324795081967212
0.5833333333333334,1.7142857142857142,14.0,24.0,20.0,1.0,16.0,20.0,0.5,0.545,0.5225,0.5348326156872382,0.5010970469906781,5.691249999999999,0.46649590163934423
0.5833333333333334,1.7142857142857142,14.0,24.0,20.0,1.0,16.0,30.0,0.749,0.82,0.7845,0.8022489235308572,0.7799270933566657,5.691249999999999,0.6997438524590163
0.5833333333333334,1.7142857142857142,14.0,24.0,20.0,1.0,16.0,40.0,0.999,1.09,1.0445,1.0696652313744763,1.0805600987149329,5.691249999999999,0.9329918032786885
0.5833333333333334,1.7142857142857142,14.0,24.0,20.0,1.0,16.0,50.0,1.25,1.366,1.308,1.3370815392180955,1.4056574199321958,5.691249999999999,1.1662397540983604
0.5833333333333334,1.7142857142857142,14.0,24.0,20.0,1.0,16.0,60.0,1.499,1.639,1.569,1.6044978470617144,1.7583319262447177,5.691249999999999,1.3994877049180325
0.5833333333333334,1.7142857142857142,14.0,24.0,20.0,1.0,18.0,10.0,0.22,0.244,0.23199999999999998,0.23988815850677594,0.21611339920705952,5.691249999999999,0.20923713235294117
0.5833333333333334,1.7142857142857142,14.0,24.0,20.0,1.0,18.0,20.0,0.441,0.488,0.4645,0.4797763170135519,0.44618248303694263,5.691249999999999,0.41847426470588234
0.5833333333333334,1.7142857142857142,14.0,24.0,20.0,1.0,18.0,30.0,0.672,0.734,0.7030000000000001,0.7196644755203279,0.6916041526396691,5.691249999999999,0.6277113970588235
0.5833333333333334,1.7142857142857142,14.0,24.0,20.0,1.0,18.0,40.0,0.881,0.976,0.9285,0.9595526340271038,0.9539681755313933,5.691249999999999,0.8369485294117647
0.5833333333333334,1.7142857142857142,14.0,24.0,20.0,1.0,18.0,50.0,1.108,1.224,1.166,1.1994407925338797,1.2350916612571445,5.691249999999999,1.0461856617647056
0.5833333333333334,1.7142857142857142,14.0,24.0,20.0,1.0,18.0,60.0,1.344,1.468,1.4060000000000001,1.4393289510406557,1.5370612064417752,5.691249999999999,1.255422794117647
0.5833333333333334,1.7142857142857142,14.0,24.0,20.0,1.0,20.0,10.0,0.204,0.222,0.213,0.21749859704614352,0.195372468793256,5.691249999999999,0.1897083333333333
0.5833333333333334,1.7142857142857142,14.0,24.0,20.0,1.0,20.0,20.0,0.407,0.444,0.4255,0.43499719409228704,0.40211520815009094,5.691249999999999,0.3794166666666666
0.5833333333333334,1.7142857142857142,14.0,24.0,20.0,1.0,20.0,30.0,0.611,0.666,0.6385000000000001,0.6524957911384306,0.6212505561225169,5.691249999999999,0.569125
0.5833333333333334,1.7142857142857142,14.0,24.0,20.0,1.0,20.0,40.0,0.815,0.889,0.852,0.8699943881845741,0.8539271999080528,5.691249999999999,0.7588333333333332
0.5833333333333334,1.7142857142857142,14.0,24.0,20.0,1.0,20.0,50.0,1.018,1.111,1.0645,1.0874929852307176,1.1014403172757057,5.691249999999999,0.9485416666666665
0.5833333333333334,1.7142857142857142,14.0,24.0,20.0,1.0,20.0,60.0,1.223,1.333,1.278,1.3049915822768612,1.3652556977910446,5.691249999999999,1.13825
0.5384615384615384,1.8571428571428572,14.0,26.0,20.0,1.0,16.0,10.0,0.246,0.269,0.2575,0.2648155578077291,0.2411320475529809,5.6531952662721885,0.23168833058492574
0.5384615384615384,1.8571428571428572,14.0,26.0,20.0,1.0,16.0,20.0,0.493,0.537,0.515,0.5296311156154582,0.4983170700624891,5.6531952662721885,0.4633766611698515
0.5384615384615384,1.8571428571428572,14.0,26.0,20.0,1.0,16.0,30.0,0.732,0.807,0.7695000000000001,0.7944466734231873,0.7732133162949137,5.6531952662721885,0.6950649917547772
0.5384615384615384,1.8571428571428572,14.0,26.0,20.0,1.0,16.0,40.0,0.992,1.074,1.033,1.0592622312309163,1.0677155725641951,5.6531952662721885,0.926753322339703
0.5384615384615384,1.8571428571428572,14.0,26.0,20.0,1.0,16.0,50.0,1.219,1.344,1.2815,1.3240777890386455,1.3839988978862006,5.6531952662721885,1.1584416529246286
0.5384615384615384,1.8571428571428572,14.0,26.0,20.0,1.0,16.0,60.0,1.464,1.615,1.5394999999999999,1.5888933468463746,1.7245724355687106,5.6531952662721885,1.3901299835095544
0.5384615384615384,1.8571428571428572,14.0,26.0,20.0,1.0,18.0,10.0,0.222,0.242,0.23199999999999998,0.23755513273928638,0.21559467882170788,5.6531952662721885,0.20783806126000692
0.5384615384615384,1.8571428571428572,14.0,26.0,20.0,1.0,18.0,20.0,0.438,0.483,0.4605,0.47511026547857277,0.44397708665924673,5.6531952662721885,0.41567612252001385
0.5384615384615384,1.8571428571428572,14.0,26.0,20.0,1.0,18.0,30.0,0.653,0.724,0.6885,0.7126653982178591,0.6863197286048076,5.6531952662721885,0.6235141837800208
0.5384615384615384,1.8571428571428572,14.0,26.0,20.0,1.0,18.0,40.0,0.874,0.966,0.9199999999999999,0.9502205309571455,0.9439429713243886,5.6531952662721885,0.8313522450400277
0.5384615384615384,1.8571428571428572,14.0,26.0,20.0,1.0,18.0,50.0,1.082,1.204,1.143,1.187775663696432,1.2183391098573009,5.6531952662721885,1.0391903063000345
0.5384615384615384,1.8571428571428572,14.0,26.0,20.0,1.0,18.0,60.0,1.302,1.448,1.375,1.4253307964357183,1.5112012932879884,5.6531952662721885,1.2470283675600415
0.5384615384615384,1.8571428571428572,14.0,26.0,20.0,1.0,20.0,10.0,0.199,0.22,0.20950000000000002,0.21538332035028632,0.19494843867056302,5.6531952662721885,0.18843984220907295
0.5384615384615384,1.8571428571428572,14.0,26.0,20.0,1.0,20.0,20.0,0.398,0.44,0.41900000000000004,0.43076664070057263,0.4003230567881173,5.6531952662721885,0.3768796844181459
0.5384615384615384,1.8571428571428572,14.0,26.0,20.0,1.0,20.0,30.0,0.604,0.656,0.63,0.646149961050859,0.6169832504941629,5.6531952662721885,0.5653195266272188
0.5384615384615384,1.8571428571428572,14.0,26.0,20.0,1.0,20.0,40.0,0.795,0.879,0.837,0.8615332814011453,0.8458855339518958,5.6531952662721885,0.7537593688362918
0.5384615384615384,1.8571428571428572,14.0,26.0,20.0,1.0,20.0,50.0,0.985,1.093,1.039,1.0769166017514318,1.0880976570001546,5.6531952662721885,0.9421992110453646
0.5384615384615384,1.8571428571428572,14.0,26.0,20.0,1.0,20.0,60.0,1.209,1.312,1.2605,1.292299922101718,1.344815259220481,5.6531952662721885,1.1306390532544377
0.5,2.0,14.0,28.0,20.0,1.0,16.0,10.0,0.245,0.267,0.256,0.26258634349125193,0.24057846998077417,5.62,0.23032786885245904
0.5,2.0,14.0,28.0,20.0,1.0,16.0,20.0,0.49,0.534,0.512,0.5251726869825039,0.49595866693247487,5.62,0.4606557377049181
0.5,2.0,14.0,28.0,20.0,1.0,16.0,30.0,0.734,0.802,0.768,0.7877590304737558,0.7675499744014993,5.62,0.690983606557377
0.5,2.0,14.0,28.0,20.0,1.0,16.0,40.0,0.979,1.067,1.023,1.0503453739650077,1.0569465718540811,5.62,0.9213114754098362
0.5,2.0,14.0,28.0,20.0,1.0,16.0,50.0,1.207,1.333,1.27,1.3129317174562598,1.3659587487888738,5.62,1.151639344262295
0.5,2.0,14.0,28.0,20.0,1.0,16.0,60.0,1.469,1.605,1.537,1.5755180609475117,1.696650809719204,5.62,1.381967213114754
0.5,2.0,14.0,28.0,20.0,1.0,18.0,10.0,0.218,0.24,0.22899999999999998,0.23555539636715248,0.21515203918733372,5.62,0.20661764705882354
0.5,2.0,14.0,28.0,20.0,1.0,18.0,20.0,0.436,0.48,0.45799999999999996,0.47111079273430495,0.44210402609109467,5.62,0.4132352941176471
0.5,2.0,14.0,28.0,20.0,1.0,18.0,30.0,0.656,0.718,0.687,0.7066661891014574,0.6818540782153424,5.62,0.6198529411764706
0.5,2.0,14.0,28.0,20.0,1.0,18.0,40.0,0.872,0.96,0.9159999999999999,0.9422215854686099,0.9355161489454159,5.62,0.8264705882352942
0.5,2.0,14.0,28.0,20.0,1.0,18.0,50.0,1.107,1.198,1.1524999999999999,1.1777769818357624,1.2043373337353687,5.62,1.0330882352941178
0.5,2.0,14.0,28.0,20.0,1.0,18.0,60.0,1.311,1.435,1.373,1.4133323782029148,1.489718374569821,5.62,1.2397058823529412
0.5,2.0,14.0,28.0,20.0,1.0,20.0,10.0,0.2,0.217,0.20850000000000002,0.2135702260395516,0.19458644652891977,5.62,0.18733333333333335
0.5,2.0,14.0,28.0,20.0,1.0,20.0,20.0,0.401,0.433,0.41700000000000004,0.4271404520791032,0.39879959310807717,5.62,0.3746666666666667
0.5,2.0,14.0,28.0,20.0,1.0,20.0,30.0,0.595,0.652,0.6234999999999999,0.6407106781186548,0.6133719462589279,5.62,0.5619999999999999
0.5,2.0,14.0,28.0,20.0,1.0,20.0,40.0,0.802,0.867,0.8345,0.8542809041582063,0.8391122628298353,5.62,0.7493333333333334
0.5,2.0,14.0,28.0,20.0,1.0,20.0,50.0,1.004,1.086,1.045,1.067851130197758,1.0769157366975584,5.62,0.9366666666666666
0.5,2.0,14.0,28.0,20.0,1.0,20.0,60.0,1.19,1.304,1.2469999999999999,1.2814213562373096,1.3277758633780947,5.62,1.1239999999999999
0.4666666666666667,2.142857142857143,14.0,30.0,20.0,1.0,16.0,10.0,0.243,0.264,0.2535,0.2606543577503051,0.24010075465852096,5.5908,0.2291311475409836
0.4666666666666667,2.142857142857143,14.0,30.0,20.0,1.0,16.0,20.0,0.485,0.528,0.5065,0.5213087155006102,0.49393270093978314,5.5908,0.4582622950819672
0.4666666666666667,2.142857142857143,14.0,30.0,20.0,1.0,16.0,30.0,0.724,0.795,0.7595000000000001,0.7819630732509153,0.7627084280454685,5.5908,0.6873934426229508
0.4666666666666667,2.142857142857143,14.0,30.0,20.0,1.0,16.0,40.0,0.97,1.056,1.013,1.0426174310012204,1.04778763236309,5.5908,0.9165245901639344
0.4666666666666667,2.142857142857143,14.0,30.0,20.0,1.0,16.0,50.0,1.208,1.319,1.2635,1.3032717887515255,1.350700123393666,5.5908,1.145655737704918
0.4666666666666667,2.142857142857143,14.0,30.0,20.0,1.0,16.0,60.0,1.447,1.591,1.5190000000000001,1.5639261465018306,1.6731732865250615,5.5908,1.3747868852459015
0.4666666666666667,2.142857142857143,14.0,30.0,20.0,1.0,18.0,10.0,0.215,0.237,0.22599999999999998,0.2338222915113031,0.21476988577642242,5.5908,0.20554411764705882
0.4666666666666667,2.142857142857143,14.0,30.0,20.0,1.0,18.0,20.0,0.431,0.474,0.4525,0.4676445830226062,0.4404934442189002,5.5908,0.41108823529411764
0.4666666666666667,2.142857142857143,14.0,30.0,20.0,1.0,18.0,30.0,0.646,0.71,0.6779999999999999,0.7014668745339092,0.6780305912099303,5.5908,0.6166323529411765
0.4666666666666667,2.142857142857143,14.0,30.0,20.0,1.0,18.0,40.0,0.862,0.948,0.905,0.9352891660452124,0.9283336713642827,5.5908,0.8221764705882353
0.4666666666666667,2.142857142857143,14.0,30.0,20.0,1.0,18.0,50.0,1.083,1.184,1.1335,1.1691114575565156,1.1924602194142417,5.5908,1.027720588235294
0.4666666666666667,2.142857142857143,14.0,30.0,20.0,1.0,18.0,60.0,1.292,1.421,1.3565,1.4029337490678184,1.4715878959523414,5.5908,1.233264705882353
0.4666666666666667,2.142857142857143,14.0,30.0,20.0,1.0,20.0,10.0,0.195,0.215,0.20500000000000002,0.2119988776369148,0.19427380567919436,5.5908,0.18636
0.4666666666666667,2.142857142857143,14.0,30.0,20.0,1.0,20.0,20.0,0.39,0.43,0.41000000000000003,0.4239977552738296,0.3974886064298355,5.5908,0.37272
0.4666666666666667,2.142857142857143,14.0,30.0,20.0,1.0,20.0,30.0,0.588,0.645,0.6165,0.6359966329107444,0.6102761725328228,5.5908,0.5590799999999999
0.4666666666666667,2.142857142857143,14.0,30.0,20.0,1.0,20.0,40.0,0.78,0.86,0.8200000000000001,0.8479955105476592,0.8333292311492683,5.5908,0.74544
0.4666666666666667,2.142857142857143,14.0,30.0,20.0,1.0,20.0,50.0,0.974,1.072,1.0230000000000001,1.0599943881845741,1.067408999885066,5.5908,0.9317999999999999
0.4666666666666667,2.142857142857143,14.0,30.0,20.0,1.0,20.0,60.0,1.176,1.29,1.233,1.2719932658214887,1.313353865945413,5.5908,1.1181599999999998
